ISO-10303-21;
HEADER;
/* Generated by software containing ST-Developer
 * from STEP Tools, Inc. (www.steptools.com) 
 */
/* OPTION: using custom renumber hook */

FILE_DESCRIPTION(
/* description */ ('STEP AP242 Edition 2',
'CAx-IF Rec.Pracs.---Representation and Presentation of Product Manufa
cturing Information (PMI)---4.0---2014-10-13',
'CAx-IF Rec.Pracs.---3D Tessellated Geometry---0.4---2014-09-14','2;1',
'CAx-IF Rec.Pracs.---User Defined Attributes---1.5---2016-08-15'),
/* implementation_level */ '2;1');

FILE_NAME(
/* name */ '6a870ef6d014271cb2eaacce',
/* time_stamp */ '2026-08-20T14:28:07Z',
/* author */ (''),
/* organization */ (''),
/* preprocessor_version */ 'ST-DEVELOPER v20',
/* originating_system */ 'ONSHAPE BY PTC INC, 1.219',
/* authorisation */ '  ');

FILE_SCHEMA (('AP242_MANAGED_MODEL_BASED_3D_ENGINEERING_MIM_LF { 1 0 10303 442 3 1 4 }'));
ENDSEC;

DATA;
#10=SPHERICAL_SURFACE('',#8191,0.001189749567274);
#11=SPHERICAL_SURFACE('',#8192,0.001189749567274);
#12=SPHERICAL_SURFACE('',#8193,0.001189749567274);
#13=SPHERICAL_SURFACE('',#8194,0.001189749567274);
#14=B_SPLINE_CURVE_WITH_KNOTS('',3,(#11630,#11631,#11632,#11633),
 .UNSPECIFIED.,.F.,.F.,(4,4),(-3.05995089989914,-2.97536174750987),
 .UNSPECIFIED.);
#15=B_SPLINE_CURVE_WITH_KNOTS('',3,(#11635,#11636,#11637,#11638),
 .UNSPECIFIED.,.F.,.F.,(4,4),(2.97536174750987,3.05995089989913),
 .UNSPECIFIED.);
#16=B_SPLINE_CURVE_WITH_KNOTS('',3,(#11642,#11643,#11644,#11645),
 .UNSPECIFIED.,.F.,.F.,(4,4),(-3.05995089989914,-2.97536174750987),
 .UNSPECIFIED.);
#17=B_SPLINE_CURVE_WITH_KNOTS('',3,(#11647,#11648,#11649,#11650),
 .UNSPECIFIED.,.F.,.F.,(4,4),(2.97536174750987,3.05995089989913),
 .UNSPECIFIED.);
#18=B_SPLINE_CURVE_WITH_KNOTS('',3,(#11654,#11655,#11656,#11657),
 .UNSPECIFIED.,.F.,.F.,(4,4),(2.97536174750996,3.05995089989924),
 .UNSPECIFIED.);
#19=B_SPLINE_CURVE_WITH_KNOTS('',3,(#11661,#11662,#11663,#11664),
 .UNSPECIFIED.,.F.,.F.,(4,4),(-3.05995089989914,-2.97536174750987),
 .UNSPECIFIED.);
#20=B_SPLINE_CURVE_WITH_KNOTS('',3,(#11666,#11667,#11668,#11669),
 .UNSPECIFIED.,.F.,.F.,(4,4),(2.97536174750987,3.05995089989913),
 .UNSPECIFIED.);
#21=B_SPLINE_CURVE_WITH_KNOTS('',3,(#11673,#11674,#11675,#11676),
 .UNSPECIFIED.,.F.,.F.,(4,4),(-3.05995089989926,-2.97536174750997),
 .UNSPECIFIED.);
#22=B_SPLINE_CURVE_WITH_KNOTS('',3,(#11680,#11681,#11682,#11683),
 .UNSPECIFIED.,.F.,.F.,(4,4),(4.83863570401327,63.826909532882),
 .UNSPECIFIED.);
#23=B_SPLINE_CURVE_WITH_KNOTS('',3,(#11685,#11686,#11687,#11688),
 .UNSPECIFIED.,.F.,.F.,(4,4),(296.173090467118,355.161364295987),
 .UNSPECIFIED.);
#24=B_SPLINE_CURVE_WITH_KNOTS('',3,(#11692,#11693,#11694,#11695),
 .UNSPECIFIED.,.F.,.F.,(4,4),(184.838635704013,243.826909532882),
 .UNSPECIFIED.);
#25=B_SPLINE_CURVE_WITH_KNOTS('',3,(#11697,#11698,#11699,#11700),
 .UNSPECIFIED.,.F.,.F.,(4,4),(296.173090467118,355.161364295987),
 .UNSPECIFIED.);
#26=B_SPLINE_CURVE_WITH_KNOTS('',3,(#11704,#11705,#11706,#11707),
 .UNSPECIFIED.,.F.,.F.,(4,4),(184.838635704013,243.826909532882),
 .UNSPECIFIED.);
#27=B_SPLINE_CURVE_WITH_KNOTS('',3,(#11709,#11710,#11711,#11712),
 .UNSPECIFIED.,.F.,.F.,(4,4),(116.173090467118,175.161364295987),
 .UNSPECIFIED.);
#28=B_SPLINE_CURVE_WITH_KNOTS('',3,(#11716,#11717,#11718,#11719),
 .UNSPECIFIED.,.F.,.F.,(4,4),(4.83863570401321,63.826909532882),
 .UNSPECIFIED.);
#29=B_SPLINE_CURVE_WITH_KNOTS('',3,(#11721,#11722,#11723,#11724),
 .UNSPECIFIED.,.F.,.F.,(4,4),(116.173090467118,175.161364295987),
 .UNSPECIFIED.);
#30=B_SPLINE_CURVE_WITH_KNOTS('',3,(#11970,#11971,#11972,#11973),
 .UNSPECIFIED.,.F.,.F.,(4,4),(3.9738043373078E-17,0.000923591870741631),
 .UNSPECIFIED.);
#31=B_SPLINE_CURVE_WITH_KNOTS('',3,(#11977,#11978,#11979,#11980),
 .UNSPECIFIED.,.F.,.F.,(4,4),(2.71582581066892E-16,0.000923915220005985),
 .UNSPECIFIED.);
#32=B_SPLINE_CURVE_WITH_KNOTS('',3,(#11986,#11987,#11988,#11989),
 .UNSPECIFIED.,.F.,.F.,(4,4),(4.14431937219305E-17,0.000923591870741565),
 .UNSPECIFIED.);
#33=B_SPLINE_CURVE_WITH_KNOTS('',3,(#11993,#11994,#11995,#11996),
 .UNSPECIFIED.,.F.,.F.,(4,4),(2.75146502385326E-16,0.000923915220005993),
 .UNSPECIFIED.);
#34=B_SPLINE_CURVE_WITH_KNOTS('',3,(#12225,#12226,#12227,#12228),
 .UNSPECIFIED.,.F.,.F.,(4,4),(0.,0.999997965804397),.UNSPECIFIED.);
#35=B_SPLINE_CURVE_WITH_KNOTS('',3,(#12377,#12378,#12379,#12380),
 .UNSPECIFIED.,.F.,.F.,(4,4),(1.66666666687361E-7,0.169999833333333),
 .UNSPECIFIED.);
#36=B_SPLINE_CURVE_WITH_KNOTS('',3,(#12388,#12389,#12390,#12391),
 .UNSPECIFIED.,.F.,.F.,(4,4),(1.66666666687361E-7,0.169999833333333),
 .UNSPECIFIED.);
#37=B_SPLINE_CURVE_WITH_KNOTS('',3,(#12415,#12416,#12417,#12418),
 .UNSPECIFIED.,.F.,.F.,(4,4),(0.,0.169999833333333),.UNSPECIFIED.);
#38=B_SPLINE_CURVE_WITH_KNOTS('',3,(#12426,#12427,#12428,#12429),
 .UNSPECIFIED.,.F.,.F.,(4,4),(1.66666666633151E-7,0.169999833333333),
 .UNSPECIFIED.);
#39=B_SPLINE_CURVE_WITH_KNOTS('',3,(#12477,#12478,#12479,#12480),
 .UNSPECIFIED.,.F.,.F.,(4,4),(0.,1.),.UNSPECIFIED.);
#40=B_SPLINE_CURVE_WITH_KNOTS('',3,(#12484,#12485,#12486,#12487),
 .UNSPECIFIED.,.F.,.F.,(4,4),(0.,1.),.UNSPECIFIED.);
#41=B_SPLINE_CURVE_WITH_KNOTS('',3,(#12491,#12492,#12493,#12494),
 .UNSPECIFIED.,.F.,.F.,(4,4),(0.,1.),.UNSPECIFIED.);
#42=B_SPLINE_CURVE_WITH_KNOTS('',3,(#12498,#12499,#12500,#12501),
 .UNSPECIFIED.,.F.,.F.,(4,4),(0.,1.),.UNSPECIFIED.);
#43=B_SPLINE_CURVE_WITH_KNOTS('',3,(#12505,#12506,#12507,#12508),
 .UNSPECIFIED.,.F.,.F.,(4,4),(0.,1.),.UNSPECIFIED.);
#44=B_SPLINE_CURVE_WITH_KNOTS('',3,(#12512,#12513,#12514,#12515),
 .UNSPECIFIED.,.F.,.F.,(4,4),(0.,1.),.UNSPECIFIED.);
#45=B_SPLINE_CURVE_WITH_KNOTS('',3,(#12527,#12528,#12529,#12530),
 .UNSPECIFIED.,.F.,.F.,(4,4),(0.,1.),.UNSPECIFIED.);
#46=B_SPLINE_CURVE_WITH_KNOTS('',3,(#12534,#12535,#12536,#12537),
 .UNSPECIFIED.,.F.,.F.,(4,4),(0.,1.),.UNSPECIFIED.);
#47=B_SPLINE_CURVE_WITH_KNOTS('',3,(#12541,#12542,#12543,#12544),
 .UNSPECIFIED.,.F.,.F.,(4,4),(0.,1.),.UNSPECIFIED.);
#48=B_SPLINE_CURVE_WITH_KNOTS('',3,(#12548,#12549,#12550,#12551),
 .UNSPECIFIED.,.F.,.F.,(4,4),(0.,1.),.UNSPECIFIED.);
#49=B_SPLINE_CURVE_WITH_KNOTS('',3,(#12555,#12556,#12557,#12558),
 .UNSPECIFIED.,.F.,.F.,(4,4),(0.,1.),.UNSPECIFIED.);
#50=B_SPLINE_CURVE_WITH_KNOTS('',3,(#12562,#12563,#12564,#12565),
 .UNSPECIFIED.,.F.,.F.,(4,4),(0.,1.),.UNSPECIFIED.);
#51=B_SPLINE_CURVE_WITH_KNOTS('',3,(#12577,#12578,#12579,#12580),
 .UNSPECIFIED.,.F.,.F.,(4,4),(0.,1.),.UNSPECIFIED.);
#52=B_SPLINE_CURVE_WITH_KNOTS('',3,(#12584,#12585,#12586,#12587),
 .UNSPECIFIED.,.F.,.F.,(4,4),(0.,1.),.UNSPECIFIED.);
#53=B_SPLINE_CURVE_WITH_KNOTS('',3,(#12591,#12592,#12593,#12594),
 .UNSPECIFIED.,.F.,.F.,(4,4),(0.,1.),.UNSPECIFIED.);
#54=B_SPLINE_CURVE_WITH_KNOTS('',3,(#12598,#12599,#12600,#12601),
 .UNSPECIFIED.,.F.,.F.,(4,4),(0.,1.),.UNSPECIFIED.);
#55=B_SPLINE_CURVE_WITH_KNOTS('',3,(#12605,#12606,#12607,#12608),
 .UNSPECIFIED.,.F.,.F.,(4,4),(0.,1.),.UNSPECIFIED.);
#56=B_SPLINE_CURVE_WITH_KNOTS('',3,(#12612,#12613,#12614,#12615),
 .UNSPECIFIED.,.F.,.F.,(4,4),(0.,1.),.UNSPECIFIED.);
#57=B_SPLINE_CURVE_WITH_KNOTS('',3,(#12619,#12620,#12621,#12622),
 .UNSPECIFIED.,.F.,.F.,(4,4),(0.,1.),.UNSPECIFIED.);
#58=B_SPLINE_CURVE_WITH_KNOTS('',3,(#12626,#12627,#12628,#12629),
 .UNSPECIFIED.,.F.,.F.,(4,4),(0.,1.),.UNSPECIFIED.);
#59=B_SPLINE_CURVE_WITH_KNOTS('',3,(#12633,#12634,#12635,#12636),
 .UNSPECIFIED.,.F.,.F.,(4,4),(0.,1.),.UNSPECIFIED.);
#60=B_SPLINE_CURVE_WITH_KNOTS('',3,(#12640,#12641,#12642,#12643),
 .UNSPECIFIED.,.F.,.F.,(4,4),(0.,1.),.UNSPECIFIED.);
#61=B_SPLINE_CURVE_WITH_KNOTS('',3,(#12651,#12652,#12653,#12654),
 .UNSPECIFIED.,.F.,.F.,(4,4),(0.,1.),.UNSPECIFIED.);
#62=B_SPLINE_CURVE_WITH_KNOTS('',3,(#12666,#12667,#12668,#12669),
 .UNSPECIFIED.,.F.,.F.,(4,4),(1.66666666714466E-7,0.169999833333333),
 .UNSPECIFIED.);
#63=B_SPLINE_CURVE_WITH_KNOTS('',3,(#12673,#12674,#12675,#12676),
 .UNSPECIFIED.,.F.,.F.,(4,4),(0.,1.),.UNSPECIFIED.);
#64=B_SPLINE_CURVE_WITH_KNOTS('',3,(#12680,#12681,#12682,#12683),
 .UNSPECIFIED.,.F.,.F.,(4,4),(0.,1.),.UNSPECIFIED.);
#65=B_SPLINE_CURVE_WITH_KNOTS('',3,(#12687,#12688,#12689,#12690),
 .UNSPECIFIED.,.F.,.F.,(4,4),(0.,1.),.UNSPECIFIED.);
#66=B_SPLINE_CURVE_WITH_KNOTS('',3,(#12694,#12695,#12696,#12697),
 .UNSPECIFIED.,.F.,.F.,(4,4),(0.,1.),.UNSPECIFIED.);
#67=B_SPLINE_CURVE_WITH_KNOTS('',3,(#12701,#12702,#12703,#12704),
 .UNSPECIFIED.,.F.,.F.,(4,4),(0.,1.),.UNSPECIFIED.);
#68=B_SPLINE_CURVE_WITH_KNOTS('',3,(#12708,#12709,#12710,#12711),
 .UNSPECIFIED.,.F.,.F.,(4,4),(1.66666666687361E-7,0.169999833333333),
 .UNSPECIFIED.);
#69=B_SPLINE_CURVE_WITH_KNOTS('',3,(#12735,#12736,#12737,#12738),
 .UNSPECIFIED.,.F.,.F.,(4,4),(0.,0.17),.UNSPECIFIED.);
#70=B_SPLINE_CURVE_WITH_KNOTS('',3,(#12740,#12741,#12742,#12743),
 .UNSPECIFIED.,.F.,.F.,(4,4),(1.99375434610504E-6,1.),.UNSPECIFIED.);
#71=B_SPLINE_CURVE_WITH_KNOTS('',3,(#12749,#12750,#12751,#12752),
 .UNSPECIFIED.,.F.,.F.,(4,4),(0.,0.169999833333333),.UNSPECIFIED.);
#72=B_SPLINE_CURVE_WITH_KNOTS('',3,(#12764,#12765,#12766,#12767),
 .UNSPECIFIED.,.F.,.F.,(4,4),(1.66666666606046E-7,0.169999833333333),
 .UNSPECIFIED.);
#73=B_SPLINE_CURVE_WITH_KNOTS('',3,(#12771,#12772,#12773,#12774),
 .UNSPECIFIED.,.F.,.F.,(4,4),(0.,1.),.UNSPECIFIED.);
#74=B_SPLINE_CURVE_WITH_KNOTS('',3,(#12778,#12779,#12780,#12781),
 .UNSPECIFIED.,.F.,.F.,(4,4),(1.66666666687361E-7,0.169999833333333),
 .UNSPECIFIED.);
#75=B_SPLINE_CURVE_WITH_KNOTS('',3,(#12801,#12802,#12803,#12804),
 .UNSPECIFIED.,.F.,.F.,(4,4),(1.66666666822886E-7,0.169999833333333),
 .UNSPECIFIED.);
#76=B_SPLINE_CURVE_WITH_KNOTS('',3,(#12812,#12813,#12814,#12815),
 .UNSPECIFIED.,.F.,.F.,(4,4),(1.6666666663315E-7,0.169999833333333),
 .UNSPECIFIED.);
#77=B_SPLINE_CURVE_WITH_KNOTS('',3,(#12835,#12836,#12837,#12838),
 .UNSPECIFIED.,.F.,.F.,(4,4),(1.66666666687361E-7,0.169999833333333),
 .UNSPECIFIED.);
#78=B_SPLINE_CURVE_WITH_KNOTS('',3,(#12846,#12847,#12848,#12849),
 .UNSPECIFIED.,.F.,.F.,(4,4),(1.66666666687361E-7,0.169999833333333),
 .UNSPECIFIED.);
#79=B_SPLINE_CURVE_WITH_KNOTS('',3,(#12889,#12890,#12891,#12892),
 .UNSPECIFIED.,.F.,.F.,(4,4),(0.,1.),.UNSPECIFIED.);
#80=B_SPLINE_CURVE_WITH_KNOTS('',3,(#12900,#12901,#12902,#12903),
 .UNSPECIFIED.,.F.,.F.,(4,4),(0.,1.),.UNSPECIFIED.);
#81=B_SPLINE_CURVE_WITH_KNOTS('',3,(#12907,#12908,#12909,#12910),
 .UNSPECIFIED.,.F.,.F.,(4,4),(0.,1.),.UNSPECIFIED.);
#82=B_SPLINE_CURVE_WITH_KNOTS('',3,(#12914,#12915,#12916,#12917),
 .UNSPECIFIED.,.F.,.F.,(4,4),(0.,1.),.UNSPECIFIED.);
#83=B_SPLINE_CURVE_WITH_KNOTS('',3,(#12921,#12922,#12923,#12924),
 .UNSPECIFIED.,.F.,.F.,(4,4),(0.,1.),.UNSPECIFIED.);
#84=B_SPLINE_CURVE_WITH_KNOTS('',3,(#12928,#12929,#12930,#12931),
 .UNSPECIFIED.,.F.,.F.,(4,4),(0.,1.),.UNSPECIFIED.);
#85=B_SPLINE_CURVE_WITH_KNOTS('',3,(#12935,#12936,#12937,#12938),
 .UNSPECIFIED.,.F.,.F.,(4,4),(0.,1.),.UNSPECIFIED.);
#86=B_SPLINE_CURVE_WITH_KNOTS('',3,(#12950,#12951,#12952,#12953),
 .UNSPECIFIED.,.F.,.F.,(4,4),(0.,1.),.UNSPECIFIED.);
#87=B_SPLINE_CURVE_WITH_KNOTS('',3,(#12957,#12958,#12959,#12960),
 .UNSPECIFIED.,.F.,.F.,(4,4),(0.,1.),.UNSPECIFIED.);
#88=B_SPLINE_CURVE_WITH_KNOTS('',3,(#13307,#13308,#13309,#13310),
 .UNSPECIFIED.,.F.,.F.,(4,4),(0.,1.),.UNSPECIFIED.);
#89=B_SPLINE_CURVE_WITH_KNOTS('',3,(#13312,#13313,#13314,#13315),
 .UNSPECIFIED.,.F.,.F.,(4,4),(0.,1.),.UNSPECIFIED.);
#90=B_SPLINE_CURVE_WITH_KNOTS('',3,(#13319,#13320,#13321,#13322),
 .UNSPECIFIED.,.F.,.F.,(4,4),(0.,1.),.UNSPECIFIED.);
#91=B_SPLINE_CURVE_WITH_KNOTS('',3,(#13330,#13331,#13332,#13333),
 .UNSPECIFIED.,.F.,.F.,(4,4),(0.,1.),.UNSPECIFIED.);
#92=B_SPLINE_CURVE_WITH_KNOTS('',3,(#13337,#13338,#13339,#13340),
 .UNSPECIFIED.,.F.,.F.,(4,4),(0.,1.),.UNSPECIFIED.);
#93=B_SPLINE_CURVE_WITH_KNOTS('',3,(#13348,#13349,#13350,#13351),
 .UNSPECIFIED.,.F.,.F.,(4,4),(0.,1.),.UNSPECIFIED.);
#94=B_SPLINE_CURVE_WITH_KNOTS('',3,(#13355,#13356,#13357,#13358),
 .UNSPECIFIED.,.F.,.F.,(4,4),(0.,1.),.UNSPECIFIED.);
#95=B_SPLINE_CURVE_WITH_KNOTS('',3,(#13366,#13367,#13368,#13369),
 .UNSPECIFIED.,.F.,.F.,(4,4),(0.,1.),.UNSPECIFIED.);
#96=B_SPLINE_CURVE_WITH_KNOTS('',3,(#13381,#13382,#13383,#13384),
 .UNSPECIFIED.,.F.,.F.,(4,4),(0.,1.),.UNSPECIFIED.);
#97=B_SPLINE_CURVE_WITH_KNOTS('',3,(#13388,#13389,#13390,#13391),
 .UNSPECIFIED.,.F.,.F.,(4,4),(0.,1.),.UNSPECIFIED.);
#98=B_SPLINE_CURVE_WITH_KNOTS('',3,(#13395,#13396,#13397,#13398),
 .UNSPECIFIED.,.F.,.F.,(4,4),(0.,1.),.UNSPECIFIED.);
#99=B_SPLINE_CURVE_WITH_KNOTS('',3,(#13402,#13403,#13404,#13405),
 .UNSPECIFIED.,.F.,.F.,(4,4),(0.,1.),.UNSPECIFIED.);
#100=B_SPLINE_CURVE_WITH_KNOTS('',3,(#13409,#13410,#13411,#13412),
 .UNSPECIFIED.,.F.,.F.,(4,4),(0.,1.),.UNSPECIFIED.);
#101=B_SPLINE_CURVE_WITH_KNOTS('',3,(#13416,#13417,#13418,#13419),
 .UNSPECIFIED.,.F.,.F.,(4,4),(0.,1.),.UNSPECIFIED.);
#102=B_SPLINE_CURVE_WITH_KNOTS('',3,(#13423,#13424,#13425,#13426),
 .UNSPECIFIED.,.F.,.F.,(4,4),(0.,1.),.UNSPECIFIED.);
#103=B_SPLINE_CURVE_WITH_KNOTS('',3,(#13430,#13431,#13432,#13433),
 .UNSPECIFIED.,.F.,.F.,(4,4),(0.,1.),.UNSPECIFIED.);
#104=B_SPLINE_CURVE_WITH_KNOTS('',3,(#13437,#13438,#13439,#13440),
 .UNSPECIFIED.,.F.,.F.,(4,4),(0.,1.),.UNSPECIFIED.);
#105=B_SPLINE_CURVE_WITH_KNOTS('',3,(#13444,#13445,#13446,#13447),
 .UNSPECIFIED.,.F.,.F.,(4,4),(0.,1.),.UNSPECIFIED.);
#106=B_SPLINE_CURVE_WITH_KNOTS('',3,(#13451,#13452,#13453,#13454),
 .UNSPECIFIED.,.F.,.F.,(4,4),(0.,1.),.UNSPECIFIED.);
#107=B_SPLINE_CURVE_WITH_KNOTS('',3,(#13458,#13459,#13460,#13461),
 .UNSPECIFIED.,.F.,.F.,(4,4),(0.,1.),.UNSPECIFIED.);
#108=B_SPLINE_CURVE_WITH_KNOTS('',3,(#13465,#13466,#13467,#13468),
 .UNSPECIFIED.,.F.,.F.,(4,4),(0.,1.),.UNSPECIFIED.);
#109=B_SPLINE_CURVE_WITH_KNOTS('',3,(#13472,#13473,#13474,#13475),
 .UNSPECIFIED.,.F.,.F.,(4,4),(0.,1.),.UNSPECIFIED.);
#110=B_SPLINE_CURVE_WITH_KNOTS('',3,(#13491,#13492,#13493,#13494),
 .UNSPECIFIED.,.F.,.F.,(4,4),(0.,1.),.UNSPECIFIED.);
#111=B_SPLINE_CURVE_WITH_KNOTS('',3,(#13498,#13499,#13500,#13501),
 .UNSPECIFIED.,.F.,.F.,(4,4),(0.,1.),.UNSPECIFIED.);
#112=B_SPLINE_CURVE_WITH_KNOTS('',3,(#13505,#13506,#13507,#13508),
 .UNSPECIFIED.,.F.,.F.,(4,4),(0.,1.),.UNSPECIFIED.);
#113=B_SPLINE_CURVE_WITH_KNOTS('',3,(#13512,#13513,#13514,#13515),
 .UNSPECIFIED.,.F.,.F.,(4,4),(0.,1.),.UNSPECIFIED.);
#114=B_SPLINE_CURVE_WITH_KNOTS('',3,(#13519,#13520,#13521,#13522),
 .UNSPECIFIED.,.F.,.F.,(4,4),(0.,1.),.UNSPECIFIED.);
#115=B_SPLINE_CURVE_WITH_KNOTS('',3,(#13526,#13527,#13528,#13529),
 .UNSPECIFIED.,.F.,.F.,(4,4),(0.,1.),.UNSPECIFIED.);
#116=B_SPLINE_CURVE_WITH_KNOTS('',3,(#13533,#13534,#13535,#13536),
 .UNSPECIFIED.,.F.,.F.,(4,4),(0.,1.),.UNSPECIFIED.);
#117=B_SPLINE_CURVE_WITH_KNOTS('',3,(#13540,#13541,#13542,#13543),
 .UNSPECIFIED.,.F.,.F.,(4,4),(0.,1.),.UNSPECIFIED.);
#118=B_SPLINE_CURVE_WITH_KNOTS('',3,(#13547,#13548,#13549,#13550),
 .UNSPECIFIED.,.F.,.F.,(4,4),(0.,1.),.UNSPECIFIED.);
#119=B_SPLINE_CURVE_WITH_KNOTS('',3,(#13554,#13555,#13556,#13557),
 .UNSPECIFIED.,.F.,.F.,(4,4),(0.,1.),.UNSPECIFIED.);
#120=B_SPLINE_CURVE_WITH_KNOTS('',3,(#13561,#13562,#13563,#13564),
 .UNSPECIFIED.,.F.,.F.,(4,4),(0.,1.),.UNSPECIFIED.);
#121=B_SPLINE_CURVE_WITH_KNOTS('',3,(#13568,#13569,#13570,#13571),
 .UNSPECIFIED.,.F.,.F.,(4,4),(0.,1.),.UNSPECIFIED.);
#122=B_SPLINE_CURVE_WITH_KNOTS('',3,(#13579,#13580,#13581,#13582),
 .UNSPECIFIED.,.F.,.F.,(4,4),(0.,1.),.UNSPECIFIED.);
#123=B_SPLINE_CURVE_WITH_KNOTS('',3,(#13594,#13595,#13596,#13597),
 .UNSPECIFIED.,.F.,.F.,(4,4),(0.,1.),.UNSPECIFIED.);
#124=B_SPLINE_CURVE_WITH_KNOTS('',3,(#13601,#13602,#13603,#13604),
 .UNSPECIFIED.,.F.,.F.,(4,4),(0.,1.),.UNSPECIFIED.);
#125=B_SPLINE_CURVE_WITH_KNOTS('',3,(#13608,#13609,#13610,#13611),
 .UNSPECIFIED.,.F.,.F.,(4,4),(0.,1.),.UNSPECIFIED.);
#126=B_SPLINE_CURVE_WITH_KNOTS('',3,(#13615,#13616,#13617,#13618),
 .UNSPECIFIED.,.F.,.F.,(4,4),(0.,1.),.UNSPECIFIED.);
#127=B_SPLINE_CURVE_WITH_KNOTS('',3,(#13622,#13623,#13624,#13625),
 .UNSPECIFIED.,.F.,.F.,(4,4),(0.,1.),.UNSPECIFIED.);
#128=B_SPLINE_CURVE_WITH_KNOTS('',3,(#13629,#13630,#13631,#13632),
 .UNSPECIFIED.,.F.,.F.,(4,4),(0.,1.),.UNSPECIFIED.);
#129=B_SPLINE_CURVE_WITH_KNOTS('',3,(#13636,#13637,#13638,#13639),
 .UNSPECIFIED.,.F.,.F.,(4,4),(0.,1.),.UNSPECIFIED.);
#130=B_SPLINE_CURVE_WITH_KNOTS('',3,(#13643,#13644,#13645,#13646),
 .UNSPECIFIED.,.F.,.F.,(4,4),(0.,1.),.UNSPECIFIED.);
#131=B_SPLINE_CURVE_WITH_KNOTS('',3,(#13650,#13651,#13652,#13653),
 .UNSPECIFIED.,.F.,.F.,(4,4),(0.,1.),.UNSPECIFIED.);
#132=B_SPLINE_CURVE_WITH_KNOTS('',3,(#13657,#13658,#13659,#13660),
 .UNSPECIFIED.,.F.,.F.,(4,4),(0.,1.),.UNSPECIFIED.);
#133=B_SPLINE_CURVE_WITH_KNOTS('',3,(#13664,#13665,#13666,#13667),
 .UNSPECIFIED.,.F.,.F.,(4,4),(0.,1.),.UNSPECIFIED.);
#134=B_SPLINE_CURVE_WITH_KNOTS('',3,(#13671,#13672,#13673,#13674),
 .UNSPECIFIED.,.F.,.F.,(4,4),(0.,1.),.UNSPECIFIED.);
#135=B_SPLINE_CURVE_WITH_KNOTS('',3,(#13678,#13679,#13680,#13681),
 .UNSPECIFIED.,.F.,.F.,(4,4),(0.,1.),.UNSPECIFIED.);
#136=B_SPLINE_CURVE_WITH_KNOTS('',3,(#13685,#13686,#13687,#13688),
 .UNSPECIFIED.,.F.,.F.,(4,4),(0.,1.),.UNSPECIFIED.);
#137=B_SPLINE_CURVE_WITH_KNOTS('',3,(#13704,#13705,#13706,#13707),
 .UNSPECIFIED.,.F.,.F.,(4,4),(0.,1.),.UNSPECIFIED.);
#138=B_SPLINE_CURVE_WITH_KNOTS('',3,(#13711,#13712,#13713,#13714),
 .UNSPECIFIED.,.F.,.F.,(4,4),(0.,1.),.UNSPECIFIED.);
#139=B_SPLINE_CURVE_WITH_KNOTS('',3,(#13718,#13719,#13720,#13721),
 .UNSPECIFIED.,.F.,.F.,(4,4),(0.,1.),.UNSPECIFIED.);
#140=B_SPLINE_CURVE_WITH_KNOTS('',3,(#13725,#13726,#13727,#13728),
 .UNSPECIFIED.,.F.,.F.,(4,4),(0.,1.),.UNSPECIFIED.);
#141=B_SPLINE_CURVE_WITH_KNOTS('',3,(#13732,#13733,#13734,#13735),
 .UNSPECIFIED.,.F.,.F.,(4,4),(0.,1.),.UNSPECIFIED.);
#142=B_SPLINE_CURVE_WITH_KNOTS('',3,(#13739,#13740,#13741,#13742),
 .UNSPECIFIED.,.F.,.F.,(4,4),(0.,1.),.UNSPECIFIED.);
#143=B_SPLINE_CURVE_WITH_KNOTS('',3,(#13746,#13747,#13748,#13749),
 .UNSPECIFIED.,.F.,.F.,(4,4),(0.,1.),.UNSPECIFIED.);
#144=B_SPLINE_CURVE_WITH_KNOTS('',3,(#13753,#13754,#13755,#13756),
 .UNSPECIFIED.,.F.,.F.,(4,4),(0.,1.),.UNSPECIFIED.);
#145=B_SPLINE_CURVE_WITH_KNOTS('',3,(#13760,#13761,#13762,#13763),
 .UNSPECIFIED.,.F.,.F.,(4,4),(0.,1.),.UNSPECIFIED.);
#146=B_SPLINE_CURVE_WITH_KNOTS('',3,(#13767,#13768,#13769,#13770),
 .UNSPECIFIED.,.F.,.F.,(4,4),(0.,1.),.UNSPECIFIED.);
#147=B_SPLINE_CURVE_WITH_KNOTS('',3,(#13774,#13775,#13776,#13777),
 .UNSPECIFIED.,.F.,.F.,(4,4),(0.,1.),.UNSPECIFIED.);
#148=B_SPLINE_CURVE_WITH_KNOTS('',3,(#13781,#13782,#13783,#13784),
 .UNSPECIFIED.,.F.,.F.,(4,4),(0.,1.),.UNSPECIFIED.);
#149=B_SPLINE_CURVE_WITH_KNOTS('',3,(#13792,#13793,#13794,#13795),
 .UNSPECIFIED.,.F.,.F.,(4,4),(0.,1.),.UNSPECIFIED.);
#150=B_SPLINE_CURVE_WITH_KNOTS('',3,(#13805,#13806,#13807,#13808),
 .UNSPECIFIED.,.F.,.F.,(4,4),(0.,1.),.UNSPECIFIED.);
#151=B_SPLINE_CURVE_WITH_KNOTS('',3,(#13818,#13819,#13820,#13821),
 .UNSPECIFIED.,.F.,.F.,(4,4),(0.,1.),.UNSPECIFIED.);
#152=B_SPLINE_CURVE_WITH_KNOTS('',3,(#13825,#13826,#13827,#13828),
 .UNSPECIFIED.,.F.,.F.,(4,4),(1.66666666578941E-7,0.179999833333333),
 .UNSPECIFIED.);
#153=B_SPLINE_CURVE_WITH_KNOTS('',3,(#13832,#13833,#13834,#13835),
 .UNSPECIFIED.,.F.,.F.,(4,4),(1.66666666578941E-7,0.179999833333333),
 .UNSPECIFIED.);
#154=B_SPLINE_CURVE_WITH_KNOTS('',3,(#13839,#13840,#13841,#13842),
 .UNSPECIFIED.,.F.,.F.,(4,4),(0.,1.),.UNSPECIFIED.);
#155=B_SPLINE_CURVE_WITH_KNOTS('',3,(#13846,#13847,#13848,#13849),
 .UNSPECIFIED.,.F.,.F.,(4,4),(0.,1.),.UNSPECIFIED.);
#156=B_SPLINE_CURVE_WITH_KNOTS('',3,(#13853,#13854,#13855,#13856),
 .UNSPECIFIED.,.F.,.F.,(4,4),(0.,1.),.UNSPECIFIED.);
#157=B_SPLINE_CURVE_WITH_KNOTS('',3,(#13860,#13861,#13862,#13863),
 .UNSPECIFIED.,.F.,.F.,(4,4),(0.,1.),.UNSPECIFIED.);
#158=B_SPLINE_CURVE_WITH_KNOTS('',3,(#13867,#13868,#13869,#13870),
 .UNSPECIFIED.,.F.,.F.,(4,4),(0.,1.),.UNSPECIFIED.);
#159=B_SPLINE_CURVE_WITH_KNOTS('',3,(#13898,#13899,#13900,#13901),
 .UNSPECIFIED.,.F.,.F.,(4,4),(0.,1.),.UNSPECIFIED.);
#160=B_SPLINE_CURVE_WITH_KNOTS('',3,(#13909,#13910,#13911,#13912),
 .UNSPECIFIED.,.F.,.F.,(4,4),(0.,1.),.UNSPECIFIED.);
#161=B_SPLINE_CURVE_WITH_KNOTS('',3,(#13916,#13917,#13918,#13919),
 .UNSPECIFIED.,.F.,.F.,(4,4),(0.,1.),.UNSPECIFIED.);
#162=B_SPLINE_CURVE_WITH_KNOTS('',3,(#13927,#13928,#13929,#13930),
 .UNSPECIFIED.,.F.,.F.,(4,4),(0.,1.),.UNSPECIFIED.);
#163=B_SPLINE_CURVE_WITH_KNOTS('',3,(#13934,#13935,#13936,#13937),
 .UNSPECIFIED.,.F.,.F.,(4,4),(0.,1.),.UNSPECIFIED.);
#164=B_SPLINE_CURVE_WITH_KNOTS('',3,(#13941,#13942,#13943,#13944),
 .UNSPECIFIED.,.F.,.F.,(4,4),(0.,1.),.UNSPECIFIED.);
#165=B_SPLINE_CURVE_WITH_KNOTS('',3,(#13948,#13949,#13950,#13951),
 .UNSPECIFIED.,.F.,.F.,(4,4),(0.,1.),.UNSPECIFIED.);
#166=B_SPLINE_CURVE_WITH_KNOTS('',3,(#13967,#13968,#13969,#13970),
 .UNSPECIFIED.,.F.,.F.,(4,4),(1.66666666578941E-7,0.179999749999999),
 .UNSPECIFIED.);
#167=B_SPLINE_CURVE_WITH_KNOTS('',3,(#13974,#13975,#13976,#13977),
 .UNSPECIFIED.,.F.,.F.,(4,4),(0.,1.),.UNSPECIFIED.);
#168=B_SPLINE_CURVE_WITH_KNOTS('',3,(#13981,#13982,#13983,#13984),
 .UNSPECIFIED.,.F.,.F.,(4,4),(0.,1.),.UNSPECIFIED.);
#169=B_SPLINE_CURVE_WITH_KNOTS('',3,(#13988,#13989,#13990,#13991),
 .UNSPECIFIED.,.F.,.F.,(4,4),(0.,1.),.UNSPECIFIED.);
#170=B_SPLINE_CURVE_WITH_KNOTS('',3,(#13999,#14000,#14001,#14002),
 .UNSPECIFIED.,.F.,.F.,(4,4),(1.66666665711579E-7,0.179999750001878),
 .UNSPECIFIED.);
#171=B_SPLINE_CURVE_WITH_KNOTS('',3,(#14014,#14015,#14016,#14017),
 .UNSPECIFIED.,.F.,.F.,(4,4),(1.66666667446303E-7,0.179999833333333),
 .UNSPECIFIED.);
#172=B_SPLINE_CURVE_WITH_KNOTS('',3,(#14021,#14022,#14023,#14024),
 .UNSPECIFIED.,.F.,.F.,(4,4),(0.,1.),.UNSPECIFIED.);
#173=B_SPLINE_CURVE_WITH_KNOTS('',3,(#14028,#14029,#14030,#14031),
 .UNSPECIFIED.,.F.,.F.,(4,4),(0.,1.),.UNSPECIFIED.);
#174=B_SPLINE_CURVE_WITH_KNOTS('',3,(#14035,#14036,#14037,#14038),
 .UNSPECIFIED.,.F.,.F.,(4,4),(0.,1.),.UNSPECIFIED.);
#175=B_SPLINE_CURVE_WITH_KNOTS('',3,(#14042,#14043,#14044,#14045),
 .UNSPECIFIED.,.F.,.F.,(4,4),(0.,1.),.UNSPECIFIED.);
#176=B_SPLINE_CURVE_WITH_KNOTS('',3,(#14049,#14050,#14051,#14052),
 .UNSPECIFIED.,.F.,.F.,(4,4),(1.66666665711579E-7,0.179999833333333),
 .UNSPECIFIED.);
#177=B_SPLINE_CURVE_WITH_KNOTS('',3,(#14064,#14065,#14066,#14067),
 .UNSPECIFIED.,.F.,.F.,(4,4),(1.66666667446303E-7,0.179999833333333),
 .UNSPECIFIED.);
#178=B_SPLINE_CURVE_WITH_KNOTS('',3,(#14071,#14072,#14073,#14074),
 .UNSPECIFIED.,.F.,.F.,(4,4),(0.,1.),.UNSPECIFIED.);
#179=B_SPLINE_CURVE_WITH_KNOTS('',3,(#14078,#14079,#14080,#14081),
 .UNSPECIFIED.,.F.,.F.,(4,4),(0.,1.),.UNSPECIFIED.);
#180=B_SPLINE_CURVE_WITH_KNOTS('',3,(#14089,#14090,#14091,#14092),
 .UNSPECIFIED.,.F.,.F.,(4,4),(0.,1.),.UNSPECIFIED.);
#181=B_SPLINE_CURVE_WITH_KNOTS('',3,(#14096,#14097,#14098,#14099),
 .UNSPECIFIED.,.F.,.F.,(4,4),(0.,1.),.UNSPECIFIED.);
#182=B_SPLINE_CURVE_WITH_KNOTS('',3,(#14103,#14104,#14105,#14106),
 .UNSPECIFIED.,.F.,.F.,(4,4),(0.,1.),.UNSPECIFIED.);
#183=B_SPLINE_CURVE_WITH_KNOTS('',3,(#14156,#14157,#14158,#14159),
 .UNSPECIFIED.,.F.,.F.,(4,4),(1.66666666633151E-7,0.169999750002529),
 .UNSPECIFIED.);
#184=B_SPLINE_CURVE_WITH_KNOTS('',3,(#14167,#14168,#14169,#14170),
 .UNSPECIFIED.,.F.,.F.,(4,4),(1.66666666687361E-7,0.169999750001326),
 .UNSPECIFIED.);
#185=B_SPLINE_CURVE_WITH_KNOTS('',3,(#14174,#14175,#14176,#14177),
 .UNSPECIFIED.,.F.,.F.,(4,4),(0.,1.),.UNSPECIFIED.);
#186=B_SPLINE_CURVE_WITH_KNOTS('',3,(#14181,#14182,#14183,#14184),
 .UNSPECIFIED.,.F.,.F.,(4,4),(0.,1.),.UNSPECIFIED.);
#187=B_SPLINE_CURVE_WITH_KNOTS('',3,(#14188,#14189,#14190,#14191),
 .UNSPECIFIED.,.F.,.F.,(4,4),(0.,1.),.UNSPECIFIED.);
#188=B_SPLINE_CURVE_WITH_KNOTS('',3,(#14195,#14196,#14197,#14198),
 .UNSPECIFIED.,.F.,.F.,(4,4),(0.,1.),.UNSPECIFIED.);
#189=B_SPLINE_CURVE_WITH_KNOTS('',3,(#14206,#14207,#14208,#14209),
 .UNSPECIFIED.,.F.,.F.,(4,4),(0.,1.),.UNSPECIFIED.);
#190=B_SPLINE_CURVE_WITH_KNOTS('',3,(#14213,#14214,#14215,#14216),
 .UNSPECIFIED.,.F.,.F.,(4,4),(0.,1.),.UNSPECIFIED.);
#191=B_SPLINE_CURVE_WITH_KNOTS('',3,(#14220,#14221,#14222,#14223),
 .UNSPECIFIED.,.F.,.F.,(4,4),(0.,1.),.UNSPECIFIED.);
#192=B_SPLINE_CURVE_WITH_KNOTS('',3,(#14227,#14228,#14229,#14230),
 .UNSPECIFIED.,.F.,.F.,(4,4),(0.,1.),.UNSPECIFIED.);
#193=B_SPLINE_CURVE_WITH_KNOTS('',3,(#14238,#14239,#14240,#14241),
 .UNSPECIFIED.,.F.,.F.,(4,4),(0.,1.),.UNSPECIFIED.);
#194=B_SPLINE_CURVE_WITH_KNOTS('',3,(#14314,#14315,#14316,#14317),
 .UNSPECIFIED.,.F.,.F.,(4,4),(0.,1.),.UNSPECIFIED.);
#195=B_SPLINE_CURVE_WITH_KNOTS('',3,(#14318,#14319,#14320,#14321),
 .UNSPECIFIED.,.F.,.F.,(4,4),(0.,1.),.UNSPECIFIED.);
#196=B_SPLINE_CURVE_WITH_KNOTS('',3,(#14325,#14326,#14327,#14328),
 .UNSPECIFIED.,.F.,.F.,(4,4),(0.,1.),.UNSPECIFIED.);
#197=B_SPLINE_CURVE_WITH_KNOTS('',3,(#14332,#14333,#14334,#14335),
 .UNSPECIFIED.,.F.,.F.,(4,4),(0.,1.),.UNSPECIFIED.);
#198=B_SPLINE_CURVE_WITH_KNOTS('',3,(#14339,#14340,#14341,#14342),
 .UNSPECIFIED.,.F.,.F.,(4,4),(0.,1.),.UNSPECIFIED.);
#199=B_SPLINE_CURVE_WITH_KNOTS('',3,(#14346,#14347,#14348,#14349),
 .UNSPECIFIED.,.F.,.F.,(4,4),(0.,1.),.UNSPECIFIED.);
#200=B_SPLINE_CURVE_WITH_KNOTS('',3,(#14353,#14354,#14355,#14356),
 .UNSPECIFIED.,.F.,.F.,(4,4),(0.,1.),.UNSPECIFIED.);
#201=B_SPLINE_CURVE_WITH_KNOTS('',3,(#14364,#14365,#14366,#14367),
 .UNSPECIFIED.,.F.,.F.,(4,4),(0.,1.),.UNSPECIFIED.);
#202=B_SPLINE_CURVE_WITH_KNOTS('',3,(#14371,#14372,#14373,#14374),
 .UNSPECIFIED.,.F.,.F.,(4,4),(0.,1.),.UNSPECIFIED.);
#203=B_SPLINE_CURVE_WITH_KNOTS('',3,(#14378,#14379,#14380,#14381),
 .UNSPECIFIED.,.F.,.F.,(4,4),(0.,1.),.UNSPECIFIED.);
#204=B_SPLINE_CURVE_WITH_KNOTS('',3,(#14385,#14386,#14387,#14388),
 .UNSPECIFIED.,.F.,.F.,(4,4),(0.,1.),.UNSPECIFIED.);
#205=B_SPLINE_CURVE_WITH_KNOTS('',3,(#14396,#14397,#14398,#14399),
 .UNSPECIFIED.,.F.,.F.,(4,4),(0.,1.),.UNSPECIFIED.);
#206=B_SPLINE_CURVE_WITH_KNOTS('',3,(#14403,#14404,#14405,#14406),
 .UNSPECIFIED.,.F.,.F.,(4,4),(1.66666667446303E-7,0.179999833333333),
 .UNSPECIFIED.);
#207=B_SPLINE_CURVE_WITH_KNOTS('',3,(#14410,#14411,#14412,#14413),
 .UNSPECIFIED.,.F.,.F.,(4,4),(0.,1.),.UNSPECIFIED.);
#208=B_SPLINE_CURVE_WITH_KNOTS('',3,(#14417,#14418,#14419,#14420),
 .UNSPECIFIED.,.F.,.F.,(4,4),(0.,1.),.UNSPECIFIED.);
#209=B_SPLINE_CURVE_WITH_KNOTS('',3,(#14424,#14425,#14426,#14427),
 .UNSPECIFIED.,.F.,.F.,(4,4),(0.,1.),.UNSPECIFIED.);
#210=B_SPLINE_CURVE_WITH_KNOTS('',3,(#14431,#14432,#14433,#14434),
 .UNSPECIFIED.,.F.,.F.,(4,4),(0.,1.),.UNSPECIFIED.);
#211=B_SPLINE_CURVE_WITH_KNOTS('',3,(#14438,#14439,#14440,#14441),
 .UNSPECIFIED.,.F.,.F.,(4,4),(0.,1.),.UNSPECIFIED.);
#212=B_SPLINE_CURVE_WITH_KNOTS('',3,(#14445,#14446,#14447,#14448),
 .UNSPECIFIED.,.F.,.F.,(4,4),(0.,1.),.UNSPECIFIED.);
#213=B_SPLINE_CURVE_WITH_KNOTS('',3,(#14452,#14453,#14454,#14455),
 .UNSPECIFIED.,.F.,.F.,(4,4),(0.,1.),.UNSPECIFIED.);
#214=B_SPLINE_CURVE_WITH_KNOTS('',3,(#14467,#14468,#14469,#14470),
 .UNSPECIFIED.,.F.,.F.,(4,4),(1.66666667446303E-7,0.179999833333333),
 .UNSPECIFIED.);
#215=B_SPLINE_CURVE_WITH_KNOTS('',3,(#14478,#14479,#14480,#14481),
 .UNSPECIFIED.,.F.,.F.,(4,4),(1.66666665711579E-7,0.179999833333332),
 .UNSPECIFIED.);
#216=B_SPLINE_CURVE_WITH_KNOTS('',3,(#14536,#14537,#14538,#14539),
 .UNSPECIFIED.,.F.,.F.,(4,4),(1.66666666578941E-7,0.179999833333333),
 .UNSPECIFIED.);
#217=B_SPLINE_CURVE_WITH_KNOTS('',3,(#14543,#14544,#14545,#14546),
 .UNSPECIFIED.,.F.,.F.,(4,4),(0.,1.),.UNSPECIFIED.);
#218=B_SPLINE_CURVE_WITH_KNOTS('',3,(#14550,#14551,#14552,#14553),
 .UNSPECIFIED.,.F.,.F.,(4,4),(1.66666666578941E-7,0.179999833333333),
 .UNSPECIFIED.);
#219=B_SPLINE_CURVE_WITH_KNOTS('',3,(#14565,#14566,#14567,#14568),
 .UNSPECIFIED.,.F.,.F.,(4,4),(1.66666666578941E-7,0.179999833333333),
 .UNSPECIFIED.);
#220=B_SPLINE_CURVE_WITH_KNOTS('',3,(#14572,#14573,#14574,#14575),
 .UNSPECIFIED.,.F.,.F.,(4,4),(0.,1.),.UNSPECIFIED.);
#221=B_SPLINE_CURVE_WITH_KNOTS('',3,(#14579,#14580,#14581,#14582),
 .UNSPECIFIED.,.F.,.F.,(4,4),(0.,1.),.UNSPECIFIED.);
#222=B_SPLINE_CURVE_WITH_KNOTS('',3,(#14586,#14587,#14588,#14589),
 .UNSPECIFIED.,.F.,.F.,(4,4),(0.,1.),.UNSPECIFIED.);
#223=B_SPLINE_CURVE_WITH_KNOTS('',3,(#14593,#14594,#14595,#14596),
 .UNSPECIFIED.,.F.,.F.,(4,4),(0.,1.),.UNSPECIFIED.);
#224=B_SPLINE_CURVE_WITH_KNOTS('',3,(#14600,#14601,#14602,#14603),
 .UNSPECIFIED.,.F.,.F.,(4,4),(0.,1.),.UNSPECIFIED.);
#225=B_SPLINE_CURVE_WITH_KNOTS('',3,(#14607,#14608,#14609,#14610),
 .UNSPECIFIED.,.F.,.F.,(4,4),(0.,1.),.UNSPECIFIED.);
#226=B_SPLINE_CURVE_WITH_KNOTS('',3,(#14614,#14615,#14616,#14617),
 .UNSPECIFIED.,.F.,.F.,(4,4),(1.66666666578941E-7,0.179999833333333),
 .UNSPECIFIED.);
#227=B_SPLINE_CURVE_WITH_KNOTS('',3,(#14644,#14645,#14646,#14647),
 .UNSPECIFIED.,.F.,.F.,(4,4),(1.66666666578941E-7,0.179999750001492),
 .UNSPECIFIED.);
#228=B_SPLINE_CURVE_WITH_KNOTS('',3,(#14655,#14656,#14657,#14658),
 .UNSPECIFIED.,.F.,.F.,(4,4),(1.66666667446303E-7,0.179999750001716),
 .UNSPECIFIED.);
#229=B_SPLINE_CURVE_WITH_KNOTS('',3,(#14662,#14663,#14664,#14665),
 .UNSPECIFIED.,.F.,.F.,(4,4),(0.,1.),.UNSPECIFIED.);
#230=B_SPLINE_CURVE_WITH_KNOTS('',3,(#14669,#14670,#14671,#14672),
 .UNSPECIFIED.,.F.,.F.,(4,4),(0.,1.),.UNSPECIFIED.);
#231=B_SPLINE_CURVE_WITH_KNOTS('',3,(#14676,#14677,#14678,#14679),
 .UNSPECIFIED.,.F.,.F.,(4,4),(0.,1.),.UNSPECIFIED.);
#232=B_SPLINE_CURVE_WITH_KNOTS('',3,(#14683,#14684,#14685,#14686),
 .UNSPECIFIED.,.F.,.F.,(4,4),(0.,1.),.UNSPECIFIED.);
#233=LINE('',#11617,#704);
#234=LINE('',#11619,#705);
#235=LINE('',#11621,#706);
#236=LINE('',#11622,#707);
#237=LINE('',#11624,#708);
#238=LINE('',#11625,#709);
#239=LINE('',#11627,#710);
#240=LINE('',#11628,#711);
#241=LINE('',#11678,#712);
#242=LINE('',#11690,#713);
#243=LINE('',#11702,#714);
#244=LINE('',#11714,#715);
#245=LINE('',#11733,#716);
#246=LINE('',#11736,#717);
#247=LINE('',#11738,#718);
#248=LINE('',#11742,#719);
#249=LINE('',#11746,#720);
#250=LINE('',#11748,#721);
#251=LINE('',#11750,#722);
#252=LINE('',#11752,#723);
#253=LINE('',#11754,#724);
#254=LINE('',#11758,#725);
#255=LINE('',#11762,#726);
#256=LINE('',#11764,#727);
#257=LINE('',#11768,#728);
#258=LINE('',#11772,#729);
#259=LINE('',#11776,#730);
#260=LINE('',#11780,#731);
#261=LINE('',#11784,#732);
#262=LINE('',#11788,#733);
#263=LINE('',#11792,#734);
#264=LINE('',#11796,#735);
#265=LINE('',#11798,#736);
#266=LINE('',#11802,#737);
#267=LINE('',#11806,#738);
#268=LINE('',#11807,#739);
#269=LINE('',#11810,#740);
#270=LINE('',#11812,#741);
#271=LINE('',#11814,#742);
#272=LINE('',#11818,#743);
#273=LINE('',#11822,#744);
#274=LINE('',#11824,#745);
#275=LINE('',#11826,#746);
#276=LINE('',#11827,#747);
#277=LINE('',#11829,#748);
#278=LINE('',#11831,#749);
#279=LINE('',#11833,#750);
#280=LINE('',#11835,#751);
#281=LINE('',#11837,#752);
#282=LINE('',#11838,#753);
#283=LINE('',#11840,#754);
#284=LINE('',#11842,#755);
#285=LINE('',#11844,#756);
#286=LINE('',#11846,#757);
#287=LINE('',#11848,#758);
#288=LINE('',#11850,#759);
#289=LINE('',#11853,#760);
#290=LINE('',#11855,#761);
#291=LINE('',#11856,#762);
#292=LINE('',#11860,#763);
#293=LINE('',#11864,#764);
#294=LINE('',#11866,#765);
#295=LINE('',#11868,#766);
#296=LINE('',#11870,#767);
#297=LINE('',#11872,#768);
#298=LINE('',#11876,#769);
#299=LINE('',#11880,#770);
#300=LINE('',#11882,#771);
#301=LINE('',#11884,#772);
#302=LINE('',#11886,#773);
#303=LINE('',#11888,#774);
#304=LINE('',#11890,#775);
#305=LINE('',#11892,#776);
#306=LINE('',#11896,#777);
#307=LINE('',#11904,#778);
#308=LINE('',#11908,#779);
#309=LINE('',#11910,#780);
#310=LINE('',#11912,#781);
#311=LINE('',#11914,#782);
#312=LINE('',#11918,#783);
#313=LINE('',#11920,#784);
#314=LINE('',#11922,#785);
#315=LINE('',#11926,#786);
#316=LINE('',#11928,#787);
#317=LINE('',#11930,#788);
#318=LINE('',#11934,#789);
#319=LINE('',#11936,#790);
#320=LINE('',#11938,#791);
#321=LINE('',#11942,#792);
#322=LINE('',#11944,#793);
#323=LINE('',#11946,#794);
#324=LINE('',#11950,#795);
#325=LINE('',#11952,#796);
#326=LINE('',#11954,#797);
#327=LINE('',#11958,#798);
#328=LINE('',#11960,#799);
#329=LINE('',#11962,#800);
#330=LINE('',#11966,#801);
#331=LINE('',#11968,#802);
#332=LINE('',#11975,#803);
#333=LINE('',#11982,#804);
#334=LINE('',#11984,#805);
#335=LINE('',#11991,#806);
#336=LINE('',#11998,#807);
#337=LINE('',#12002,#808);
#338=LINE('',#12006,#809);
#339=LINE('',#12008,#810);
#340=LINE('',#12010,#811);
#341=LINE('',#12012,#812);
#342=LINE('',#12014,#813);
#343=LINE('',#12016,#814);
#344=LINE('',#12018,#815);
#345=LINE('',#12020,#816);
#346=LINE('',#12022,#817);
#347=LINE('',#12024,#818);
#348=LINE('',#12026,#819);
#349=LINE('',#12030,#820);
#350=LINE('',#12032,#821);
#351=LINE('',#12034,#822);
#352=LINE('',#12040,#823);
#353=LINE('',#12048,#824);
#354=LINE('',#12056,#825);
#355=LINE('',#12058,#826);
#356=LINE('',#12066,#827);
#357=LINE('',#12072,#828);
#358=LINE('',#12074,#829);
#359=LINE('',#12076,#830);
#360=LINE('',#12082,#831);
#361=LINE('',#12090,#832);
#362=LINE('',#12093,#833);
#363=LINE('',#12095,#834);
#364=LINE('',#12101,#835);
#365=LINE('',#12103,#836);
#366=LINE('',#12105,#837);
#367=LINE('',#12107,#838);
#368=LINE('',#12109,#839);
#369=LINE('',#12111,#840);
#370=LINE('',#12117,#841);
#371=LINE('',#12119,#842);
#372=LINE('',#12121,#843);
#373=LINE('',#12122,#844);
#374=LINE('',#12125,#845);
#375=LINE('',#12127,#846);
#376=LINE('',#12129,#847);
#377=LINE('',#12131,#848);
#378=LINE('',#12133,#849);
#379=LINE('',#12135,#850);
#380=LINE('',#12137,#851);
#381=LINE('',#12153,#852);
#382=LINE('',#12169,#853);
#383=LINE('',#12197,#854);
#384=LINE('',#12198,#855);
#385=LINE('',#12213,#856);
#386=LINE('',#12215,#857);
#387=LINE('',#12217,#858);
#388=LINE('',#12219,#859);
#389=LINE('',#12220,#860);
#390=LINE('',#12223,#861);
#391=LINE('',#12232,#862);
#392=LINE('',#12234,#863);
#393=LINE('',#12236,#864);
#394=LINE('',#12242,#865);
#395=LINE('',#12244,#866);
#396=LINE('',#12246,#867);
#397=LINE('',#12248,#868);
#398=LINE('',#12250,#869);
#399=LINE('',#12256,#870);
#400=LINE('',#12258,#871);
#401=LINE('',#12260,#872);
#402=LINE('',#12261,#873);
#403=LINE('',#12264,#874);
#404=LINE('',#12270,#875);
#405=LINE('',#12272,#876);
#406=LINE('',#12274,#877);
#407=LINE('',#12276,#878);
#408=LINE('',#12278,#879);
#409=LINE('',#12280,#880);
#410=LINE('',#12282,#881);
#411=LINE('',#12284,#882);
#412=LINE('',#12286,#883);
#413=LINE('',#12288,#884);
#414=LINE('',#12290,#885);
#415=LINE('',#12315,#886);
#416=LINE('',#12318,#887);
#417=LINE('',#12320,#888);
#418=LINE('',#12322,#889);
#419=LINE('',#12324,#890);
#420=LINE('',#12328,#891);
#421=LINE('',#12330,#892);
#422=LINE('',#12332,#893);
#423=LINE('',#12334,#894);
#424=LINE('',#12338,#895);
#425=LINE('',#12342,#896);
#426=LINE('',#12344,#897);
#427=LINE('',#12346,#898);
#428=LINE('',#12348,#899);
#429=LINE('',#12352,#900);
#430=LINE('',#12359,#901);
#431=LINE('',#12361,#902);
#432=LINE('',#12363,#903);
#433=LINE('',#12365,#904);
#434=LINE('',#12367,#905);
#435=LINE('',#12369,#906);
#436=LINE('',#12371,#907);
#437=LINE('',#12373,#908);
#438=LINE('',#12375,#909);
#439=LINE('',#12384,#910);
#440=LINE('',#12393,#911);
#441=LINE('',#12395,#912);
#442=LINE('',#12397,#913);
#443=LINE('',#12399,#914);
#444=LINE('',#12401,#915);
#445=LINE('',#12403,#916);
#446=LINE('',#12405,#917);
#447=LINE('',#12407,#918);
#448=LINE('',#12409,#919);
#449=LINE('',#12411,#920);
#450=LINE('',#12413,#921);
#451=LINE('',#12422,#922);
#452=LINE('',#12431,#923);
#453=LINE('',#12433,#924);
#454=LINE('',#12435,#925);
#455=LINE('',#12437,#926);
#456=LINE('',#12439,#927);
#457=LINE('',#12441,#928);
#458=LINE('',#12443,#929);
#459=LINE('',#12445,#930);
#460=LINE('',#12447,#931);
#461=LINE('',#12449,#932);
#462=LINE('',#12451,#933);
#463=LINE('',#12453,#934);
#464=LINE('',#12455,#935);
#465=LINE('',#12457,#936);
#466=LINE('',#12459,#937);
#467=LINE('',#12461,#938);
#468=LINE('',#12463,#939);
#469=LINE('',#12465,#940);
#470=LINE('',#12467,#941);
#471=LINE('',#12469,#942);
#472=LINE('',#12471,#943);
#473=LINE('',#12473,#944);
#474=LINE('',#12519,#945);
#475=LINE('',#12521,#946);
#476=LINE('',#12523,#947);
#477=LINE('',#12569,#948);
#478=LINE('',#12571,#949);
#479=LINE('',#12573,#950);
#480=LINE('',#12647,#951);
#481=LINE('',#12658,#952);
#482=LINE('',#12660,#953);
#483=LINE('',#12662,#954);
#484=LINE('',#12664,#955);
#485=LINE('',#12713,#956);
#486=LINE('',#12715,#957);
#487=LINE('',#12717,#958);
#488=LINE('',#12719,#959);
#489=LINE('',#12721,#960);
#490=LINE('',#12723,#961);
#491=LINE('',#12725,#962);
#492=LINE('',#12727,#963);
#493=LINE('',#12729,#964);
#494=LINE('',#12731,#965);
#495=LINE('',#12733,#966);
#496=LINE('',#12745,#967);
#497=LINE('',#12754,#968);
#498=LINE('',#12756,#969);
#499=LINE('',#12758,#970);
#500=LINE('',#12760,#971);
#501=LINE('',#12762,#972);
#502=LINE('',#12783,#973);
#503=LINE('',#12785,#974);
#504=LINE('',#12787,#975);
#505=LINE('',#12789,#976);
#506=LINE('',#12791,#977);
#507=LINE('',#12793,#978);
#508=LINE('',#12795,#979);
#509=LINE('',#12797,#980);
#510=LINE('',#12799,#981);
#511=LINE('',#12808,#982);
#512=LINE('',#12817,#983);
#513=LINE('',#12819,#984);
#514=LINE('',#12821,#985);
#515=LINE('',#12823,#986);
#516=LINE('',#12825,#987);
#517=LINE('',#12827,#988);
#518=LINE('',#12829,#989);
#519=LINE('',#12831,#990);
#520=LINE('',#12833,#991);
#521=LINE('',#12842,#992);
#522=LINE('',#12851,#993);
#523=LINE('',#12853,#994);
#524=LINE('',#12855,#995);
#525=LINE('',#12857,#996);
#526=LINE('',#12859,#997);
#527=LINE('',#12861,#998);
#528=LINE('',#12863,#999);
#529=LINE('',#12865,#1000);
#530=LINE('',#12867,#1001);
#531=LINE('',#12869,#1002);
#532=LINE('',#12871,#1003);
#533=LINE('',#12873,#1004);
#534=LINE('',#12875,#1005);
#535=LINE('',#12877,#1006);
#536=LINE('',#12879,#1007);
#537=LINE('',#12881,#1008);
#538=LINE('',#12883,#1009);
#539=LINE('',#12885,#1010);
#540=LINE('',#12887,#1011);
#541=LINE('',#12896,#1012);
#542=LINE('',#12942,#1013);
#543=LINE('',#12946,#1014);
#544=LINE('',#12964,#1015);
#545=LINE('',#12966,#1016);
#546=LINE('',#12968,#1017);
#547=LINE('',#12970,#1018);
#548=LINE('',#12972,#1019);
#549=LINE('',#12974,#1020);
#550=LINE('',#12976,#1021);
#551=LINE('',#12978,#1022);
#552=LINE('',#13004,#1023);
#553=LINE('',#13039,#1024);
#554=LINE('',#13070,#1025);
#555=LINE('',#13105,#1026);
#556=LINE('',#13165,#1027);
#557=LINE('',#13181,#1028);
#558=LINE('',#13187,#1029);
#559=LINE('',#13190,#1030);
#560=LINE('',#13193,#1031);
#561=LINE('',#13195,#1032);
#562=LINE('',#13211,#1033);
#563=LINE('',#13213,#1034);
#564=LINE('',#13215,#1035);
#565=LINE('',#13227,#1036);
#566=LINE('',#13229,#1037);
#567=LINE('',#13231,#1038);
#568=LINE('',#13243,#1039);
#569=LINE('',#13245,#1040);
#570=LINE('',#13246,#1041);
#571=LINE('',#13249,#1042);
#572=LINE('',#13251,#1043);
#573=LINE('',#13253,#1044);
#574=LINE('',#13255,#1045);
#575=LINE('',#13257,#1046);
#576=LINE('',#13259,#1047);
#577=LINE('',#13261,#1048);
#578=LINE('',#13266,#1049);
#579=LINE('',#13269,#1050);
#580=LINE('',#13271,#1051);
#581=LINE('',#13303,#1052);
#582=LINE('',#13326,#1053);
#583=LINE('',#13344,#1054);
#584=LINE('',#13362,#1055);
#585=LINE('',#13375,#1056);
#586=LINE('',#13377,#1057);
#587=LINE('',#13379,#1058);
#588=LINE('',#13479,#1059);
#589=LINE('',#13483,#1060);
#590=LINE('',#13485,#1061);
#591=LINE('',#13487,#1062);
#592=LINE('',#13575,#1063);
#593=LINE('',#13588,#1064);
#594=LINE('',#13590,#1065);
#595=LINE('',#13592,#1066);
#596=LINE('',#13692,#1067);
#597=LINE('',#13696,#1068);
#598=LINE('',#13698,#1069);
#599=LINE('',#13700,#1070);
#600=LINE('',#13788,#1071);
#601=LINE('',#13801,#1072);
#602=LINE('',#13810,#1073);
#603=LINE('',#13814,#1074);
#604=LINE('',#13816,#1075);
#605=LINE('',#13837,#1076);
#606=LINE('',#13874,#1077);
#607=LINE('',#13878,#1078);
#608=LINE('',#13882,#1079);
#609=LINE('',#13884,#1080);
#610=LINE('',#13886,#1081);
#611=LINE('',#13890,#1082);
#612=LINE('',#13894,#1083);
#613=LINE('',#13905,#1084);
#614=LINE('',#13923,#1085);
#615=LINE('',#13957,#1086);
#616=LINE('',#13959,#1087);
#617=LINE('',#13961,#1088);
#618=LINE('',#13963,#1089);
#619=LINE('',#13965,#1090);
#620=LINE('',#13972,#1091);
#621=LINE('',#13995,#1092);
#622=LINE('',#14006,#1093);
#623=LINE('',#14008,#1094);
#624=LINE('',#14010,#1095);
#625=LINE('',#14012,#1096);
#626=LINE('',#14019,#1097);
#627=LINE('',#14056,#1098);
#628=LINE('',#14058,#1099);
#629=LINE('',#14060,#1100);
#630=LINE('',#14062,#1101);
#631=LINE('',#14069,#1102);
#632=LINE('',#14085,#1103);
#633=LINE('',#14110,#1104);
#634=LINE('',#14114,#1105);
#635=LINE('',#14116,#1106);
#636=LINE('',#14118,#1107);
#637=LINE('',#14120,#1108);
#638=LINE('',#14122,#1109);
#639=LINE('',#14124,#1110);
#640=LINE('',#14126,#1111);
#641=LINE('',#14128,#1112);
#642=LINE('',#14130,#1113);
#643=LINE('',#14132,#1114);
#644=LINE('',#14134,#1115);
#645=LINE('',#14136,#1116);
#646=LINE('',#14138,#1117);
#647=LINE('',#14140,#1118);
#648=LINE('',#14142,#1119);
#649=LINE('',#14144,#1120);
#650=LINE('',#14146,#1121);
#651=LINE('',#14148,#1122);
#652=LINE('',#14150,#1123);
#653=LINE('',#14152,#1124);
#654=LINE('',#14155,#1125);
#655=LINE('',#14161,#1126);
#656=LINE('',#14163,#1127);
#657=LINE('',#14165,#1128);
#658=LINE('',#14205,#1129);
#659=LINE('',#14234,#1130);
#660=LINE('',#14245,#1131);
#661=LINE('',#14279,#1132);
#662=LINE('',#14298,#1133);
#663=LINE('',#14301,#1134);
#664=LINE('',#14307,#1135);
#665=LINE('',#14360,#1136);
#666=LINE('',#14395,#1137);
#667=LINE('',#14401,#1138);
#668=LINE('',#14459,#1139);
#669=LINE('',#14462,#1140);
#670=LINE('',#14463,#1141);
#671=LINE('',#14465,#1142);
#672=LINE('',#14474,#1143);
#673=LINE('',#14483,#1144);
#674=LINE('',#14485,#1145);
#675=LINE('',#14488,#1146);
#676=LINE('',#14504,#1147);
#677=LINE('',#14506,#1148);
#678=LINE('',#14508,#1149);
#679=LINE('',#14514,#1150);
#680=LINE('',#14516,#1151);
#681=LINE('',#14518,#1152);
#682=LINE('',#14522,#1153);
#683=LINE('',#14524,#1154);
#684=LINE('',#14526,#1155);
#685=LINE('',#14528,#1156);
#686=LINE('',#14530,#1157);
#687=LINE('',#14532,#1158);
#688=LINE('',#14534,#1159);
#689=LINE('',#14541,#1160);
#690=LINE('',#14557,#1161);
#691=LINE('',#14559,#1162);
#692=LINE('',#14561,#1163);
#693=LINE('',#14563,#1164);
#694=LINE('',#14570,#1165);
#695=LINE('',#14621,#1166);
#696=LINE('',#14623,#1167);
#697=LINE('',#14626,#1168);
#698=LINE('',#14628,#1169);
#699=LINE('',#14640,#1170);
#700=LINE('',#14643,#1171);
#701=LINE('',#14649,#1172);
#702=LINE('',#14651,#1173);
#703=LINE('',#14653,#1174);
#704=VECTOR('',#9204,1.);
#705=VECTOR('',#9205,1.);
#706=VECTOR('',#9206,1.);
#707=VECTOR('',#9207,1.);
#708=VECTOR('',#9208,1.);
#709=VECTOR('',#9209,1.);
#710=VECTOR('',#9210,1.);
#711=VECTOR('',#9211,1.);
#712=VECTOR('',#9230,1.);
#713=VECTOR('',#9235,1.);
#714=VECTOR('',#9240,1.);
#715=VECTOR('',#9245,1.);
#716=VECTOR('',#9264,1.);
#717=VECTOR('',#9265,1.);
#718=VECTOR('',#9266,1.);
#719=VECTOR('',#9269,1.);
#720=VECTOR('',#9272,1.);
#721=VECTOR('',#9273,1.);
#722=VECTOR('',#9274,1.);
#723=VECTOR('',#9275,1.);
#724=VECTOR('',#9276,1.);
#725=VECTOR('',#9279,1.);
#726=VECTOR('',#9282,1.);
#727=VECTOR('',#9283,1.);
#728=VECTOR('',#9286,1.);
#729=VECTOR('',#9289,1.);
#730=VECTOR('',#9292,1.);
#731=VECTOR('',#9295,1.);
#732=VECTOR('',#9298,1.);
#733=VECTOR('',#9301,1.);
#734=VECTOR('',#9304,1.);
#735=VECTOR('',#9307,1.);
#736=VECTOR('',#9310,1.);
#737=VECTOR('',#9313,1.);
#738=VECTOR('',#9316,1.);
#739=VECTOR('',#9317,1.);
#740=VECTOR('',#9318,1.);
#741=VECTOR('',#9319,1.);
#742=VECTOR('',#9320,1.);
#743=VECTOR('',#9323,1.);
#744=VECTOR('',#9326,1.);
#745=VECTOR('',#9329,1.);
#746=VECTOR('',#9330,1.);
#747=VECTOR('',#9331,1.);
#748=VECTOR('',#9332,1.);
#749=VECTOR('',#9333,1.);
#750=VECTOR('',#9336,1.);
#751=VECTOR('',#9337,1.);
#752=VECTOR('',#9338,1.);
#753=VECTOR('',#9339,1.);
#754=VECTOR('',#9340,1.);
#755=VECTOR('',#9343,1.);
#756=VECTOR('',#9344,1.);
#757=VECTOR('',#9345,1.);
#758=VECTOR('',#9346,1.);
#759=VECTOR('',#9349,1.);
#760=VECTOR('',#9350,1.);
#761=VECTOR('',#9351,1.);
#762=VECTOR('',#9352,1.);
#763=VECTOR('',#9357,1.);
#764=VECTOR('',#9362,1.);
#765=VECTOR('',#9365,1.);
#766=VECTOR('',#9366,1.);
#767=VECTOR('',#9369,1.);
#768=VECTOR('',#9370,1.);
#769=VECTOR('',#9375,1.);
#770=VECTOR('',#9380,1.);
#771=VECTOR('',#9383,1.);
#772=VECTOR('',#9384,1.);
#773=VECTOR('',#9385,1.);
#774=VECTOR('',#9388,1.);
#775=VECTOR('',#9389,1.);
#776=VECTOR('',#9390,1.);
#777=VECTOR('',#9395,1.);
#778=VECTOR('',#9404,1.);
#779=VECTOR('',#9407,1.);
#780=VECTOR('',#9410,1.);
#781=VECTOR('',#9411,1.);
#782=VECTOR('',#9414,1.);
#783=VECTOR('',#9419,1.);
#784=VECTOR('',#9420,1.);
#785=VECTOR('',#9423,1.);
#786=VECTOR('',#9428,1.);
#787=VECTOR('',#9429,1.);
#788=VECTOR('',#9432,1.);
#789=VECTOR('',#9437,1.);
#790=VECTOR('',#9438,1.);
#791=VECTOR('',#9441,1.);
#792=VECTOR('',#9446,1.);
#793=VECTOR('',#9447,1.);
#794=VECTOR('',#9450,1.);
#795=VECTOR('',#9455,1.);
#796=VECTOR('',#9456,1.);
#797=VECTOR('',#9459,1.);
#798=VECTOR('',#9464,1.);
#799=VECTOR('',#9465,1.);
#800=VECTOR('',#9468,1.);
#801=VECTOR('',#9473,1.);
#802=VECTOR('',#9476,1.);
#803=VECTOR('',#9477,1.);
#804=VECTOR('',#9478,1.);
#805=VECTOR('',#9481,1.);
#806=VECTOR('',#9482,1.);
#807=VECTOR('',#9483,1.);
#808=VECTOR('',#9488,1.);
#809=VECTOR('',#9493,1.);
#810=VECTOR('',#9494,1.);
#811=VECTOR('',#9495,1.);
#812=VECTOR('',#9498,1.);
#813=VECTOR('',#9499,1.);
#814=VECTOR('',#9502,1.);
#815=VECTOR('',#9503,1.);
#816=VECTOR('',#9506,1.);
#817=VECTOR('',#9507,1.);
#818=VECTOR('',#9510,1.);
#819=VECTOR('',#9511,1.);
#820=VECTOR('',#9516,1.);
#821=VECTOR('',#9519,1.);
#822=VECTOR('',#9520,1.);
#823=VECTOR('',#9529,1.);
#824=VECTOR('',#9538,1.);
#825=VECTOR('',#9547,1.);
#826=VECTOR('',#9550,1.);
#827=VECTOR('',#9559,1.);
#828=VECTOR('',#9566,1.);
#829=VECTOR('',#9569,1.);
#830=VECTOR('',#9572,1.);
#831=VECTOR('',#9579,1.);
#832=VECTOR('',#9590,1.);
#833=VECTOR('',#9591,1.);
#834=VECTOR('',#9592,1.);
#835=VECTOR('',#9597,1.);
#836=VECTOR('',#9598,1.);
#837=VECTOR('',#9599,1.);
#838=VECTOR('',#9600,1.);
#839=VECTOR('',#9601,1.);
#840=VECTOR('',#9602,1.);
#841=VECTOR('',#9607,1.);
#842=VECTOR('',#9608,1.);
#843=VECTOR('',#9609,1.);
#844=VECTOR('',#9610,1.);
#845=VECTOR('',#9611,1.);
#846=VECTOR('',#9612,1.);
#847=VECTOR('',#9613,1.);
#848=VECTOR('',#9614,1.);
#849=VECTOR('',#9615,1.);
#850=VECTOR('',#9616,1.);
#851=VECTOR('',#9617,1.);
#852=VECTOR('',#9632,1.);
#853=VECTOR('',#9647,1.);
#854=VECTOR('',#9674,1.);
#855=VECTOR('',#9675,1.);
#856=VECTOR('',#9688,1.);
#857=VECTOR('',#9689,1.);
#858=VECTOR('',#9690,1.);
#859=VECTOR('',#9691,1.);
#860=VECTOR('',#9692,1.);
#861=VECTOR('',#9693,1.);
#862=VECTOR('',#9696,1.);
#863=VECTOR('',#9697,1.);
#864=VECTOR('',#9698,1.);
#865=VECTOR('',#9703,1.);
#866=VECTOR('',#9704,1.);
#867=VECTOR('',#9705,1.);
#868=VECTOR('',#9706,1.);
#869=VECTOR('',#9707,1.);
#870=VECTOR('',#9712,1.);
#871=VECTOR('',#9713,1.);
#872=VECTOR('',#9714,1.);
#873=VECTOR('',#9715,1.);
#874=VECTOR('',#9716,1.);
#875=VECTOR('',#9721,1.);
#876=VECTOR('',#9722,1.);
#877=VECTOR('',#9723,1.);
#878=VECTOR('',#9724,1.);
#879=VECTOR('',#9725,1.);
#880=VECTOR('',#9726,1.);
#881=VECTOR('',#9727,1.);
#882=VECTOR('',#9728,1.);
#883=VECTOR('',#9729,1.);
#884=VECTOR('',#9730,1.);
#885=VECTOR('',#9731,1.);
#886=VECTOR('',#9756,1.);
#887=VECTOR('',#9757,1.);
#888=VECTOR('',#9758,1.);
#889=VECTOR('',#9759,1.);
#890=VECTOR('',#9762,1.);
#891=VECTOR('',#9765,1.);
#892=VECTOR('',#9768,1.);
#893=VECTOR('',#9769,1.);
#894=VECTOR('',#9772,1.);
#895=VECTOR('',#9777,1.);
#896=VECTOR('',#9780,1.);
#897=VECTOR('',#9783,1.);
#898=VECTOR('',#9784,1.);
#899=VECTOR('',#9787,1.);
#900=VECTOR('',#9792,1.);
#901=VECTOR('',#9805,1.);
#902=VECTOR('',#9808,1.);
#903=VECTOR('',#9809,1.);
#904=VECTOR('',#9810,1.);
#905=VECTOR('',#9813,1.);
#906=VECTOR('',#9814,1.);
#907=VECTOR('',#9817,1.);
#908=VECTOR('',#9818,1.);
#909=VECTOR('',#9821,1.);
#910=VECTOR('',#9826,1.);
#911=VECTOR('',#9833,1.);
#912=VECTOR('',#9834,1.);
#913=VECTOR('',#9837,1.);
#914=VECTOR('',#9838,1.);
#915=VECTOR('',#9841,1.);
#916=VECTOR('',#9842,1.);
#917=VECTOR('',#9845,1.);
#918=VECTOR('',#9846,1.);
#919=VECTOR('',#9849,1.);
#920=VECTOR('',#9850,1.);
#921=VECTOR('',#9853,1.);
#922=VECTOR('',#9858,1.);
#923=VECTOR('',#9865,1.);
#924=VECTOR('',#9866,1.);
#925=VECTOR('',#9869,1.);
#926=VECTOR('',#9872,1.);
#927=VECTOR('',#9873,1.);
#928=VECTOR('',#9874,1.);
#929=VECTOR('',#9877,1.);
#930=VECTOR('',#9878,1.);
#931=VECTOR('',#9881,1.);
#932=VECTOR('',#9882,1.);
#933=VECTOR('',#9885,1.);
#934=VECTOR('',#9886,1.);
#935=VECTOR('',#9889,1.);
#936=VECTOR('',#9890,1.);
#937=VECTOR('',#9893,1.);
#938=VECTOR('',#9894,1.);
#939=VECTOR('',#9897,1.);
#940=VECTOR('',#9898,1.);
#941=VECTOR('',#9901,1.);
#942=VECTOR('',#9904,1.);
#943=VECTOR('',#9905,1.);
#944=VECTOR('',#9906,1.);
#945=VECTOR('',#9935,1.);
#946=VECTOR('',#9938,1.);
#947=VECTOR('',#9939,1.);
#948=VECTOR('',#9968,1.);
#949=VECTOR('',#9971,1.);
#950=VECTOR('',#9972,1.);
#951=VECTOR('',#10017,1.);
#952=VECTOR('',#10028,1.);
#953=VECTOR('',#10029,1.);
#954=VECTOR('',#10030,1.);
#955=VECTOR('',#10033,1.);
#956=VECTOR('',#10060,1.);
#957=VECTOR('',#10061,1.);
#958=VECTOR('',#10064,1.);
#959=VECTOR('',#10065,1.);
#960=VECTOR('',#10068,1.);
#961=VECTOR('',#10071,1.);
#962=VECTOR('',#10072,1.);
#963=VECTOR('',#10073,1.);
#964=VECTOR('',#10076,1.);
#965=VECTOR('',#10077,1.);
#966=VECTOR('',#10080,1.);
#967=VECTOR('',#10083,1.);
#968=VECTOR('',#10090,1.);
#969=VECTOR('',#10091,1.);
#970=VECTOR('',#10094,1.);
#971=VECTOR('',#10095,1.);
#972=VECTOR('',#10098,1.);
#973=VECTOR('',#10109,1.);
#974=VECTOR('',#10110,1.);
#975=VECTOR('',#10113,1.);
#976=VECTOR('',#10114,1.);
#977=VECTOR('',#10117,1.);
#978=VECTOR('',#10118,1.);
#979=VECTOR('',#10121,1.);
#980=VECTOR('',#10122,1.);
#981=VECTOR('',#10125,1.);
#982=VECTOR('',#10130,1.);
#983=VECTOR('',#10137,1.);
#984=VECTOR('',#10138,1.);
#985=VECTOR('',#10141,1.);
#986=VECTOR('',#10144,1.);
#987=VECTOR('',#10145,1.);
#988=VECTOR('',#10146,1.);
#989=VECTOR('',#10149,1.);
#990=VECTOR('',#10150,1.);
#991=VECTOR('',#10153,1.);
#992=VECTOR('',#10158,1.);
#993=VECTOR('',#10165,1.);
#994=VECTOR('',#10166,1.);
#995=VECTOR('',#10169,1.);
#996=VECTOR('',#10170,1.);
#997=VECTOR('',#10173,1.);
#998=VECTOR('',#10174,1.);
#999=VECTOR('',#10177,1.);
#1000=VECTOR('',#10178,1.);
#1001=VECTOR('',#10181,1.);
#1002=VECTOR('',#10182,1.);
#1003=VECTOR('',#10185,1.);
#1004=VECTOR('',#10186,1.);
#1005=VECTOR('',#10189,1.);
#1006=VECTOR('',#10190,1.);
#1007=VECTOR('',#10193,1.);
#1008=VECTOR('',#10194,1.);
#1009=VECTOR('',#10197,1.);
#1010=VECTOR('',#10198,1.);
#1011=VECTOR('',#10201,1.);
#1012=VECTOR('',#10206,1.);
#1013=VECTOR('',#10235,1.);
#1014=VECTOR('',#10240,1.);
#1015=VECTOR('',#10255,1.);
#1016=VECTOR('',#10256,1.);
#1017=VECTOR('',#10257,1.);
#1018=VECTOR('',#10260,1.);
#1019=VECTOR('',#10261,1.);
#1020=VECTOR('',#10264,1.);
#1021=VECTOR('',#10265,1.);
#1022=VECTOR('',#10268,1.);
#1023=VECTOR('',#10295,1.);
#1024=VECTOR('',#10328,1.);
#1025=VECTOR('',#10359,1.);
#1026=VECTOR('',#10392,1.);
#1027=VECTOR('',#10451,1.);
#1028=VECTOR('',#10466,1.);
#1029=VECTOR('',#10471,1.);
#1030=VECTOR('',#10474,1.);
#1031=VECTOR('',#10475,1.);
#1032=VECTOR('',#10476,1.);
#1033=VECTOR('',#10491,1.);
#1034=VECTOR('',#10492,1.);
#1035=VECTOR('',#10493,1.);
#1036=VECTOR('',#10504,1.);
#1037=VECTOR('',#10505,1.);
#1038=VECTOR('',#10506,1.);
#1039=VECTOR('',#10517,1.);
#1040=VECTOR('',#10518,1.);
#1041=VECTOR('',#10519,1.);
#1042=VECTOR('',#10520,1.);
#1043=VECTOR('',#10521,1.);
#1044=VECTOR('',#10522,1.);
#1045=VECTOR('',#10523,1.);
#1046=VECTOR('',#10524,1.);
#1047=VECTOR('',#10525,1.);
#1048=VECTOR('',#10526,1.);
#1049=VECTOR('',#10535,1.);
#1050=VECTOR('',#10536,1.);
#1051=VECTOR('',#10537,1.);
#1052=VECTOR('',#10574,1.);
#1053=VECTOR('',#10587,1.);
#1054=VECTOR('',#10600,1.);
#1055=VECTOR('',#10613,1.);
#1056=VECTOR('',#10626,1.);
#1057=VECTOR('',#10627,1.);
#1058=VECTOR('',#10628,1.);
#1059=VECTOR('',#10687,1.);
#1060=VECTOR('',#10692,1.);
#1061=VECTOR('',#10693,1.);
#1062=VECTOR('',#10696,1.);
#1063=VECTOR('',#10749,1.);
#1064=VECTOR('',#10762,1.);
#1065=VECTOR('',#10763,1.);
#1066=VECTOR('',#10764,1.);
#1067=VECTOR('',#10823,1.);
#1068=VECTOR('',#10828,1.);
#1069=VECTOR('',#10829,1.);
#1070=VECTOR('',#10832,1.);
#1071=VECTOR('',#10885,1.);
#1072=VECTOR('',#10898,1.);
#1073=VECTOR('',#10903,1.);
#1074=VECTOR('',#10908,1.);
#1075=VECTOR('',#10909,1.);
#1076=VECTOR('',#10920,1.);
#1077=VECTOR('',#10943,1.);
#1078=VECTOR('',#10948,1.);
#1079=VECTOR('',#10953,1.);
#1080=VECTOR('',#10954,1.);
#1081=VECTOR('',#10957,1.);
#1082=VECTOR('',#10962,1.);
#1083=VECTOR('',#10967,1.);
#1084=VECTOR('',#10976,1.);
#1085=VECTOR('',#10989,1.);
#1086=VECTOR('',#11014,1.);
#1087=VECTOR('',#11015,1.);
#1088=VECTOR('',#11016,1.);
#1089=VECTOR('',#11019,1.);
#1090=VECTOR('',#11020,1.);
#1091=VECTOR('',#11023,1.);
#1092=VECTOR('',#11038,1.);
#1093=VECTOR('',#11047,1.);
#1094=VECTOR('',#11048,1.);
#1095=VECTOR('',#11051,1.);
#1096=VECTOR('',#11052,1.);
#1097=VECTOR('',#11055,1.);
#1098=VECTOR('',#11078,1.);
#1099=VECTOR('',#11079,1.);
#1100=VECTOR('',#11082,1.);
#1101=VECTOR('',#11083,1.);
#1102=VECTOR('',#11086,1.);
#1103=VECTOR('',#11097,1.);
#1104=VECTOR('',#11114,1.);
#1105=VECTOR('',#11119,1.);
#1106=VECTOR('',#11120,1.);
#1107=VECTOR('',#11123,1.);
#1108=VECTOR('',#11126,1.);
#1109=VECTOR('',#11127,1.);
#1110=VECTOR('',#11128,1.);
#1111=VECTOR('',#11131,1.);
#1112=VECTOR('',#11132,1.);
#1113=VECTOR('',#11135,1.);
#1114=VECTOR('',#11136,1.);
#1115=VECTOR('',#11139,1.);
#1116=VECTOR('',#11140,1.);
#1117=VECTOR('',#11143,1.);
#1118=VECTOR('',#11144,1.);
#1119=VECTOR('',#11147,1.);
#1120=VECTOR('',#11148,1.);
#1121=VECTOR('',#11151,1.);
#1122=VECTOR('',#11152,1.);
#1123=VECTOR('',#11155,1.);
#1124=VECTOR('',#11158,1.);
#1125=VECTOR('',#11159,1.);
#1126=VECTOR('',#11162,1.);
#1127=VECTOR('',#11163,1.);
#1128=VECTOR('',#11166,1.);
#1129=VECTOR('',#11191,1.);
#1130=VECTOR('',#11208,1.);
#1131=VECTOR('',#11217,1.);
#1132=VECTOR('',#11256,1.);
#1133=VECTOR('',#11277,1.);
#1134=VECTOR('',#11278,1.);
#1135=VECTOR('',#11283,1.);
#1136=VECTOR('',#11316,1.);
#1137=VECTOR('',#11341,1.);
#1138=VECTOR('',#11344,1.);
#1139=VECTOR('',#11379,1.);
#1140=VECTOR('',#11380,1.);
#1141=VECTOR('',#11381,1.);
#1142=VECTOR('',#11384,1.);
#1143=VECTOR('',#11389,1.);
#1144=VECTOR('',#11396,1.);
#1145=VECTOR('',#11399,1.);
#1146=VECTOR('',#11400,1.);
#1147=VECTOR('',#11415,1.);
#1148=VECTOR('',#11416,1.);
#1149=VECTOR('',#11417,1.);
#1150=VECTOR('',#11422,1.);
#1151=VECTOR('',#11423,1.);
#1152=VECTOR('',#11424,1.);
#1153=VECTOR('',#11431,1.);
#1154=VECTOR('',#11432,1.);
#1155=VECTOR('',#11433,1.);
#1156=VECTOR('',#11436,1.);
#1157=VECTOR('',#11437,1.);
#1158=VECTOR('',#11440,1.);
#1159=VECTOR('',#11441,1.);
#1160=VECTOR('',#11444,1.);
#1161=VECTOR('',#11455,1.);
#1162=VECTOR('',#11456,1.);
#1163=VECTOR('',#11459,1.);
#1164=VECTOR('',#11460,1.);
#1165=VECTOR('',#11463,1.);
#1166=VECTOR('',#11494,1.);
#1167=VECTOR('',#11497,1.);
#1168=VECTOR('',#11498,1.);
#1169=VECTOR('',#11499,1.);
#1170=VECTOR('',#11512,1.);
#1171=VECTOR('',#11513,1.);
#1172=VECTOR('',#11516,1.);
#1173=VECTOR('',#11517,1.);
#1174=VECTOR('',#11520,1.);
#1175=TOROIDAL_SURFACE('',#8147,0.001056309999757,0.001);
#1176=CONTEXT_DEPENDENT_SHAPE_REPRESENTATION(#1186,#14705);
#1177=CONTEXT_DEPENDENT_SHAPE_REPRESENTATION(#1187,#14707);
#1178=CONTEXT_DEPENDENT_SHAPE_REPRESENTATION(#1188,#14708);
#1179=CONTEXT_DEPENDENT_SHAPE_REPRESENTATION(#1189,#14709);
#1180=CONTEXT_DEPENDENT_SHAPE_REPRESENTATION(#1190,#14711);
#1181=NEXT_ASSEMBLY_USAGE_OCCURRENCE('NAUO1','fixture_003',
'fixture_003',#14712,#14713,'');
#1182=NEXT_ASSEMBLY_USAGE_OCCURRENCE('NAUO2','Pin_M_001','Pin_M_001',#14712,
#14714,'');
#1183=NEXT_ASSEMBLY_USAGE_OCCURRENCE('NAUO3','Pin_M_001','Pin_M_001',#14712,
#14714,'');
#1184=NEXT_ASSEMBLY_USAGE_OCCURRENCE('NAUO4','fixture_003',
'fixture_003',#14712,#14713,'');
#1185=NEXT_ASSEMBLY_USAGE_OCCURRENCE('NAUO5','XT30PW-M_base',
'XT30PW-M_base',#14712,#14715,'');
#1186=(
REPRESENTATION_RELATIONSHIP(' ',' ',#8125,#8124)
REPRESENTATION_RELATIONSHIP_WITH_TRANSFORMATION(#1191)
SHAPE_REPRESENTATION_RELATIONSHIP()
);
#1187=(
REPRESENTATION_RELATIONSHIP(' ',' ',#8126,#8124)
REPRESENTATION_RELATIONSHIP_WITH_TRANSFORMATION(#1192)
SHAPE_REPRESENTATION_RELATIONSHIP()
);
#1188=(
REPRESENTATION_RELATIONSHIP(' ',' ',#8126,#8124)
REPRESENTATION_RELATIONSHIP_WITH_TRANSFORMATION(#1193)
SHAPE_REPRESENTATION_RELATIONSHIP()
);
#1189=(
REPRESENTATION_RELATIONSHIP(' ',' ',#8125,#8124)
REPRESENTATION_RELATIONSHIP_WITH_TRANSFORMATION(#1194)
SHAPE_REPRESENTATION_RELATIONSHIP()
);
#1190=(
REPRESENTATION_RELATIONSHIP(' ',' ',#8127,#8124)
REPRESENTATION_RELATIONSHIP_WITH_TRANSFORMATION(#1195)
SHAPE_REPRESENTATION_RELATIONSHIP()
);
#1191=ITEM_DEFINED_TRANSFORMATION(' ',' ',#8128,#8136);
#1192=ITEM_DEFINED_TRANSFORMATION(' ',' ',#8128,#8195);
#1193=ITEM_DEFINED_TRANSFORMATION(' ',' ',#8128,#8196);
#1194=ITEM_DEFINED_TRANSFORMATION(' ',' ',#8128,#8197);
#1195=ITEM_DEFINED_TRANSFORMATION(' ',' ',#8128,#9109);
#1196=SHAPE_REPRESENTATION_RELATIONSHIP('','',#8125,#1199);
#1197=SHAPE_REPRESENTATION_RELATIONSHIP('','',#8126,#1200);
#1198=SHAPE_REPRESENTATION_RELATIONSHIP('','',#8127,#1201);
#1199=ADVANCED_BREP_SHAPE_REPRESENTATION('',(#8117),#14693);
#1200=ADVANCED_BREP_SHAPE_REPRESENTATION('',(#8118),#14694);
#1201=ADVANCED_BREP_SHAPE_REPRESENTATION('',(#8119),#14695);
#1202=PLANE('',#8134);
#1203=PLANE('',#8135);
#1204=PLANE('',#8142);
#1205=PLANE('',#8144);
#1206=PLANE('',#8151);
#1207=PLANE('',#8155);
#1208=PLANE('',#8159);
#1209=PLANE('',#8163);
#1210=PLANE('',#8174);
#1211=PLANE('',#8183);
#1212=PLANE('',#8184);
#1213=PLANE('',#8185);
#1214=PLANE('',#8186);
#1215=PLANE('',#8187);
#1216=PLANE('',#8188);
#1217=PLANE('',#8189);
#1218=PLANE('',#8190);
#1219=PLANE('',#8198);
#1220=PLANE('',#8211);
#1221=PLANE('',#8216);
#1222=PLANE('',#8217);
#1223=PLANE('',#8218);
#1224=PLANE('',#8219);
#1225=PLANE('',#8224);
#1226=PLANE('',#8225);
#1227=PLANE('',#8230);
#1228=PLANE('',#8231);
#1229=PLANE('',#8232);
#1230=PLANE('',#8239);
#1231=PLANE('',#8242);
#1232=PLANE('',#8245);
#1233=PLANE('',#8248);
#1234=PLANE('',#8251);
#1235=PLANE('',#8254);
#1236=PLANE('',#8257);
#1237=PLANE('',#8260);
#1238=PLANE('',#8263);
#1239=PLANE('',#8266);
#1240=PLANE('',#8267);
#1241=PLANE('',#8268);
#1242=PLANE('',#8269);
#1243=PLANE('',#8270);
#1244=PLANE('',#8273);
#1245=PLANE('',#8276);
#1246=PLANE('',#8280);
#1247=PLANE('',#8286);
#1248=PLANE('',#8289);
#1249=PLANE('',#8296);
#1250=PLANE('',#8303);
#1251=PLANE('',#8362);
#1252=PLANE('',#8367);
#1253=PLANE('',#8370);
#1254=PLANE('',#8371);
#1255=PLANE('',#8372);
#1256=PLANE('',#8374);
#1257=PLANE('',#8376);
#1258=PLANE('',#8377);
#1259=PLANE('',#8378);
#1260=PLANE('',#8379);
#1261=PLANE('',#8380);
#1262=PLANE('',#8385);
#1263=PLANE('',#8386);
#1264=PLANE('',#8387);
#1265=PLANE('',#8388);
#1266=PLANE('',#8389);
#1267=PLANE('',#8390);
#1268=PLANE('',#8395);
#1269=PLANE('',#8396);
#1270=PLANE('',#8397);
#1271=PLANE('',#8398);
#1272=PLANE('',#8399);
#1273=PLANE('',#8400);
#1274=PLANE('',#8401);
#1275=PLANE('',#8402);
#1276=PLANE('',#8403);
#1277=PLANE('',#8404);
#1278=PLANE('',#8405);
#1279=PLANE('',#8420);
#1280=PLANE('',#8435);
#1281=PLANE('',#8462);
#1282=PLANE('',#8463);
#1283=PLANE('',#8476);
#1284=PLANE('',#8477);
#1285=PLANE('',#8478);
#1286=PLANE('',#8479);
#1287=PLANE('',#8480);
#1288=PLANE('',#8481);
#1289=PLANE('',#8485);
#1290=PLANE('',#8486);
#1291=PLANE('',#8487);
#1292=PLANE('',#8492);
#1293=PLANE('',#8493);
#1294=PLANE('',#8494);
#1295=PLANE('',#8495);
#1296=PLANE('',#8496);
#1297=PLANE('',#8501);
#1298=PLANE('',#8502);
#1299=PLANE('',#8503);
#1300=PLANE('',#8504);
#1301=PLANE('',#8505);
#1302=PLANE('',#8510);
#1303=PLANE('',#8511);
#1304=PLANE('',#8512);
#1305=PLANE('',#8513);
#1306=PLANE('',#8514);
#1307=PLANE('',#8515);
#1308=PLANE('',#8516);
#1309=PLANE('',#8517);
#1310=PLANE('',#8518);
#1311=PLANE('',#8519);
#1312=PLANE('',#8544);
#1313=PLANE('',#8545);
#1314=PLANE('',#8546);
#1315=PLANE('',#8547);
#1316=PLANE('',#8548);
#1317=PLANE('',#8664);
#1318=PLANE('',#8665);
#1319=PLANE('',#8666);
#1320=PLANE('',#8667);
#1321=PLANE('',#8673);
#1322=PLANE('',#8674);
#1323=PLANE('',#8675);
#1324=PLANE('',#8684);
#1325=PLANE('',#8709);
#1326=PLANE('',#8740);
#1327=PLANE('',#8773);
#1328=PLANE('',#8804);
#1329=PLANE('',#8841);
#1330=PLANE('',#8846);
#1331=PLANE('',#8861);
#1332=PLANE('',#8888);
#1333=PLANE('',#8889);
#1334=PLANE('',#8890);
#1335=PLANE('',#8901);
#1336=PLANE('',#8902);
#1337=PLANE('',#8903);
#1338=PLANE('',#8914);
#1339=PLANE('',#8915);
#1340=PLANE('',#8916);
#1341=PLANE('',#8931);
#1342=PLANE('',#8932);
#1343=PLANE('',#8933);
#1344=PLANE('',#8934);
#1345=PLANE('',#8935);
#1346=PLANE('',#8936);
#1347=PLANE('',#8937);
#1348=PLANE('',#8938);
#1349=PLANE('',#8939);
#1350=PLANE('',#8940);
#1351=PLANE('',#8941);
#1352=PLANE('',#8942);
#1353=PLANE('',#8943);
#1354=PLANE('',#8970);
#1355=PLANE('',#8983);
#1356=PLANE('',#8984);
#1357=PLANE('',#8985);
#1358=PLANE('',#8995);
#1359=PLANE('',#8996);
#1360=PLANE('',#8999);
#1361=PLANE('',#9000);
#1362=PLANE('',#9027);
#1363=PLANE('',#9044);
#1364=PLANE('',#9045);
#1365=PLANE('',#9050);
#1366=PLANE('',#9051);
#1367=PLANE('',#9061);
#1368=PLANE('',#9062);
#1369=PLANE('',#9063);
#1370=PLANE('',#9064);
#1371=PLANE('',#9065);
#1372=PLANE('',#9066);
#1373=PLANE('',#9071);
#1374=PLANE('',#9072);
#1375=PLANE('',#9073);
#1376=PLANE('',#9088);
#1377=PLANE('',#9089);
#1378=PLANE('',#9095);
#1379=PLANE('',#9096);
#1380=PLANE('',#9097);
#1381=PLANE('',#9108);
#1382=CONICAL_SURFACE('',#8132,0.00045,0.785398163397);
#1383=CONICAL_SURFACE('',#8140,0.00075,0.785398163397);
#1384=CONICAL_SURFACE('',#8175,0.00106867,0.02584322023561);
#1385=CONICAL_SURFACE('',#8177,0.00106867,0.02584322023561);
#1386=CONICAL_SURFACE('',#8179,0.00106867,0.02584322023561);
#1387=CONICAL_SURFACE('',#8181,0.00106867,0.02584322023561);
#1388=ORIENTED_EDGE('',*,*,#3822,.T.);
#1389=ORIENTED_EDGE('',*,*,#3823,.F.);
#1390=ORIENTED_EDGE('',*,*,#3824,.T.);
#1391=ORIENTED_EDGE('',*,*,#3822,.F.);
#1392=ORIENTED_EDGE('',*,*,#3823,.T.);
#1393=ORIENTED_EDGE('',*,*,#3824,.F.);
#1394=ORIENTED_EDGE('',*,*,#3825,.F.);
#1395=ORIENTED_EDGE('',*,*,#3826,.T.);
#1396=ORIENTED_EDGE('',*,*,#3827,.F.);
#1397=ORIENTED_EDGE('',*,*,#3825,.T.);
#1398=ORIENTED_EDGE('',*,*,#3828,.T.);
#1399=ORIENTED_EDGE('',*,*,#3826,.F.);
#1400=ORIENTED_EDGE('',*,*,#3827,.T.);
#1401=ORIENTED_EDGE('',*,*,#3829,.F.);
#1402=ORIENTED_EDGE('',*,*,#3828,.F.);
#1403=ORIENTED_EDGE('',*,*,#3830,.T.);
#1404=ORIENTED_EDGE('',*,*,#3829,.T.);
#1405=ORIENTED_EDGE('',*,*,#3831,.T.);
#1406=ORIENTED_EDGE('',*,*,#3830,.F.);
#1407=ORIENTED_EDGE('',*,*,#3832,.F.);
#1408=ORIENTED_EDGE('',*,*,#3831,.F.);
#1409=ORIENTED_EDGE('',*,*,#3832,.T.);
#1410=ORIENTED_EDGE('',*,*,#3833,.F.);
#1411=ORIENTED_EDGE('',*,*,#3833,.T.);
#1412=ORIENTED_EDGE('',*,*,#3834,.F.);
#1413=ORIENTED_EDGE('',*,*,#3834,.T.);
#1414=ORIENTED_EDGE('',*,*,#3835,.F.);
#1415=ORIENTED_EDGE('',*,*,#3836,.F.);
#1416=ORIENTED_EDGE('',*,*,#3835,.T.);
#1417=ORIENTED_EDGE('',*,*,#3836,.T.);
#1418=ORIENTED_EDGE('',*,*,#3837,.F.);
#1419=ORIENTED_EDGE('',*,*,#3837,.T.);
#1420=ORIENTED_EDGE('',*,*,#3838,.T.);
#1421=ORIENTED_EDGE('',*,*,#3838,.F.);
#1422=ORIENTED_EDGE('',*,*,#3839,.F.);
#1423=ORIENTED_EDGE('',*,*,#3840,.F.);
#1424=ORIENTED_EDGE('',*,*,#3841,.F.);
#1425=ORIENTED_EDGE('',*,*,#3842,.F.);
#1426=ORIENTED_EDGE('',*,*,#3843,.F.);
#1427=ORIENTED_EDGE('',*,*,#3844,.F.);
#1428=ORIENTED_EDGE('',*,*,#3845,.F.);
#1429=ORIENTED_EDGE('',*,*,#3846,.F.);
#1430=ORIENTED_EDGE('',*,*,#3847,.T.);
#1431=ORIENTED_EDGE('',*,*,#3844,.T.);
#1432=ORIENTED_EDGE('',*,*,#3848,.T.);
#1433=ORIENTED_EDGE('',*,*,#3849,.T.);
#1434=ORIENTED_EDGE('',*,*,#3842,.T.);
#1435=ORIENTED_EDGE('',*,*,#3850,.T.);
#1436=ORIENTED_EDGE('',*,*,#3851,.T.);
#1437=ORIENTED_EDGE('',*,*,#3840,.T.);
#1438=ORIENTED_EDGE('',*,*,#3852,.T.);
#1439=ORIENTED_EDGE('',*,*,#3853,.T.);
#1440=ORIENTED_EDGE('',*,*,#3846,.T.);
#1441=ORIENTED_EDGE('',*,*,#3854,.T.);
#1442=ORIENTED_EDGE('',*,*,#3855,.T.);
#1443=ORIENTED_EDGE('',*,*,#3839,.T.);
#1444=ORIENTED_EDGE('',*,*,#3856,.T.);
#1445=ORIENTED_EDGE('',*,*,#3857,.F.);
#1446=ORIENTED_EDGE('',*,*,#3858,.T.);
#1447=ORIENTED_EDGE('',*,*,#3841,.T.);
#1448=ORIENTED_EDGE('',*,*,#3859,.T.);
#1449=ORIENTED_EDGE('',*,*,#3860,.F.);
#1450=ORIENTED_EDGE('',*,*,#3843,.T.);
#1451=ORIENTED_EDGE('',*,*,#3861,.T.);
#1452=ORIENTED_EDGE('',*,*,#3862,.F.);
#1453=ORIENTED_EDGE('',*,*,#3863,.T.);
#1454=ORIENTED_EDGE('',*,*,#3845,.T.);
#1455=ORIENTED_EDGE('',*,*,#3864,.T.);
#1456=ORIENTED_EDGE('',*,*,#3865,.F.);
#1457=ORIENTED_EDGE('',*,*,#3866,.T.);
#1458=ORIENTED_EDGE('',*,*,#3847,.F.);
#1459=ORIENTED_EDGE('',*,*,#3867,.T.);
#1460=ORIENTED_EDGE('',*,*,#3868,.T.);
#1461=ORIENTED_EDGE('',*,*,#3864,.F.);
#1462=ORIENTED_EDGE('',*,*,#3854,.F.);
#1463=ORIENTED_EDGE('',*,*,#3866,.F.);
#1464=ORIENTED_EDGE('',*,*,#3869,.T.);
#1465=ORIENTED_EDGE('',*,*,#3867,.F.);
#1466=ORIENTED_EDGE('',*,*,#3853,.F.);
#1467=ORIENTED_EDGE('',*,*,#3870,.T.);
#1468=ORIENTED_EDGE('',*,*,#3871,.T.);
#1469=ORIENTED_EDGE('',*,*,#3856,.F.);
#1470=ORIENTED_EDGE('',*,*,#3852,.F.);
#1471=ORIENTED_EDGE('',*,*,#3855,.F.);
#1472=ORIENTED_EDGE('',*,*,#3872,.T.);
#1473=ORIENTED_EDGE('',*,*,#3870,.F.);
#1474=ORIENTED_EDGE('',*,*,#3851,.F.);
#1475=ORIENTED_EDGE('',*,*,#3873,.T.);
#1476=ORIENTED_EDGE('',*,*,#3874,.T.);
#1477=ORIENTED_EDGE('',*,*,#3859,.F.);
#1478=ORIENTED_EDGE('',*,*,#3850,.F.);
#1479=ORIENTED_EDGE('',*,*,#3858,.F.);
#1480=ORIENTED_EDGE('',*,*,#3875,.T.);
#1481=ORIENTED_EDGE('',*,*,#3873,.F.);
#1482=ORIENTED_EDGE('',*,*,#3849,.F.);
#1483=ORIENTED_EDGE('',*,*,#3876,.T.);
#1484=ORIENTED_EDGE('',*,*,#3877,.T.);
#1485=ORIENTED_EDGE('',*,*,#3861,.F.);
#1486=ORIENTED_EDGE('',*,*,#3848,.F.);
#1487=ORIENTED_EDGE('',*,*,#3863,.F.);
#1488=ORIENTED_EDGE('',*,*,#3878,.T.);
#1489=ORIENTED_EDGE('',*,*,#3876,.F.);
#1490=ORIENTED_EDGE('',*,*,#3872,.F.);
#1491=ORIENTED_EDGE('',*,*,#3857,.T.);
#1492=ORIENTED_EDGE('',*,*,#3871,.F.);
#1493=ORIENTED_EDGE('',*,*,#3875,.F.);
#1494=ORIENTED_EDGE('',*,*,#3860,.T.);
#1495=ORIENTED_EDGE('',*,*,#3874,.F.);
#1496=ORIENTED_EDGE('',*,*,#3877,.F.);
#1497=ORIENTED_EDGE('',*,*,#3878,.F.);
#1498=ORIENTED_EDGE('',*,*,#3862,.T.);
#1499=ORIENTED_EDGE('',*,*,#3868,.F.);
#1500=ORIENTED_EDGE('',*,*,#3869,.F.);
#1501=ORIENTED_EDGE('',*,*,#3865,.T.);
#1502=ORIENTED_EDGE('',*,*,#3879,.F.);
#1503=ORIENTED_EDGE('',*,*,#3880,.T.);
#1504=ORIENTED_EDGE('',*,*,#3881,.T.);
#1505=ORIENTED_EDGE('',*,*,#3882,.F.);
#1506=ORIENTED_EDGE('',*,*,#3883,.T.);
#1507=ORIENTED_EDGE('',*,*,#3884,.F.);
#1508=ORIENTED_EDGE('',*,*,#3885,.F.);
#1509=ORIENTED_EDGE('',*,*,#3886,.T.);
#1510=ORIENTED_EDGE('',*,*,#3887,.T.);
#1511=ORIENTED_EDGE('',*,*,#3888,.F.);
#1512=ORIENTED_EDGE('',*,*,#3889,.T.);
#1513=ORIENTED_EDGE('',*,*,#3890,.F.);
#1514=ORIENTED_EDGE('',*,*,#3891,.F.);
#1515=ORIENTED_EDGE('',*,*,#3892,.F.);
#1516=ORIENTED_EDGE('',*,*,#3893,.F.);
#1517=ORIENTED_EDGE('',*,*,#3894,.F.);
#1518=ORIENTED_EDGE('',*,*,#3895,.F.);
#1519=ORIENTED_EDGE('',*,*,#3896,.T.);
#1520=ORIENTED_EDGE('',*,*,#3897,.F.);
#1521=ORIENTED_EDGE('',*,*,#3898,.T.);
#1522=ORIENTED_EDGE('',*,*,#3899,.F.);
#1523=ORIENTED_EDGE('',*,*,#3900,.T.);
#1524=ORIENTED_EDGE('',*,*,#3901,.T.);
#1525=ORIENTED_EDGE('',*,*,#3902,.T.);
#1526=ORIENTED_EDGE('',*,*,#3903,.F.);
#1527=ORIENTED_EDGE('',*,*,#3904,.F.);
#1528=ORIENTED_EDGE('',*,*,#3905,.F.);
#1529=ORIENTED_EDGE('',*,*,#3906,.F.);
#1530=ORIENTED_EDGE('',*,*,#3907,.T.);
#1531=ORIENTED_EDGE('',*,*,#3908,.F.);
#1532=ORIENTED_EDGE('',*,*,#3909,.F.);
#1533=ORIENTED_EDGE('',*,*,#3910,.F.);
#1534=ORIENTED_EDGE('',*,*,#3911,.T.);
#1535=ORIENTED_EDGE('',*,*,#3912,.T.);
#1536=ORIENTED_EDGE('',*,*,#3913,.T.);
#1537=ORIENTED_EDGE('',*,*,#3914,.T.);
#1538=ORIENTED_EDGE('',*,*,#3915,.T.);
#1539=ORIENTED_EDGE('',*,*,#3879,.T.);
#1540=ORIENTED_EDGE('',*,*,#3916,.T.);
#1541=ORIENTED_EDGE('',*,*,#3917,.T.);
#1542=ORIENTED_EDGE('',*,*,#3918,.T.);
#1543=ORIENTED_EDGE('',*,*,#3919,.T.);
#1544=ORIENTED_EDGE('',*,*,#3920,.F.);
#1545=ORIENTED_EDGE('',*,*,#3921,.T.);
#1546=ORIENTED_EDGE('',*,*,#3922,.F.);
#1547=ORIENTED_EDGE('',*,*,#3923,.T.);
#1548=ORIENTED_EDGE('',*,*,#3915,.F.);
#1549=ORIENTED_EDGE('',*,*,#3924,.T.);
#1550=ORIENTED_EDGE('',*,*,#3925,.T.);
#1551=ORIENTED_EDGE('',*,*,#3886,.F.);
#1552=ORIENTED_EDGE('',*,*,#3926,.T.);
#1553=ORIENTED_EDGE('',*,*,#3927,.F.);
#1554=ORIENTED_EDGE('',*,*,#3928,.F.);
#1555=ORIENTED_EDGE('',*,*,#3880,.F.);
#1556=ORIENTED_EDGE('',*,*,#3911,.F.);
#1557=ORIENTED_EDGE('',*,*,#3894,.T.);
#1558=ORIENTED_EDGE('',*,*,#3929,.T.);
#1559=ORIENTED_EDGE('',*,*,#3930,.T.);
#1560=ORIENTED_EDGE('',*,*,#3931,.F.);
#1561=ORIENTED_EDGE('',*,*,#3888,.T.);
#1562=ORIENTED_EDGE('',*,*,#3932,.T.);
#1563=ORIENTED_EDGE('',*,*,#3933,.F.);
#1564=ORIENTED_EDGE('',*,*,#3934,.T.);
#1565=ORIENTED_EDGE('',*,*,#3881,.F.);
#1566=ORIENTED_EDGE('',*,*,#3928,.T.);
#1567=ORIENTED_EDGE('',*,*,#3935,.F.);
#1568=ORIENTED_EDGE('',*,*,#3936,.F.);
#1569=ORIENTED_EDGE('',*,*,#3937,.T.);
#1570=ORIENTED_EDGE('',*,*,#3938,.F.);
#1571=ORIENTED_EDGE('',*,*,#3939,.T.);
#1572=ORIENTED_EDGE('',*,*,#3940,.T.);
#1573=ORIENTED_EDGE('',*,*,#3929,.F.);
#1574=ORIENTED_EDGE('',*,*,#3893,.T.);
#1575=ORIENTED_EDGE('',*,*,#3941,.F.);
#1576=ORIENTED_EDGE('',*,*,#3942,.F.);
#1577=ORIENTED_EDGE('',*,*,#3943,.T.);
#1578=ORIENTED_EDGE('',*,*,#3882,.T.);
#1579=ORIENTED_EDGE('',*,*,#3934,.F.);
#1580=ORIENTED_EDGE('',*,*,#3944,.F.);
#1581=ORIENTED_EDGE('',*,*,#3941,.T.);
#1582=ORIENTED_EDGE('',*,*,#3892,.T.);
#1583=ORIENTED_EDGE('',*,*,#3945,.F.);
#1584=ORIENTED_EDGE('',*,*,#3946,.T.);
#1585=ORIENTED_EDGE('',*,*,#3883,.F.);
#1586=ORIENTED_EDGE('',*,*,#3943,.F.);
#1587=ORIENTED_EDGE('',*,*,#3947,.T.);
#1588=ORIENTED_EDGE('',*,*,#3948,.F.);
#1589=ORIENTED_EDGE('',*,*,#3945,.T.);
#1590=ORIENTED_EDGE('',*,*,#3891,.T.);
#1591=ORIENTED_EDGE('',*,*,#3949,.F.);
#1592=ORIENTED_EDGE('',*,*,#3950,.F.);
#1593=ORIENTED_EDGE('',*,*,#3951,.T.);
#1594=ORIENTED_EDGE('',*,*,#3884,.T.);
#1595=ORIENTED_EDGE('',*,*,#3946,.F.);
#1596=ORIENTED_EDGE('',*,*,#3952,.F.);
#1597=ORIENTED_EDGE('',*,*,#3949,.T.);
#1598=ORIENTED_EDGE('',*,*,#3890,.T.);
#1599=ORIENTED_EDGE('',*,*,#3953,.F.);
#1600=ORIENTED_EDGE('',*,*,#3954,.F.);
#1601=ORIENTED_EDGE('',*,*,#3955,.T.);
#1602=ORIENTED_EDGE('',*,*,#3956,.F.);
#1603=ORIENTED_EDGE('',*,*,#3926,.F.);
#1604=ORIENTED_EDGE('',*,*,#3885,.T.);
#1605=ORIENTED_EDGE('',*,*,#3951,.F.);
#1606=ORIENTED_EDGE('',*,*,#3953,.T.);
#1607=ORIENTED_EDGE('',*,*,#3889,.F.);
#1608=ORIENTED_EDGE('',*,*,#3931,.T.);
#1609=ORIENTED_EDGE('',*,*,#3957,.T.);
#1610=ORIENTED_EDGE('',*,*,#3958,.F.);
#1611=ORIENTED_EDGE('',*,*,#3959,.F.);
#1612=ORIENTED_EDGE('',*,*,#3887,.F.);
#1613=ORIENTED_EDGE('',*,*,#3925,.F.);
#1614=ORIENTED_EDGE('',*,*,#3960,.F.);
#1615=ORIENTED_EDGE('',*,*,#3961,.F.);
#1616=ORIENTED_EDGE('',*,*,#3962,.F.);
#1617=ORIENTED_EDGE('',*,*,#3932,.F.);
#1618=ORIENTED_EDGE('',*,*,#3963,.T.);
#1619=ORIENTED_EDGE('',*,*,#3964,.T.);
#1620=ORIENTED_EDGE('',*,*,#3895,.T.);
#1621=ORIENTED_EDGE('',*,*,#3965,.T.);
#1622=ORIENTED_EDGE('',*,*,#3966,.F.);
#1623=ORIENTED_EDGE('',*,*,#3967,.F.);
#1624=ORIENTED_EDGE('',*,*,#3910,.T.);
#1625=ORIENTED_EDGE('',*,*,#3968,.T.);
#1626=ORIENTED_EDGE('',*,*,#3969,.F.);
#1627=ORIENTED_EDGE('',*,*,#3965,.F.);
#1628=ORIENTED_EDGE('',*,*,#3909,.T.);
#1629=ORIENTED_EDGE('',*,*,#3970,.T.);
#1630=ORIENTED_EDGE('',*,*,#3971,.F.);
#1631=ORIENTED_EDGE('',*,*,#3968,.F.);
#1632=ORIENTED_EDGE('',*,*,#3908,.T.);
#1633=ORIENTED_EDGE('',*,*,#3972,.T.);
#1634=ORIENTED_EDGE('',*,*,#3973,.F.);
#1635=ORIENTED_EDGE('',*,*,#3970,.F.);
#1636=ORIENTED_EDGE('',*,*,#3974,.T.);
#1637=ORIENTED_EDGE('',*,*,#3975,.T.);
#1638=ORIENTED_EDGE('',*,*,#3972,.F.);
#1639=ORIENTED_EDGE('',*,*,#3907,.F.);
#1640=ORIENTED_EDGE('',*,*,#3906,.T.);
#1641=ORIENTED_EDGE('',*,*,#3976,.T.);
#1642=ORIENTED_EDGE('',*,*,#3977,.F.);
#1643=ORIENTED_EDGE('',*,*,#3974,.F.);
#1644=ORIENTED_EDGE('',*,*,#3905,.T.);
#1645=ORIENTED_EDGE('',*,*,#3978,.T.);
#1646=ORIENTED_EDGE('',*,*,#3979,.F.);
#1647=ORIENTED_EDGE('',*,*,#3976,.F.);
#1648=ORIENTED_EDGE('',*,*,#3904,.T.);
#1649=ORIENTED_EDGE('',*,*,#3980,.T.);
#1650=ORIENTED_EDGE('',*,*,#3981,.T.);
#1651=ORIENTED_EDGE('',*,*,#3978,.F.);
#1652=ORIENTED_EDGE('',*,*,#3903,.T.);
#1653=ORIENTED_EDGE('',*,*,#3982,.T.);
#1654=ORIENTED_EDGE('',*,*,#3983,.F.);
#1655=ORIENTED_EDGE('',*,*,#3980,.F.);
#1656=ORIENTED_EDGE('',*,*,#3984,.T.);
#1657=ORIENTED_EDGE('',*,*,#3985,.T.);
#1658=ORIENTED_EDGE('',*,*,#3982,.F.);
#1659=ORIENTED_EDGE('',*,*,#3902,.F.);
#1660=ORIENTED_EDGE('',*,*,#3986,.T.);
#1661=ORIENTED_EDGE('',*,*,#3987,.T.);
#1662=ORIENTED_EDGE('',*,*,#3984,.F.);
#1663=ORIENTED_EDGE('',*,*,#3901,.F.);
#1664=ORIENTED_EDGE('',*,*,#3988,.T.);
#1665=ORIENTED_EDGE('',*,*,#3989,.T.);
#1666=ORIENTED_EDGE('',*,*,#3986,.F.);
#1667=ORIENTED_EDGE('',*,*,#3900,.F.);
#1668=ORIENTED_EDGE('',*,*,#3899,.T.);
#1669=ORIENTED_EDGE('',*,*,#3990,.T.);
#1670=ORIENTED_EDGE('',*,*,#3991,.F.);
#1671=ORIENTED_EDGE('',*,*,#3988,.F.);
#1672=ORIENTED_EDGE('',*,*,#3992,.T.);
#1673=ORIENTED_EDGE('',*,*,#3993,.T.);
#1674=ORIENTED_EDGE('',*,*,#3990,.F.);
#1675=ORIENTED_EDGE('',*,*,#3898,.F.);
#1676=ORIENTED_EDGE('',*,*,#3897,.T.);
#1677=ORIENTED_EDGE('',*,*,#3994,.T.);
#1678=ORIENTED_EDGE('',*,*,#3995,.F.);
#1679=ORIENTED_EDGE('',*,*,#3992,.F.);
#1680=ORIENTED_EDGE('',*,*,#3996,.F.);
#1681=ORIENTED_EDGE('',*,*,#3994,.F.);
#1682=ORIENTED_EDGE('',*,*,#3896,.F.);
#1683=ORIENTED_EDGE('',*,*,#3967,.T.);
#1684=ORIENTED_EDGE('',*,*,#3914,.F.);
#1685=ORIENTED_EDGE('',*,*,#3997,.T.);
#1686=ORIENTED_EDGE('',*,*,#3998,.F.);
#1687=ORIENTED_EDGE('',*,*,#3999,.F.);
#1688=ORIENTED_EDGE('',*,*,#4000,.F.);
#1689=ORIENTED_EDGE('',*,*,#4001,.T.);
#1690=ORIENTED_EDGE('',*,*,#3960,.T.);
#1691=ORIENTED_EDGE('',*,*,#3924,.F.);
#1692=ORIENTED_EDGE('',*,*,#3912,.F.);
#1693=ORIENTED_EDGE('',*,*,#3933,.T.);
#1694=ORIENTED_EDGE('',*,*,#3962,.T.);
#1695=ORIENTED_EDGE('',*,*,#4002,.F.);
#1696=ORIENTED_EDGE('',*,*,#4003,.F.);
#1697=ORIENTED_EDGE('',*,*,#4004,.T.);
#1698=ORIENTED_EDGE('',*,*,#4005,.F.);
#1699=ORIENTED_EDGE('',*,*,#4006,.F.);
#1700=ORIENTED_EDGE('',*,*,#3913,.F.);
#1701=ORIENTED_EDGE('',*,*,#4006,.T.);
#1702=ORIENTED_EDGE('',*,*,#4007,.F.);
#1703=ORIENTED_EDGE('',*,*,#4008,.F.);
#1704=ORIENTED_EDGE('',*,*,#4009,.F.);
#1705=ORIENTED_EDGE('',*,*,#3997,.F.);
#1706=ORIENTED_EDGE('',*,*,#4010,.T.);
#1707=ORIENTED_EDGE('',*,*,#4011,.T.);
#1708=ORIENTED_EDGE('',*,*,#4012,.F.);
#1709=ORIENTED_EDGE('',*,*,#3923,.F.);
#1710=ORIENTED_EDGE('',*,*,#4012,.T.);
#1711=ORIENTED_EDGE('',*,*,#4013,.T.);
#1712=ORIENTED_EDGE('',*,*,#4014,.F.);
#1713=ORIENTED_EDGE('',*,*,#3916,.F.);
#1714=ORIENTED_EDGE('',*,*,#4014,.T.);
#1715=ORIENTED_EDGE('',*,*,#4015,.T.);
#1716=ORIENTED_EDGE('',*,*,#4016,.F.);
#1717=ORIENTED_EDGE('',*,*,#3917,.F.);
#1718=ORIENTED_EDGE('',*,*,#4016,.T.);
#1719=ORIENTED_EDGE('',*,*,#4017,.T.);
#1720=ORIENTED_EDGE('',*,*,#4018,.F.);
#1721=ORIENTED_EDGE('',*,*,#3918,.F.);
#1722=ORIENTED_EDGE('',*,*,#4018,.T.);
#1723=ORIENTED_EDGE('',*,*,#4019,.T.);
#1724=ORIENTED_EDGE('',*,*,#4020,.F.);
#1725=ORIENTED_EDGE('',*,*,#3919,.F.);
#1726=ORIENTED_EDGE('',*,*,#3920,.T.);
#1727=ORIENTED_EDGE('',*,*,#4020,.T.);
#1728=ORIENTED_EDGE('',*,*,#4021,.F.);
#1729=ORIENTED_EDGE('',*,*,#4022,.F.);
#1730=ORIENTED_EDGE('',*,*,#4022,.T.);
#1731=ORIENTED_EDGE('',*,*,#4023,.T.);
#1732=ORIENTED_EDGE('',*,*,#4024,.F.);
#1733=ORIENTED_EDGE('',*,*,#3921,.F.);
#1734=ORIENTED_EDGE('',*,*,#3922,.T.);
#1735=ORIENTED_EDGE('',*,*,#4024,.T.);
#1736=ORIENTED_EDGE('',*,*,#4025,.F.);
#1737=ORIENTED_EDGE('',*,*,#4010,.F.);
#1738=ORIENTED_EDGE('',*,*,#3956,.T.);
#1739=ORIENTED_EDGE('',*,*,#4026,.T.);
#1740=ORIENTED_EDGE('',*,*,#4027,.T.);
#1741=ORIENTED_EDGE('',*,*,#4028,.T.);
#1742=ORIENTED_EDGE('',*,*,#3935,.T.);
#1743=ORIENTED_EDGE('',*,*,#3927,.T.);
#1744=ORIENTED_EDGE('',*,*,#4029,.F.);
#1745=ORIENTED_EDGE('',*,*,#4030,.T.);
#1746=ORIENTED_EDGE('',*,*,#4031,.F.);
#1747=ORIENTED_EDGE('',*,*,#4032,.T.);
#1748=ORIENTED_EDGE('',*,*,#3957,.F.);
#1749=ORIENTED_EDGE('',*,*,#3930,.F.);
#1750=ORIENTED_EDGE('',*,*,#3940,.F.);
#1751=ORIENTED_EDGE('',*,*,#4033,.F.);
#1752=ORIENTED_EDGE('',*,*,#4034,.T.);
#1753=ORIENTED_EDGE('',*,*,#3936,.T.);
#1754=ORIENTED_EDGE('',*,*,#4028,.F.);
#1755=ORIENTED_EDGE('',*,*,#4035,.F.);
#1756=ORIENTED_EDGE('',*,*,#3942,.T.);
#1757=ORIENTED_EDGE('',*,*,#3937,.F.);
#1758=ORIENTED_EDGE('',*,*,#4034,.F.);
#1759=ORIENTED_EDGE('',*,*,#4036,.F.);
#1760=ORIENTED_EDGE('',*,*,#4037,.F.);
#1761=ORIENTED_EDGE('',*,*,#3954,.T.);
#1762=ORIENTED_EDGE('',*,*,#3950,.T.);
#1763=ORIENTED_EDGE('',*,*,#3947,.F.);
#1764=ORIENTED_EDGE('',*,*,#4038,.T.);
#1765=ORIENTED_EDGE('',*,*,#3944,.T.);
#1766=ORIENTED_EDGE('',*,*,#3948,.T.);
#1767=ORIENTED_EDGE('',*,*,#3952,.T.);
#1768=ORIENTED_EDGE('',*,*,#3959,.T.);
#1769=ORIENTED_EDGE('',*,*,#4039,.F.);
#1770=ORIENTED_EDGE('',*,*,#4040,.T.);
#1771=ORIENTED_EDGE('',*,*,#4041,.F.);
#1772=ORIENTED_EDGE('',*,*,#3938,.T.);
#1773=ORIENTED_EDGE('',*,*,#4042,.T.);
#1774=ORIENTED_EDGE('',*,*,#4041,.T.);
#1775=ORIENTED_EDGE('',*,*,#4043,.T.);
#1776=ORIENTED_EDGE('',*,*,#4030,.F.);
#1777=ORIENTED_EDGE('',*,*,#3939,.F.);
#1778=ORIENTED_EDGE('',*,*,#4037,.T.);
#1779=ORIENTED_EDGE('',*,*,#4044,.T.);
#1780=ORIENTED_EDGE('',*,*,#4026,.F.);
#1781=ORIENTED_EDGE('',*,*,#3955,.F.);
#1782=ORIENTED_EDGE('',*,*,#4039,.T.);
#1783=ORIENTED_EDGE('',*,*,#3958,.T.);
#1784=ORIENTED_EDGE('',*,*,#4032,.F.);
#1785=ORIENTED_EDGE('',*,*,#4045,.F.);
#1786=ORIENTED_EDGE('',*,*,#4046,.F.);
#1787=ORIENTED_EDGE('',*,*,#4002,.T.);
#1788=ORIENTED_EDGE('',*,*,#3961,.T.);
#1789=ORIENTED_EDGE('',*,*,#4001,.F.);
#1790=ORIENTED_EDGE('',*,*,#4047,.F.);
#1791=ORIENTED_EDGE('',*,*,#4048,.F.);
#1792=ORIENTED_EDGE('',*,*,#3963,.F.);
#1793=ORIENTED_EDGE('',*,*,#4049,.T.);
#1794=ORIENTED_EDGE('',*,*,#3964,.F.);
#1795=ORIENTED_EDGE('',*,*,#4050,.T.);
#1796=ORIENTED_EDGE('',*,*,#3966,.T.);
#1797=ORIENTED_EDGE('',*,*,#3969,.T.);
#1798=ORIENTED_EDGE('',*,*,#3971,.T.);
#1799=ORIENTED_EDGE('',*,*,#3973,.T.);
#1800=ORIENTED_EDGE('',*,*,#3975,.F.);
#1801=ORIENTED_EDGE('',*,*,#3977,.T.);
#1802=ORIENTED_EDGE('',*,*,#3979,.T.);
#1803=ORIENTED_EDGE('',*,*,#3981,.F.);
#1804=ORIENTED_EDGE('',*,*,#3983,.T.);
#1805=ORIENTED_EDGE('',*,*,#3985,.F.);
#1806=ORIENTED_EDGE('',*,*,#3987,.F.);
#1807=ORIENTED_EDGE('',*,*,#3989,.F.);
#1808=ORIENTED_EDGE('',*,*,#3991,.T.);
#1809=ORIENTED_EDGE('',*,*,#3993,.F.);
#1810=ORIENTED_EDGE('',*,*,#3995,.T.);
#1811=ORIENTED_EDGE('',*,*,#3996,.T.);
#1812=ORIENTED_EDGE('',*,*,#4051,.T.);
#1813=ORIENTED_EDGE('',*,*,#4052,.T.);
#1814=ORIENTED_EDGE('',*,*,#4053,.T.);
#1815=ORIENTED_EDGE('',*,*,#4054,.F.);
#1816=ORIENTED_EDGE('',*,*,#4055,.F.);
#1817=ORIENTED_EDGE('',*,*,#4056,.T.);
#1818=ORIENTED_EDGE('',*,*,#4057,.T.);
#1819=ORIENTED_EDGE('',*,*,#4058,.T.);
#1820=ORIENTED_EDGE('',*,*,#4059,.T.);
#1821=ORIENTED_EDGE('',*,*,#4060,.T.);
#1822=ORIENTED_EDGE('',*,*,#4061,.T.);
#1823=ORIENTED_EDGE('',*,*,#4062,.F.);
#1824=ORIENTED_EDGE('',*,*,#4063,.F.);
#1825=ORIENTED_EDGE('',*,*,#4064,.T.);
#1826=ORIENTED_EDGE('',*,*,#4065,.T.);
#1827=ORIENTED_EDGE('',*,*,#4066,.T.);
#1828=ORIENTED_EDGE('',*,*,#4067,.T.);
#1829=ORIENTED_EDGE('',*,*,#4068,.T.);
#1830=ORIENTED_EDGE('',*,*,#4069,.T.);
#1831=ORIENTED_EDGE('',*,*,#4070,.T.);
#1832=ORIENTED_EDGE('',*,*,#4071,.T.);
#1833=ORIENTED_EDGE('',*,*,#4072,.T.);
#1834=ORIENTED_EDGE('',*,*,#4073,.T.);
#1835=ORIENTED_EDGE('',*,*,#4074,.T.);
#1836=ORIENTED_EDGE('',*,*,#4075,.F.);
#1837=ORIENTED_EDGE('',*,*,#4076,.F.);
#1838=ORIENTED_EDGE('',*,*,#4077,.F.);
#1839=ORIENTED_EDGE('',*,*,#4078,.F.);
#1840=ORIENTED_EDGE('',*,*,#4079,.F.);
#1841=ORIENTED_EDGE('',*,*,#4080,.F.);
#1842=ORIENTED_EDGE('',*,*,#4081,.F.);
#1843=ORIENTED_EDGE('',*,*,#4082,.T.);
#1844=ORIENTED_EDGE('',*,*,#4083,.F.);
#1845=ORIENTED_EDGE('',*,*,#4084,.F.);
#1846=ORIENTED_EDGE('',*,*,#4085,.F.);
#1847=ORIENTED_EDGE('',*,*,#4086,.F.);
#1848=ORIENTED_EDGE('',*,*,#4087,.F.);
#1849=ORIENTED_EDGE('',*,*,#4088,.F.);
#1850=ORIENTED_EDGE('',*,*,#4089,.F.);
#1851=ORIENTED_EDGE('',*,*,#4090,.T.);
#1852=ORIENTED_EDGE('',*,*,#4091,.F.);
#1853=ORIENTED_EDGE('',*,*,#4092,.F.);
#1854=ORIENTED_EDGE('',*,*,#4093,.F.);
#1855=ORIENTED_EDGE('',*,*,#4094,.F.);
#1856=ORIENTED_EDGE('',*,*,#4095,.F.);
#1857=ORIENTED_EDGE('',*,*,#4096,.F.);
#1858=ORIENTED_EDGE('',*,*,#4097,.F.);
#1859=ORIENTED_EDGE('',*,*,#4098,.F.);
#1860=ORIENTED_EDGE('',*,*,#4099,.F.);
#1861=ORIENTED_EDGE('',*,*,#4100,.F.);
#1862=ORIENTED_EDGE('',*,*,#4101,.F.);
#1863=ORIENTED_EDGE('',*,*,#4102,.F.);
#1864=ORIENTED_EDGE('',*,*,#4103,.F.);
#1865=ORIENTED_EDGE('',*,*,#4104,.T.);
#1866=ORIENTED_EDGE('',*,*,#4105,.T.);
#1867=ORIENTED_EDGE('',*,*,#4106,.F.);
#1868=ORIENTED_EDGE('',*,*,#4107,.F.);
#1869=ORIENTED_EDGE('',*,*,#4108,.F.);
#1870=ORIENTED_EDGE('',*,*,#4109,.F.);
#1871=ORIENTED_EDGE('',*,*,#4110,.F.);
#1872=ORIENTED_EDGE('',*,*,#4111,.F.);
#1873=ORIENTED_EDGE('',*,*,#4112,.T.);
#1874=ORIENTED_EDGE('',*,*,#4113,.T.);
#1875=ORIENTED_EDGE('',*,*,#4114,.T.);
#1876=ORIENTED_EDGE('',*,*,#4115,.T.);
#1877=ORIENTED_EDGE('',*,*,#4116,.T.);
#1878=ORIENTED_EDGE('',*,*,#4117,.T.);
#1879=ORIENTED_EDGE('',*,*,#4118,.F.);
#1880=ORIENTED_EDGE('',*,*,#4119,.F.);
#1881=ORIENTED_EDGE('',*,*,#4120,.T.);
#1882=ORIENTED_EDGE('',*,*,#4121,.T.);
#1883=ORIENTED_EDGE('',*,*,#4122,.T.);
#1884=ORIENTED_EDGE('',*,*,#4123,.F.);
#1885=ORIENTED_EDGE('',*,*,#4124,.F.);
#1886=ORIENTED_EDGE('',*,*,#4125,.T.);
#1887=ORIENTED_EDGE('',*,*,#4126,.T.);
#1888=ORIENTED_EDGE('',*,*,#4127,.T.);
#1889=ORIENTED_EDGE('',*,*,#4128,.T.);
#1890=ORIENTED_EDGE('',*,*,#4129,.T.);
#1891=ORIENTED_EDGE('',*,*,#4130,.F.);
#1892=ORIENTED_EDGE('',*,*,#4131,.F.);
#1893=ORIENTED_EDGE('',*,*,#4132,.T.);
#1894=ORIENTED_EDGE('',*,*,#4133,.T.);
#1895=ORIENTED_EDGE('',*,*,#4134,.T.);
#1896=ORIENTED_EDGE('',*,*,#4135,.T.);
#1897=ORIENTED_EDGE('',*,*,#4136,.T.);
#1898=ORIENTED_EDGE('',*,*,#4137,.F.);
#1899=ORIENTED_EDGE('',*,*,#4138,.F.);
#1900=ORIENTED_EDGE('',*,*,#4139,.T.);
#1901=ORIENTED_EDGE('',*,*,#4140,.T.);
#1902=ORIENTED_EDGE('',*,*,#4141,.T.);
#1903=ORIENTED_EDGE('',*,*,#4142,.T.);
#1904=ORIENTED_EDGE('',*,*,#4143,.T.);
#1905=ORIENTED_EDGE('',*,*,#4144,.T.);
#1906=ORIENTED_EDGE('',*,*,#4145,.T.);
#1907=ORIENTED_EDGE('',*,*,#4146,.T.);
#1908=ORIENTED_EDGE('',*,*,#4147,.T.);
#1909=ORIENTED_EDGE('',*,*,#4148,.T.);
#1910=ORIENTED_EDGE('',*,*,#4149,.T.);
#1911=ORIENTED_EDGE('',*,*,#4150,.F.);
#1912=ORIENTED_EDGE('',*,*,#4151,.F.);
#1913=ORIENTED_EDGE('',*,*,#4152,.F.);
#1914=ORIENTED_EDGE('',*,*,#4153,.F.);
#1915=ORIENTED_EDGE('',*,*,#4154,.F.);
#1916=ORIENTED_EDGE('',*,*,#4155,.F.);
#1917=ORIENTED_EDGE('',*,*,#4156,.F.);
#1918=ORIENTED_EDGE('',*,*,#4157,.F.);
#1919=ORIENTED_EDGE('',*,*,#4158,.F.);
#1920=ORIENTED_EDGE('',*,*,#4159,.F.);
#1921=ORIENTED_EDGE('',*,*,#4160,.F.);
#1922=ORIENTED_EDGE('',*,*,#4161,.F.);
#1923=ORIENTED_EDGE('',*,*,#4162,.T.);
#1924=ORIENTED_EDGE('',*,*,#4163,.T.);
#1925=ORIENTED_EDGE('',*,*,#4164,.T.);
#1926=ORIENTED_EDGE('',*,*,#4165,.T.);
#1927=ORIENTED_EDGE('',*,*,#4000,.T.);
#1928=ORIENTED_EDGE('',*,*,#4166,.T.);
#1929=ORIENTED_EDGE('',*,*,#4167,.F.);
#1930=ORIENTED_EDGE('',*,*,#4168,.F.);
#1931=ORIENTED_EDGE('',*,*,#4047,.T.);
#1932=ORIENTED_EDGE('',*,*,#4169,.T.);
#1933=ORIENTED_EDGE('',*,*,#4170,.F.);
#1934=ORIENTED_EDGE('',*,*,#4166,.F.);
#1935=ORIENTED_EDGE('',*,*,#3999,.T.);
#1936=ORIENTED_EDGE('',*,*,#4009,.T.);
#1937=ORIENTED_EDGE('',*,*,#4171,.T.);
#1938=ORIENTED_EDGE('',*,*,#4172,.F.);
#1939=ORIENTED_EDGE('',*,*,#4169,.F.);
#1940=ORIENTED_EDGE('',*,*,#3998,.T.);
#1941=ORIENTED_EDGE('',*,*,#4005,.T.);
#1942=ORIENTED_EDGE('',*,*,#4173,.T.);
#1943=ORIENTED_EDGE('',*,*,#4174,.F.);
#1944=ORIENTED_EDGE('',*,*,#4175,.F.);
#1945=ORIENTED_EDGE('',*,*,#4007,.T.);
#1946=ORIENTED_EDGE('',*,*,#4176,.T.);
#1947=ORIENTED_EDGE('',*,*,#4177,.F.);
#1948=ORIENTED_EDGE('',*,*,#4173,.F.);
#1949=ORIENTED_EDGE('',*,*,#4004,.F.);
#1950=ORIENTED_EDGE('',*,*,#4046,.T.);
#1951=ORIENTED_EDGE('',*,*,#4178,.T.);
#1952=ORIENTED_EDGE('',*,*,#4179,.F.);
#1953=ORIENTED_EDGE('',*,*,#4176,.F.);
#1954=ORIENTED_EDGE('',*,*,#4003,.T.);
#1955=ORIENTED_EDGE('',*,*,#4008,.T.);
#1956=ORIENTED_EDGE('',*,*,#4175,.T.);
#1957=ORIENTED_EDGE('',*,*,#4180,.F.);
#1958=ORIENTED_EDGE('',*,*,#4171,.F.);
#1959=ORIENTED_EDGE('',*,*,#4025,.T.);
#1960=ORIENTED_EDGE('',*,*,#4023,.F.);
#1961=ORIENTED_EDGE('',*,*,#4021,.T.);
#1962=ORIENTED_EDGE('',*,*,#4019,.F.);
#1963=ORIENTED_EDGE('',*,*,#4017,.F.);
#1964=ORIENTED_EDGE('',*,*,#4015,.F.);
#1965=ORIENTED_EDGE('',*,*,#4013,.F.);
#1966=ORIENTED_EDGE('',*,*,#4011,.F.);
#1967=ORIENTED_EDGE('',*,*,#4049,.F.);
#1968=ORIENTED_EDGE('',*,*,#4050,.F.);
#1969=ORIENTED_EDGE('',*,*,#4036,.T.);
#1970=ORIENTED_EDGE('',*,*,#4035,.T.);
#1971=ORIENTED_EDGE('',*,*,#4027,.F.);
#1972=ORIENTED_EDGE('',*,*,#4044,.F.);
#1973=ORIENTED_EDGE('',*,*,#4029,.T.);
#1974=ORIENTED_EDGE('',*,*,#4038,.F.);
#1975=ORIENTED_EDGE('',*,*,#4045,.T.);
#1976=ORIENTED_EDGE('',*,*,#4031,.T.);
#1977=ORIENTED_EDGE('',*,*,#4043,.F.);
#1978=ORIENTED_EDGE('',*,*,#4040,.F.);
#1979=ORIENTED_EDGE('',*,*,#4033,.T.);
#1980=ORIENTED_EDGE('',*,*,#4042,.F.);
#1981=ORIENTED_EDGE('',*,*,#4048,.T.);
#1982=ORIENTED_EDGE('',*,*,#4168,.T.);
#1983=ORIENTED_EDGE('',*,*,#4181,.F.);
#1984=ORIENTED_EDGE('',*,*,#4178,.F.);
#1985=ORIENTED_EDGE('',*,*,#4066,.F.);
#1986=ORIENTED_EDGE('',*,*,#4182,.T.);
#1987=ORIENTED_EDGE('',*,*,#4183,.T.);
#1988=ORIENTED_EDGE('',*,*,#4184,.F.);
#1989=ORIENTED_EDGE('',*,*,#4051,.F.);
#1990=ORIENTED_EDGE('',*,*,#4184,.T.);
#1991=ORIENTED_EDGE('',*,*,#4185,.T.);
#1992=ORIENTED_EDGE('',*,*,#4186,.F.);
#1993=ORIENTED_EDGE('',*,*,#4052,.F.);
#1994=ORIENTED_EDGE('',*,*,#4186,.T.);
#1995=ORIENTED_EDGE('',*,*,#4187,.T.);
#1996=ORIENTED_EDGE('',*,*,#4188,.F.);
#1997=ORIENTED_EDGE('',*,*,#4053,.F.);
#1998=ORIENTED_EDGE('',*,*,#4188,.T.);
#1999=ORIENTED_EDGE('',*,*,#4189,.T.);
#2000=ORIENTED_EDGE('',*,*,#4190,.F.);
#2001=ORIENTED_EDGE('',*,*,#4054,.T.);
#2002=ORIENTED_EDGE('',*,*,#4190,.T.);
#2003=ORIENTED_EDGE('',*,*,#4191,.T.);
#2004=ORIENTED_EDGE('',*,*,#4192,.F.);
#2005=ORIENTED_EDGE('',*,*,#4055,.T.);
#2006=ORIENTED_EDGE('',*,*,#4192,.T.);
#2007=ORIENTED_EDGE('',*,*,#4193,.T.);
#2008=ORIENTED_EDGE('',*,*,#4194,.F.);
#2009=ORIENTED_EDGE('',*,*,#4056,.F.);
#2010=ORIENTED_EDGE('',*,*,#4194,.T.);
#2011=ORIENTED_EDGE('',*,*,#4195,.T.);
#2012=ORIENTED_EDGE('',*,*,#4196,.F.);
#2013=ORIENTED_EDGE('',*,*,#4057,.F.);
#2014=ORIENTED_EDGE('',*,*,#4196,.T.);
#2015=ORIENTED_EDGE('',*,*,#4197,.T.);
#2016=ORIENTED_EDGE('',*,*,#4198,.F.);
#2017=ORIENTED_EDGE('',*,*,#4058,.F.);
#2018=ORIENTED_EDGE('',*,*,#4198,.T.);
#2019=ORIENTED_EDGE('',*,*,#4199,.T.);
#2020=ORIENTED_EDGE('',*,*,#4200,.F.);
#2021=ORIENTED_EDGE('',*,*,#4059,.F.);
#2022=ORIENTED_EDGE('',*,*,#4200,.T.);
#2023=ORIENTED_EDGE('',*,*,#4201,.T.);
#2024=ORIENTED_EDGE('',*,*,#4202,.F.);
#2025=ORIENTED_EDGE('',*,*,#4060,.F.);
#2026=ORIENTED_EDGE('',*,*,#4202,.T.);
#2027=ORIENTED_EDGE('',*,*,#4203,.T.);
#2028=ORIENTED_EDGE('',*,*,#4204,.F.);
#2029=ORIENTED_EDGE('',*,*,#4061,.F.);
#2030=ORIENTED_EDGE('',*,*,#4204,.T.);
#2031=ORIENTED_EDGE('',*,*,#4205,.T.);
#2032=ORIENTED_EDGE('',*,*,#4206,.F.);
#2033=ORIENTED_EDGE('',*,*,#4062,.T.);
#2034=ORIENTED_EDGE('',*,*,#4206,.T.);
#2035=ORIENTED_EDGE('',*,*,#4207,.T.);
#2036=ORIENTED_EDGE('',*,*,#4208,.F.);
#2037=ORIENTED_EDGE('',*,*,#4063,.T.);
#2038=ORIENTED_EDGE('',*,*,#4208,.T.);
#2039=ORIENTED_EDGE('',*,*,#4209,.T.);
#2040=ORIENTED_EDGE('',*,*,#4210,.F.);
#2041=ORIENTED_EDGE('',*,*,#4064,.F.);
#2042=ORIENTED_EDGE('',*,*,#4210,.T.);
#2043=ORIENTED_EDGE('',*,*,#4211,.T.);
#2044=ORIENTED_EDGE('',*,*,#4212,.F.);
#2045=ORIENTED_EDGE('',*,*,#4065,.F.);
#2046=ORIENTED_EDGE('',*,*,#4212,.T.);
#2047=ORIENTED_EDGE('',*,*,#4213,.T.);
#2048=ORIENTED_EDGE('',*,*,#4182,.F.);
#2049=ORIENTED_EDGE('',*,*,#4074,.F.);
#2050=ORIENTED_EDGE('',*,*,#4214,.T.);
#2051=ORIENTED_EDGE('',*,*,#4215,.T.);
#2052=ORIENTED_EDGE('',*,*,#4216,.F.);
#2053=ORIENTED_EDGE('',*,*,#4067,.F.);
#2054=ORIENTED_EDGE('',*,*,#4216,.T.);
#2055=ORIENTED_EDGE('',*,*,#4217,.T.);
#2056=ORIENTED_EDGE('',*,*,#4218,.F.);
#2057=ORIENTED_EDGE('',*,*,#4068,.F.);
#2058=ORIENTED_EDGE('',*,*,#4218,.T.);
#2059=ORIENTED_EDGE('',*,*,#4219,.T.);
#2060=ORIENTED_EDGE('',*,*,#4220,.F.);
#2061=ORIENTED_EDGE('',*,*,#4069,.F.);
#2062=ORIENTED_EDGE('',*,*,#4220,.T.);
#2063=ORIENTED_EDGE('',*,*,#4221,.T.);
#2064=ORIENTED_EDGE('',*,*,#4222,.F.);
#2065=ORIENTED_EDGE('',*,*,#4070,.F.);
#2066=ORIENTED_EDGE('',*,*,#4222,.T.);
#2067=ORIENTED_EDGE('',*,*,#4223,.T.);
#2068=ORIENTED_EDGE('',*,*,#4224,.F.);
#2069=ORIENTED_EDGE('',*,*,#4071,.F.);
#2070=ORIENTED_EDGE('',*,*,#4224,.T.);
#2071=ORIENTED_EDGE('',*,*,#4225,.T.);
#2072=ORIENTED_EDGE('',*,*,#4226,.F.);
#2073=ORIENTED_EDGE('',*,*,#4072,.F.);
#2074=ORIENTED_EDGE('',*,*,#4226,.T.);
#2075=ORIENTED_EDGE('',*,*,#4227,.T.);
#2076=ORIENTED_EDGE('',*,*,#4228,.F.);
#2077=ORIENTED_EDGE('',*,*,#4073,.F.);
#2078=ORIENTED_EDGE('',*,*,#4228,.T.);
#2079=ORIENTED_EDGE('',*,*,#4229,.T.);
#2080=ORIENTED_EDGE('',*,*,#4214,.F.);
#2081=ORIENTED_EDGE('',*,*,#4104,.F.);
#2082=ORIENTED_EDGE('',*,*,#4230,.T.);
#2083=ORIENTED_EDGE('',*,*,#4231,.T.);
#2084=ORIENTED_EDGE('',*,*,#4232,.F.);
#2085=ORIENTED_EDGE('',*,*,#4075,.T.);
#2086=ORIENTED_EDGE('',*,*,#4232,.T.);
#2087=ORIENTED_EDGE('',*,*,#4233,.T.);
#2088=ORIENTED_EDGE('',*,*,#4234,.F.);
#2089=ORIENTED_EDGE('',*,*,#4076,.T.);
#2090=ORIENTED_EDGE('',*,*,#4234,.T.);
#2091=ORIENTED_EDGE('',*,*,#4235,.T.);
#2092=ORIENTED_EDGE('',*,*,#4236,.F.);
#2093=ORIENTED_EDGE('',*,*,#4077,.T.);
#2094=ORIENTED_EDGE('',*,*,#4236,.T.);
#2095=ORIENTED_EDGE('',*,*,#4237,.T.);
#2096=ORIENTED_EDGE('',*,*,#4238,.F.);
#2097=ORIENTED_EDGE('',*,*,#4078,.T.);
#2098=ORIENTED_EDGE('',*,*,#4238,.T.);
#2099=ORIENTED_EDGE('',*,*,#4239,.T.);
#2100=ORIENTED_EDGE('',*,*,#4240,.F.);
#2101=ORIENTED_EDGE('',*,*,#4079,.T.);
#2102=ORIENTED_EDGE('',*,*,#4240,.T.);
#2103=ORIENTED_EDGE('',*,*,#4241,.T.);
#2104=ORIENTED_EDGE('',*,*,#4242,.F.);
#2105=ORIENTED_EDGE('',*,*,#4080,.T.);
#2106=ORIENTED_EDGE('',*,*,#4242,.T.);
#2107=ORIENTED_EDGE('',*,*,#4243,.T.);
#2108=ORIENTED_EDGE('',*,*,#4244,.F.);
#2109=ORIENTED_EDGE('',*,*,#4081,.T.);
#2110=ORIENTED_EDGE('',*,*,#4244,.T.);
#2111=ORIENTED_EDGE('',*,*,#4245,.T.);
#2112=ORIENTED_EDGE('',*,*,#4246,.F.);
#2113=ORIENTED_EDGE('',*,*,#4082,.F.);
#2114=ORIENTED_EDGE('',*,*,#4246,.T.);
#2115=ORIENTED_EDGE('',*,*,#4247,.T.);
#2116=ORIENTED_EDGE('',*,*,#4248,.F.);
#2117=ORIENTED_EDGE('',*,*,#4083,.T.);
#2118=ORIENTED_EDGE('',*,*,#4248,.T.);
#2119=ORIENTED_EDGE('',*,*,#4249,.T.);
#2120=ORIENTED_EDGE('',*,*,#4250,.F.);
#2121=ORIENTED_EDGE('',*,*,#4084,.T.);
#2122=ORIENTED_EDGE('',*,*,#4250,.T.);
#2123=ORIENTED_EDGE('',*,*,#4251,.T.);
#2124=ORIENTED_EDGE('',*,*,#4252,.F.);
#2125=ORIENTED_EDGE('',*,*,#4085,.T.);
#2126=ORIENTED_EDGE('',*,*,#4252,.T.);
#2127=ORIENTED_EDGE('',*,*,#4253,.T.);
#2128=ORIENTED_EDGE('',*,*,#4254,.F.);
#2129=ORIENTED_EDGE('',*,*,#4086,.T.);
#2130=ORIENTED_EDGE('',*,*,#4254,.T.);
#2131=ORIENTED_EDGE('',*,*,#4255,.T.);
#2132=ORIENTED_EDGE('',*,*,#4256,.F.);
#2133=ORIENTED_EDGE('',*,*,#4087,.T.);
#2134=ORIENTED_EDGE('',*,*,#4256,.T.);
#2135=ORIENTED_EDGE('',*,*,#4257,.T.);
#2136=ORIENTED_EDGE('',*,*,#4258,.F.);
#2137=ORIENTED_EDGE('',*,*,#4088,.T.);
#2138=ORIENTED_EDGE('',*,*,#4258,.T.);
#2139=ORIENTED_EDGE('',*,*,#4259,.T.);
#2140=ORIENTED_EDGE('',*,*,#4260,.F.);
#2141=ORIENTED_EDGE('',*,*,#4089,.T.);
#2142=ORIENTED_EDGE('',*,*,#4260,.T.);
#2143=ORIENTED_EDGE('',*,*,#4261,.T.);
#2144=ORIENTED_EDGE('',*,*,#4262,.F.);
#2145=ORIENTED_EDGE('',*,*,#4090,.F.);
#2146=ORIENTED_EDGE('',*,*,#4262,.T.);
#2147=ORIENTED_EDGE('',*,*,#4263,.T.);
#2148=ORIENTED_EDGE('',*,*,#4264,.F.);
#2149=ORIENTED_EDGE('',*,*,#4091,.T.);
#2150=ORIENTED_EDGE('',*,*,#4264,.T.);
#2151=ORIENTED_EDGE('',*,*,#4265,.T.);
#2152=ORIENTED_EDGE('',*,*,#4266,.F.);
#2153=ORIENTED_EDGE('',*,*,#4092,.T.);
#2154=ORIENTED_EDGE('',*,*,#4266,.T.);
#2155=ORIENTED_EDGE('',*,*,#4267,.T.);
#2156=ORIENTED_EDGE('',*,*,#4268,.F.);
#2157=ORIENTED_EDGE('',*,*,#4093,.T.);
#2158=ORIENTED_EDGE('',*,*,#4268,.T.);
#2159=ORIENTED_EDGE('',*,*,#4269,.T.);
#2160=ORIENTED_EDGE('',*,*,#4270,.F.);
#2161=ORIENTED_EDGE('',*,*,#4094,.T.);
#2162=ORIENTED_EDGE('',*,*,#4270,.T.);
#2163=ORIENTED_EDGE('',*,*,#4271,.T.);
#2164=ORIENTED_EDGE('',*,*,#4272,.F.);
#2165=ORIENTED_EDGE('',*,*,#4095,.T.);
#2166=ORIENTED_EDGE('',*,*,#4272,.T.);
#2167=ORIENTED_EDGE('',*,*,#4273,.T.);
#2168=ORIENTED_EDGE('',*,*,#4274,.F.);
#2169=ORIENTED_EDGE('',*,*,#4096,.T.);
#2170=ORIENTED_EDGE('',*,*,#4274,.T.);
#2171=ORIENTED_EDGE('',*,*,#4275,.T.);
#2172=ORIENTED_EDGE('',*,*,#4276,.F.);
#2173=ORIENTED_EDGE('',*,*,#4097,.T.);
#2174=ORIENTED_EDGE('',*,*,#4276,.T.);
#2175=ORIENTED_EDGE('',*,*,#4277,.T.);
#2176=ORIENTED_EDGE('',*,*,#4278,.F.);
#2177=ORIENTED_EDGE('',*,*,#4098,.T.);
#2178=ORIENTED_EDGE('',*,*,#4278,.T.);
#2179=ORIENTED_EDGE('',*,*,#4279,.T.);
#2180=ORIENTED_EDGE('',*,*,#4280,.F.);
#2181=ORIENTED_EDGE('',*,*,#4099,.T.);
#2182=ORIENTED_EDGE('',*,*,#4280,.T.);
#2183=ORIENTED_EDGE('',*,*,#4281,.T.);
#2184=ORIENTED_EDGE('',*,*,#4282,.F.);
#2185=ORIENTED_EDGE('',*,*,#4100,.T.);
#2186=ORIENTED_EDGE('',*,*,#4282,.T.);
#2187=ORIENTED_EDGE('',*,*,#4283,.T.);
#2188=ORIENTED_EDGE('',*,*,#4284,.F.);
#2189=ORIENTED_EDGE('',*,*,#4101,.T.);
#2190=ORIENTED_EDGE('',*,*,#4284,.T.);
#2191=ORIENTED_EDGE('',*,*,#4285,.T.);
#2192=ORIENTED_EDGE('',*,*,#4286,.F.);
#2193=ORIENTED_EDGE('',*,*,#4102,.T.);
#2194=ORIENTED_EDGE('',*,*,#4286,.T.);
#2195=ORIENTED_EDGE('',*,*,#4287,.T.);
#2196=ORIENTED_EDGE('',*,*,#4288,.F.);
#2197=ORIENTED_EDGE('',*,*,#4103,.T.);
#2198=ORIENTED_EDGE('',*,*,#4288,.T.);
#2199=ORIENTED_EDGE('',*,*,#4289,.T.);
#2200=ORIENTED_EDGE('',*,*,#4230,.F.);
#2201=ORIENTED_EDGE('',*,*,#4115,.F.);
#2202=ORIENTED_EDGE('',*,*,#4290,.T.);
#2203=ORIENTED_EDGE('',*,*,#4291,.T.);
#2204=ORIENTED_EDGE('',*,*,#4292,.F.);
#2205=ORIENTED_EDGE('',*,*,#4105,.F.);
#2206=ORIENTED_EDGE('',*,*,#4292,.T.);
#2207=ORIENTED_EDGE('',*,*,#4293,.T.);
#2208=ORIENTED_EDGE('',*,*,#4294,.F.);
#2209=ORIENTED_EDGE('',*,*,#4106,.T.);
#2210=ORIENTED_EDGE('',*,*,#4294,.T.);
#2211=ORIENTED_EDGE('',*,*,#4295,.T.);
#2212=ORIENTED_EDGE('',*,*,#4296,.F.);
#2213=ORIENTED_EDGE('',*,*,#4107,.T.);
#2214=ORIENTED_EDGE('',*,*,#4296,.T.);
#2215=ORIENTED_EDGE('',*,*,#4297,.T.);
#2216=ORIENTED_EDGE('',*,*,#4298,.F.);
#2217=ORIENTED_EDGE('',*,*,#4108,.T.);
#2218=ORIENTED_EDGE('',*,*,#4298,.T.);
#2219=ORIENTED_EDGE('',*,*,#4299,.T.);
#2220=ORIENTED_EDGE('',*,*,#4300,.F.);
#2221=ORIENTED_EDGE('',*,*,#4109,.T.);
#2222=ORIENTED_EDGE('',*,*,#4300,.T.);
#2223=ORIENTED_EDGE('',*,*,#4301,.T.);
#2224=ORIENTED_EDGE('',*,*,#4302,.F.);
#2225=ORIENTED_EDGE('',*,*,#4110,.T.);
#2226=ORIENTED_EDGE('',*,*,#4302,.T.);
#2227=ORIENTED_EDGE('',*,*,#4303,.T.);
#2228=ORIENTED_EDGE('',*,*,#4304,.F.);
#2229=ORIENTED_EDGE('',*,*,#4111,.T.);
#2230=ORIENTED_EDGE('',*,*,#4304,.T.);
#2231=ORIENTED_EDGE('',*,*,#4305,.T.);
#2232=ORIENTED_EDGE('',*,*,#4306,.F.);
#2233=ORIENTED_EDGE('',*,*,#4112,.F.);
#2234=ORIENTED_EDGE('',*,*,#4306,.T.);
#2235=ORIENTED_EDGE('',*,*,#4307,.T.);
#2236=ORIENTED_EDGE('',*,*,#4308,.F.);
#2237=ORIENTED_EDGE('',*,*,#4113,.F.);
#2238=ORIENTED_EDGE('',*,*,#4308,.T.);
#2239=ORIENTED_EDGE('',*,*,#4309,.T.);
#2240=ORIENTED_EDGE('',*,*,#4310,.F.);
#2241=ORIENTED_EDGE('',*,*,#4114,.F.);
#2242=ORIENTED_EDGE('',*,*,#4310,.T.);
#2243=ORIENTED_EDGE('',*,*,#4311,.T.);
#2244=ORIENTED_EDGE('',*,*,#4290,.F.);
#2245=ORIENTED_EDGE('',*,*,#4134,.F.);
#2246=ORIENTED_EDGE('',*,*,#4312,.T.);
#2247=ORIENTED_EDGE('',*,*,#4313,.T.);
#2248=ORIENTED_EDGE('',*,*,#4314,.F.);
#2249=ORIENTED_EDGE('',*,*,#4116,.F.);
#2250=ORIENTED_EDGE('',*,*,#4314,.T.);
#2251=ORIENTED_EDGE('',*,*,#4315,.T.);
#2252=ORIENTED_EDGE('',*,*,#4316,.F.);
#2253=ORIENTED_EDGE('',*,*,#4117,.F.);
#2254=ORIENTED_EDGE('',*,*,#4316,.T.);
#2255=ORIENTED_EDGE('',*,*,#4317,.T.);
#2256=ORIENTED_EDGE('',*,*,#4318,.F.);
#2257=ORIENTED_EDGE('',*,*,#4118,.T.);
#2258=ORIENTED_EDGE('',*,*,#4318,.T.);
#2259=ORIENTED_EDGE('',*,*,#4319,.T.);
#2260=ORIENTED_EDGE('',*,*,#4320,.F.);
#2261=ORIENTED_EDGE('',*,*,#4119,.T.);
#2262=ORIENTED_EDGE('',*,*,#4320,.T.);
#2263=ORIENTED_EDGE('',*,*,#4321,.T.);
#2264=ORIENTED_EDGE('',*,*,#4322,.F.);
#2265=ORIENTED_EDGE('',*,*,#4120,.F.);
#2266=ORIENTED_EDGE('',*,*,#4322,.T.);
#2267=ORIENTED_EDGE('',*,*,#4323,.T.);
#2268=ORIENTED_EDGE('',*,*,#4324,.F.);
#2269=ORIENTED_EDGE('',*,*,#4121,.F.);
#2270=ORIENTED_EDGE('',*,*,#4324,.T.);
#2271=ORIENTED_EDGE('',*,*,#4325,.T.);
#2272=ORIENTED_EDGE('',*,*,#4326,.F.);
#2273=ORIENTED_EDGE('',*,*,#4122,.F.);
#2274=ORIENTED_EDGE('',*,*,#4326,.T.);
#2275=ORIENTED_EDGE('',*,*,#4327,.T.);
#2276=ORIENTED_EDGE('',*,*,#4328,.F.);
#2277=ORIENTED_EDGE('',*,*,#4123,.T.);
#2278=ORIENTED_EDGE('',*,*,#4328,.T.);
#2279=ORIENTED_EDGE('',*,*,#4329,.T.);
#2280=ORIENTED_EDGE('',*,*,#4330,.F.);
#2281=ORIENTED_EDGE('',*,*,#4124,.T.);
#2282=ORIENTED_EDGE('',*,*,#4330,.T.);
#2283=ORIENTED_EDGE('',*,*,#4331,.T.);
#2284=ORIENTED_EDGE('',*,*,#4332,.F.);
#2285=ORIENTED_EDGE('',*,*,#4125,.F.);
#2286=ORIENTED_EDGE('',*,*,#4332,.T.);
#2287=ORIENTED_EDGE('',*,*,#4333,.T.);
#2288=ORIENTED_EDGE('',*,*,#4334,.F.);
#2289=ORIENTED_EDGE('',*,*,#4126,.F.);
#2290=ORIENTED_EDGE('',*,*,#4334,.T.);
#2291=ORIENTED_EDGE('',*,*,#4335,.T.);
#2292=ORIENTED_EDGE('',*,*,#4336,.F.);
#2293=ORIENTED_EDGE('',*,*,#4127,.F.);
#2294=ORIENTED_EDGE('',*,*,#4336,.T.);
#2295=ORIENTED_EDGE('',*,*,#4337,.T.);
#2296=ORIENTED_EDGE('',*,*,#4338,.F.);
#2297=ORIENTED_EDGE('',*,*,#4128,.F.);
#2298=ORIENTED_EDGE('',*,*,#4338,.T.);
#2299=ORIENTED_EDGE('',*,*,#4339,.T.);
#2300=ORIENTED_EDGE('',*,*,#4340,.F.);
#2301=ORIENTED_EDGE('',*,*,#4129,.F.);
#2302=ORIENTED_EDGE('',*,*,#4340,.T.);
#2303=ORIENTED_EDGE('',*,*,#4341,.T.);
#2304=ORIENTED_EDGE('',*,*,#4342,.F.);
#2305=ORIENTED_EDGE('',*,*,#4130,.T.);
#2306=ORIENTED_EDGE('',*,*,#4342,.T.);
#2307=ORIENTED_EDGE('',*,*,#4343,.T.);
#2308=ORIENTED_EDGE('',*,*,#4344,.F.);
#2309=ORIENTED_EDGE('',*,*,#4131,.T.);
#2310=ORIENTED_EDGE('',*,*,#4344,.T.);
#2311=ORIENTED_EDGE('',*,*,#4345,.T.);
#2312=ORIENTED_EDGE('',*,*,#4346,.F.);
#2313=ORIENTED_EDGE('',*,*,#4132,.F.);
#2314=ORIENTED_EDGE('',*,*,#4346,.T.);
#2315=ORIENTED_EDGE('',*,*,#4347,.T.);
#2316=ORIENTED_EDGE('',*,*,#4348,.F.);
#2317=ORIENTED_EDGE('',*,*,#4133,.F.);
#2318=ORIENTED_EDGE('',*,*,#4348,.T.);
#2319=ORIENTED_EDGE('',*,*,#4349,.T.);
#2320=ORIENTED_EDGE('',*,*,#4312,.F.);
#2321=ORIENTED_EDGE('',*,*,#4149,.F.);
#2322=ORIENTED_EDGE('',*,*,#4350,.T.);
#2323=ORIENTED_EDGE('',*,*,#4351,.T.);
#2324=ORIENTED_EDGE('',*,*,#4352,.F.);
#2325=ORIENTED_EDGE('',*,*,#4135,.F.);
#2326=ORIENTED_EDGE('',*,*,#4352,.T.);
#2327=ORIENTED_EDGE('',*,*,#4353,.T.);
#2328=ORIENTED_EDGE('',*,*,#4354,.F.);
#2329=ORIENTED_EDGE('',*,*,#4136,.F.);
#2330=ORIENTED_EDGE('',*,*,#4354,.T.);
#2331=ORIENTED_EDGE('',*,*,#4355,.T.);
#2332=ORIENTED_EDGE('',*,*,#4356,.F.);
#2333=ORIENTED_EDGE('',*,*,#4137,.T.);
#2334=ORIENTED_EDGE('',*,*,#4356,.T.);
#2335=ORIENTED_EDGE('',*,*,#4357,.T.);
#2336=ORIENTED_EDGE('',*,*,#4358,.F.);
#2337=ORIENTED_EDGE('',*,*,#4138,.T.);
#2338=ORIENTED_EDGE('',*,*,#4358,.T.);
#2339=ORIENTED_EDGE('',*,*,#4359,.T.);
#2340=ORIENTED_EDGE('',*,*,#4360,.F.);
#2341=ORIENTED_EDGE('',*,*,#4139,.F.);
#2342=ORIENTED_EDGE('',*,*,#4360,.T.);
#2343=ORIENTED_EDGE('',*,*,#4361,.T.);
#2344=ORIENTED_EDGE('',*,*,#4362,.F.);
#2345=ORIENTED_EDGE('',*,*,#4140,.F.);
#2346=ORIENTED_EDGE('',*,*,#4362,.T.);
#2347=ORIENTED_EDGE('',*,*,#4363,.T.);
#2348=ORIENTED_EDGE('',*,*,#4364,.F.);
#2349=ORIENTED_EDGE('',*,*,#4141,.F.);
#2350=ORIENTED_EDGE('',*,*,#4364,.T.);
#2351=ORIENTED_EDGE('',*,*,#4365,.T.);
#2352=ORIENTED_EDGE('',*,*,#4366,.F.);
#2353=ORIENTED_EDGE('',*,*,#4142,.F.);
#2354=ORIENTED_EDGE('',*,*,#4366,.T.);
#2355=ORIENTED_EDGE('',*,*,#4367,.T.);
#2356=ORIENTED_EDGE('',*,*,#4368,.F.);
#2357=ORIENTED_EDGE('',*,*,#4143,.F.);
#2358=ORIENTED_EDGE('',*,*,#4368,.T.);
#2359=ORIENTED_EDGE('',*,*,#4369,.T.);
#2360=ORIENTED_EDGE('',*,*,#4370,.F.);
#2361=ORIENTED_EDGE('',*,*,#4144,.F.);
#2362=ORIENTED_EDGE('',*,*,#4370,.T.);
#2363=ORIENTED_EDGE('',*,*,#4371,.T.);
#2364=ORIENTED_EDGE('',*,*,#4372,.F.);
#2365=ORIENTED_EDGE('',*,*,#4145,.F.);
#2366=ORIENTED_EDGE('',*,*,#4372,.T.);
#2367=ORIENTED_EDGE('',*,*,#4373,.T.);
#2368=ORIENTED_EDGE('',*,*,#4374,.F.);
#2369=ORIENTED_EDGE('',*,*,#4146,.F.);
#2370=ORIENTED_EDGE('',*,*,#4374,.T.);
#2371=ORIENTED_EDGE('',*,*,#4375,.T.);
#2372=ORIENTED_EDGE('',*,*,#4376,.F.);
#2373=ORIENTED_EDGE('',*,*,#4147,.F.);
#2374=ORIENTED_EDGE('',*,*,#4376,.T.);
#2375=ORIENTED_EDGE('',*,*,#4377,.T.);
#2376=ORIENTED_EDGE('',*,*,#4378,.F.);
#2377=ORIENTED_EDGE('',*,*,#4148,.F.);
#2378=ORIENTED_EDGE('',*,*,#4378,.T.);
#2379=ORIENTED_EDGE('',*,*,#4379,.T.);
#2380=ORIENTED_EDGE('',*,*,#4350,.F.);
#2381=ORIENTED_EDGE('',*,*,#4161,.T.);
#2382=ORIENTED_EDGE('',*,*,#4380,.T.);
#2383=ORIENTED_EDGE('',*,*,#4381,.T.);
#2384=ORIENTED_EDGE('',*,*,#4382,.F.);
#2385=ORIENTED_EDGE('',*,*,#4150,.T.);
#2386=ORIENTED_EDGE('',*,*,#4382,.T.);
#2387=ORIENTED_EDGE('',*,*,#4383,.T.);
#2388=ORIENTED_EDGE('',*,*,#4384,.F.);
#2389=ORIENTED_EDGE('',*,*,#4151,.T.);
#2390=ORIENTED_EDGE('',*,*,#4384,.T.);
#2391=ORIENTED_EDGE('',*,*,#4385,.T.);
#2392=ORIENTED_EDGE('',*,*,#4386,.F.);
#2393=ORIENTED_EDGE('',*,*,#4152,.T.);
#2394=ORIENTED_EDGE('',*,*,#4386,.T.);
#2395=ORIENTED_EDGE('',*,*,#4387,.T.);
#2396=ORIENTED_EDGE('',*,*,#4388,.F.);
#2397=ORIENTED_EDGE('',*,*,#4153,.T.);
#2398=ORIENTED_EDGE('',*,*,#4388,.T.);
#2399=ORIENTED_EDGE('',*,*,#4389,.T.);
#2400=ORIENTED_EDGE('',*,*,#4390,.F.);
#2401=ORIENTED_EDGE('',*,*,#4154,.T.);
#2402=ORIENTED_EDGE('',*,*,#4390,.T.);
#2403=ORIENTED_EDGE('',*,*,#4391,.T.);
#2404=ORIENTED_EDGE('',*,*,#4392,.F.);
#2405=ORIENTED_EDGE('',*,*,#4155,.T.);
#2406=ORIENTED_EDGE('',*,*,#4392,.T.);
#2407=ORIENTED_EDGE('',*,*,#4393,.T.);
#2408=ORIENTED_EDGE('',*,*,#4394,.F.);
#2409=ORIENTED_EDGE('',*,*,#4156,.T.);
#2410=ORIENTED_EDGE('',*,*,#4394,.T.);
#2411=ORIENTED_EDGE('',*,*,#4395,.T.);
#2412=ORIENTED_EDGE('',*,*,#4396,.F.);
#2413=ORIENTED_EDGE('',*,*,#4157,.T.);
#2414=ORIENTED_EDGE('',*,*,#4396,.T.);
#2415=ORIENTED_EDGE('',*,*,#4397,.T.);
#2416=ORIENTED_EDGE('',*,*,#4398,.F.);
#2417=ORIENTED_EDGE('',*,*,#4158,.T.);
#2418=ORIENTED_EDGE('',*,*,#4398,.T.);
#2419=ORIENTED_EDGE('',*,*,#4399,.T.);
#2420=ORIENTED_EDGE('',*,*,#4400,.F.);
#2421=ORIENTED_EDGE('',*,*,#4159,.T.);
#2422=ORIENTED_EDGE('',*,*,#4400,.T.);
#2423=ORIENTED_EDGE('',*,*,#4401,.T.);
#2424=ORIENTED_EDGE('',*,*,#4402,.F.);
#2425=ORIENTED_EDGE('',*,*,#4160,.T.);
#2426=ORIENTED_EDGE('',*,*,#4402,.T.);
#2427=ORIENTED_EDGE('',*,*,#4403,.T.);
#2428=ORIENTED_EDGE('',*,*,#4380,.F.);
#2429=ORIENTED_EDGE('',*,*,#4165,.F.);
#2430=ORIENTED_EDGE('',*,*,#4404,.T.);
#2431=ORIENTED_EDGE('',*,*,#4405,.T.);
#2432=ORIENTED_EDGE('',*,*,#4406,.F.);
#2433=ORIENTED_EDGE('',*,*,#4162,.F.);
#2434=ORIENTED_EDGE('',*,*,#4406,.T.);
#2435=ORIENTED_EDGE('',*,*,#4407,.T.);
#2436=ORIENTED_EDGE('',*,*,#4408,.F.);
#2437=ORIENTED_EDGE('',*,*,#4163,.F.);
#2438=ORIENTED_EDGE('',*,*,#4408,.T.);
#2439=ORIENTED_EDGE('',*,*,#4409,.T.);
#2440=ORIENTED_EDGE('',*,*,#4410,.F.);
#2441=ORIENTED_EDGE('',*,*,#4164,.F.);
#2442=ORIENTED_EDGE('',*,*,#4410,.T.);
#2443=ORIENTED_EDGE('',*,*,#4411,.T.);
#2444=ORIENTED_EDGE('',*,*,#4404,.F.);
#2445=ORIENTED_EDGE('',*,*,#4170,.T.);
#2446=ORIENTED_EDGE('',*,*,#4172,.T.);
#2447=ORIENTED_EDGE('',*,*,#4180,.T.);
#2448=ORIENTED_EDGE('',*,*,#4174,.T.);
#2449=ORIENTED_EDGE('',*,*,#4177,.T.);
#2450=ORIENTED_EDGE('',*,*,#4179,.T.);
#2451=ORIENTED_EDGE('',*,*,#4181,.T.);
#2452=ORIENTED_EDGE('',*,*,#4167,.T.);
#2453=ORIENTED_EDGE('',*,*,#4412,.F.);
#2454=ORIENTED_EDGE('',*,*,#4413,.F.);
#2455=ORIENTED_EDGE('',*,*,#4414,.F.);
#2456=ORIENTED_EDGE('',*,*,#4415,.F.);
#2457=ORIENTED_EDGE('',*,*,#4416,.F.);
#2458=ORIENTED_EDGE('',*,*,#4417,.F.);
#2459=ORIENTED_EDGE('',*,*,#4418,.F.);
#2460=ORIENTED_EDGE('',*,*,#4419,.F.);
#2461=ORIENTED_EDGE('',*,*,#4420,.F.);
#2462=ORIENTED_EDGE('',*,*,#4421,.F.);
#2463=ORIENTED_EDGE('',*,*,#4422,.F.);
#2464=ORIENTED_EDGE('',*,*,#4423,.F.);
#2465=ORIENTED_EDGE('',*,*,#4424,.F.);
#2466=ORIENTED_EDGE('',*,*,#4425,.F.);
#2467=ORIENTED_EDGE('',*,*,#4426,.F.);
#2468=ORIENTED_EDGE('',*,*,#4427,.F.);
#2469=ORIENTED_EDGE('',*,*,#4428,.F.);
#2470=ORIENTED_EDGE('',*,*,#4429,.F.);
#2471=ORIENTED_EDGE('',*,*,#4430,.F.);
#2472=ORIENTED_EDGE('',*,*,#4431,.F.);
#2473=ORIENTED_EDGE('',*,*,#4432,.F.);
#2474=ORIENTED_EDGE('',*,*,#4433,.F.);
#2475=ORIENTED_EDGE('',*,*,#4434,.F.);
#2476=ORIENTED_EDGE('',*,*,#4435,.F.);
#2477=ORIENTED_EDGE('',*,*,#4436,.F.);
#2478=ORIENTED_EDGE('',*,*,#4437,.F.);
#2479=ORIENTED_EDGE('',*,*,#4438,.F.);
#2480=ORIENTED_EDGE('',*,*,#4439,.F.);
#2481=ORIENTED_EDGE('',*,*,#4440,.F.);
#2482=ORIENTED_EDGE('',*,*,#4441,.F.);
#2483=ORIENTED_EDGE('',*,*,#4442,.F.);
#2484=ORIENTED_EDGE('',*,*,#4443,.F.);
#2485=ORIENTED_EDGE('',*,*,#4444,.F.);
#2486=ORIENTED_EDGE('',*,*,#4445,.F.);
#2487=ORIENTED_EDGE('',*,*,#4446,.F.);
#2488=ORIENTED_EDGE('',*,*,#4447,.F.);
#2489=ORIENTED_EDGE('',*,*,#4448,.F.);
#2490=ORIENTED_EDGE('',*,*,#4449,.F.);
#2491=ORIENTED_EDGE('',*,*,#4450,.F.);
#2492=ORIENTED_EDGE('',*,*,#4451,.F.);
#2493=ORIENTED_EDGE('',*,*,#4452,.F.);
#2494=ORIENTED_EDGE('',*,*,#4453,.F.);
#2495=ORIENTED_EDGE('',*,*,#4454,.F.);
#2496=ORIENTED_EDGE('',*,*,#4455,.F.);
#2497=ORIENTED_EDGE('',*,*,#4456,.F.);
#2498=ORIENTED_EDGE('',*,*,#4457,.F.);
#2499=ORIENTED_EDGE('',*,*,#4458,.F.);
#2500=ORIENTED_EDGE('',*,*,#4459,.F.);
#2501=ORIENTED_EDGE('',*,*,#4460,.F.);
#2502=ORIENTED_EDGE('',*,*,#4461,.F.);
#2503=ORIENTED_EDGE('',*,*,#4462,.F.);
#2504=ORIENTED_EDGE('',*,*,#4463,.F.);
#2505=ORIENTED_EDGE('',*,*,#4464,.F.);
#2506=ORIENTED_EDGE('',*,*,#4465,.F.);
#2507=ORIENTED_EDGE('',*,*,#4466,.F.);
#2508=ORIENTED_EDGE('',*,*,#4467,.F.);
#2509=ORIENTED_EDGE('',*,*,#4468,.F.);
#2510=ORIENTED_EDGE('',*,*,#4469,.F.);
#2511=ORIENTED_EDGE('',*,*,#4470,.F.);
#2512=ORIENTED_EDGE('',*,*,#4471,.F.);
#2513=ORIENTED_EDGE('',*,*,#4472,.F.);
#2514=ORIENTED_EDGE('',*,*,#4473,.F.);
#2515=ORIENTED_EDGE('',*,*,#4474,.F.);
#2516=ORIENTED_EDGE('',*,*,#4475,.F.);
#2517=ORIENTED_EDGE('',*,*,#4476,.F.);
#2518=ORIENTED_EDGE('',*,*,#4477,.F.);
#2519=ORIENTED_EDGE('',*,*,#4478,.F.);
#2520=ORIENTED_EDGE('',*,*,#4479,.F.);
#2521=ORIENTED_EDGE('',*,*,#4480,.F.);
#2522=ORIENTED_EDGE('',*,*,#4481,.F.);
#2523=ORIENTED_EDGE('',*,*,#4482,.F.);
#2524=ORIENTED_EDGE('',*,*,#4483,.F.);
#2525=ORIENTED_EDGE('',*,*,#4484,.F.);
#2526=ORIENTED_EDGE('',*,*,#4485,.F.);
#2527=ORIENTED_EDGE('',*,*,#4486,.F.);
#2528=ORIENTED_EDGE('',*,*,#4487,.F.);
#2529=ORIENTED_EDGE('',*,*,#4488,.F.);
#2530=ORIENTED_EDGE('',*,*,#4489,.F.);
#2531=ORIENTED_EDGE('',*,*,#4490,.F.);
#2532=ORIENTED_EDGE('',*,*,#4491,.F.);
#2533=ORIENTED_EDGE('',*,*,#4492,.F.);
#2534=ORIENTED_EDGE('',*,*,#4493,.F.);
#2535=ORIENTED_EDGE('',*,*,#4494,.F.);
#2536=ORIENTED_EDGE('',*,*,#4495,.F.);
#2537=ORIENTED_EDGE('',*,*,#4496,.F.);
#2538=ORIENTED_EDGE('',*,*,#4497,.F.);
#2539=ORIENTED_EDGE('',*,*,#4498,.F.);
#2540=ORIENTED_EDGE('',*,*,#4499,.F.);
#2541=ORIENTED_EDGE('',*,*,#4500,.F.);
#2542=ORIENTED_EDGE('',*,*,#4501,.F.);
#2543=ORIENTED_EDGE('',*,*,#4502,.F.);
#2544=ORIENTED_EDGE('',*,*,#4503,.F.);
#2545=ORIENTED_EDGE('',*,*,#4504,.F.);
#2546=ORIENTED_EDGE('',*,*,#4505,.F.);
#2547=ORIENTED_EDGE('',*,*,#4506,.F.);
#2548=ORIENTED_EDGE('',*,*,#4507,.F.);
#2549=ORIENTED_EDGE('',*,*,#4508,.F.);
#2550=ORIENTED_EDGE('',*,*,#4509,.F.);
#2551=ORIENTED_EDGE('',*,*,#4510,.F.);
#2552=ORIENTED_EDGE('',*,*,#4511,.F.);
#2553=ORIENTED_EDGE('',*,*,#4512,.F.);
#2554=ORIENTED_EDGE('',*,*,#4513,.F.);
#2555=ORIENTED_EDGE('',*,*,#4514,.F.);
#2556=ORIENTED_EDGE('',*,*,#4515,.F.);
#2557=ORIENTED_EDGE('',*,*,#4516,.F.);
#2558=ORIENTED_EDGE('',*,*,#4517,.F.);
#2559=ORIENTED_EDGE('',*,*,#4518,.F.);
#2560=ORIENTED_EDGE('',*,*,#4519,.F.);
#2561=ORIENTED_EDGE('',*,*,#4520,.F.);
#2562=ORIENTED_EDGE('',*,*,#4521,.F.);
#2563=ORIENTED_EDGE('',*,*,#4522,.F.);
#2564=ORIENTED_EDGE('',*,*,#4523,.F.);
#2565=ORIENTED_EDGE('',*,*,#4524,.F.);
#2566=ORIENTED_EDGE('',*,*,#4525,.F.);
#2567=ORIENTED_EDGE('',*,*,#4526,.F.);
#2568=ORIENTED_EDGE('',*,*,#4527,.F.);
#2569=ORIENTED_EDGE('',*,*,#4528,.F.);
#2570=ORIENTED_EDGE('',*,*,#4529,.F.);
#2571=ORIENTED_EDGE('',*,*,#4530,.F.);
#2572=ORIENTED_EDGE('',*,*,#4531,.F.);
#2573=ORIENTED_EDGE('',*,*,#4532,.F.);
#2574=ORIENTED_EDGE('',*,*,#4533,.F.);
#2575=ORIENTED_EDGE('',*,*,#4534,.F.);
#2576=ORIENTED_EDGE('',*,*,#4535,.F.);
#2577=ORIENTED_EDGE('',*,*,#4536,.F.);
#2578=ORIENTED_EDGE('',*,*,#4537,.F.);
#2579=ORIENTED_EDGE('',*,*,#4538,.F.);
#2580=ORIENTED_EDGE('',*,*,#4539,.F.);
#2581=ORIENTED_EDGE('',*,*,#4540,.F.);
#2582=ORIENTED_EDGE('',*,*,#4541,.F.);
#2583=ORIENTED_EDGE('',*,*,#4542,.F.);
#2584=ORIENTED_EDGE('',*,*,#4543,.F.);
#2585=ORIENTED_EDGE('',*,*,#4544,.F.);
#2586=ORIENTED_EDGE('',*,*,#4545,.F.);
#2587=ORIENTED_EDGE('',*,*,#4546,.F.);
#2588=ORIENTED_EDGE('',*,*,#4547,.F.);
#2589=ORIENTED_EDGE('',*,*,#4548,.F.);
#2590=ORIENTED_EDGE('',*,*,#4549,.F.);
#2591=ORIENTED_EDGE('',*,*,#4550,.F.);
#2592=ORIENTED_EDGE('',*,*,#4551,.F.);
#2593=ORIENTED_EDGE('',*,*,#4552,.F.);
#2594=ORIENTED_EDGE('',*,*,#4183,.F.);
#2595=ORIENTED_EDGE('',*,*,#4213,.F.);
#2596=ORIENTED_EDGE('',*,*,#4211,.F.);
#2597=ORIENTED_EDGE('',*,*,#4209,.F.);
#2598=ORIENTED_EDGE('',*,*,#4207,.F.);
#2599=ORIENTED_EDGE('',*,*,#4205,.F.);
#2600=ORIENTED_EDGE('',*,*,#4203,.F.);
#2601=ORIENTED_EDGE('',*,*,#4201,.F.);
#2602=ORIENTED_EDGE('',*,*,#4199,.F.);
#2603=ORIENTED_EDGE('',*,*,#4197,.F.);
#2604=ORIENTED_EDGE('',*,*,#4195,.F.);
#2605=ORIENTED_EDGE('',*,*,#4193,.F.);
#2606=ORIENTED_EDGE('',*,*,#4191,.F.);
#2607=ORIENTED_EDGE('',*,*,#4189,.F.);
#2608=ORIENTED_EDGE('',*,*,#4187,.F.);
#2609=ORIENTED_EDGE('',*,*,#4185,.F.);
#2610=ORIENTED_EDGE('',*,*,#4215,.F.);
#2611=ORIENTED_EDGE('',*,*,#4229,.F.);
#2612=ORIENTED_EDGE('',*,*,#4227,.F.);
#2613=ORIENTED_EDGE('',*,*,#4225,.F.);
#2614=ORIENTED_EDGE('',*,*,#4223,.F.);
#2615=ORIENTED_EDGE('',*,*,#4221,.F.);
#2616=ORIENTED_EDGE('',*,*,#4219,.F.);
#2617=ORIENTED_EDGE('',*,*,#4217,.F.);
#2618=ORIENTED_EDGE('',*,*,#4231,.F.);
#2619=ORIENTED_EDGE('',*,*,#4289,.F.);
#2620=ORIENTED_EDGE('',*,*,#4287,.F.);
#2621=ORIENTED_EDGE('',*,*,#4285,.F.);
#2622=ORIENTED_EDGE('',*,*,#4283,.F.);
#2623=ORIENTED_EDGE('',*,*,#4281,.F.);
#2624=ORIENTED_EDGE('',*,*,#4279,.F.);
#2625=ORIENTED_EDGE('',*,*,#4277,.F.);
#2626=ORIENTED_EDGE('',*,*,#4275,.F.);
#2627=ORIENTED_EDGE('',*,*,#4273,.F.);
#2628=ORIENTED_EDGE('',*,*,#4271,.F.);
#2629=ORIENTED_EDGE('',*,*,#4269,.F.);
#2630=ORIENTED_EDGE('',*,*,#4267,.F.);
#2631=ORIENTED_EDGE('',*,*,#4265,.F.);
#2632=ORIENTED_EDGE('',*,*,#4263,.F.);
#2633=ORIENTED_EDGE('',*,*,#4261,.F.);
#2634=ORIENTED_EDGE('',*,*,#4259,.F.);
#2635=ORIENTED_EDGE('',*,*,#4257,.F.);
#2636=ORIENTED_EDGE('',*,*,#4255,.F.);
#2637=ORIENTED_EDGE('',*,*,#4253,.F.);
#2638=ORIENTED_EDGE('',*,*,#4251,.F.);
#2639=ORIENTED_EDGE('',*,*,#4249,.F.);
#2640=ORIENTED_EDGE('',*,*,#4247,.F.);
#2641=ORIENTED_EDGE('',*,*,#4245,.F.);
#2642=ORIENTED_EDGE('',*,*,#4243,.F.);
#2643=ORIENTED_EDGE('',*,*,#4241,.F.);
#2644=ORIENTED_EDGE('',*,*,#4239,.F.);
#2645=ORIENTED_EDGE('',*,*,#4237,.F.);
#2646=ORIENTED_EDGE('',*,*,#4235,.F.);
#2647=ORIENTED_EDGE('',*,*,#4233,.F.);
#2648=ORIENTED_EDGE('',*,*,#4291,.F.);
#2649=ORIENTED_EDGE('',*,*,#4311,.F.);
#2650=ORIENTED_EDGE('',*,*,#4309,.F.);
#2651=ORIENTED_EDGE('',*,*,#4307,.F.);
#2652=ORIENTED_EDGE('',*,*,#4305,.F.);
#2653=ORIENTED_EDGE('',*,*,#4303,.F.);
#2654=ORIENTED_EDGE('',*,*,#4301,.F.);
#2655=ORIENTED_EDGE('',*,*,#4299,.F.);
#2656=ORIENTED_EDGE('',*,*,#4297,.F.);
#2657=ORIENTED_EDGE('',*,*,#4295,.F.);
#2658=ORIENTED_EDGE('',*,*,#4293,.F.);
#2659=ORIENTED_EDGE('',*,*,#4553,.F.);
#2660=ORIENTED_EDGE('',*,*,#4554,.F.);
#2661=ORIENTED_EDGE('',*,*,#4555,.F.);
#2662=ORIENTED_EDGE('',*,*,#4556,.F.);
#2663=ORIENTED_EDGE('',*,*,#4557,.F.);
#2664=ORIENTED_EDGE('',*,*,#4558,.F.);
#2665=ORIENTED_EDGE('',*,*,#4559,.F.);
#2666=ORIENTED_EDGE('',*,*,#4560,.F.);
#2667=ORIENTED_EDGE('',*,*,#4313,.F.);
#2668=ORIENTED_EDGE('',*,*,#4349,.F.);
#2669=ORIENTED_EDGE('',*,*,#4347,.F.);
#2670=ORIENTED_EDGE('',*,*,#4345,.F.);
#2671=ORIENTED_EDGE('',*,*,#4343,.F.);
#2672=ORIENTED_EDGE('',*,*,#4341,.F.);
#2673=ORIENTED_EDGE('',*,*,#4339,.F.);
#2674=ORIENTED_EDGE('',*,*,#4337,.F.);
#2675=ORIENTED_EDGE('',*,*,#4335,.F.);
#2676=ORIENTED_EDGE('',*,*,#4333,.F.);
#2677=ORIENTED_EDGE('',*,*,#4331,.F.);
#2678=ORIENTED_EDGE('',*,*,#4329,.F.);
#2679=ORIENTED_EDGE('',*,*,#4327,.F.);
#2680=ORIENTED_EDGE('',*,*,#4325,.F.);
#2681=ORIENTED_EDGE('',*,*,#4323,.F.);
#2682=ORIENTED_EDGE('',*,*,#4321,.F.);
#2683=ORIENTED_EDGE('',*,*,#4319,.F.);
#2684=ORIENTED_EDGE('',*,*,#4317,.F.);
#2685=ORIENTED_EDGE('',*,*,#4315,.F.);
#2686=ORIENTED_EDGE('',*,*,#4351,.F.);
#2687=ORIENTED_EDGE('',*,*,#4379,.F.);
#2688=ORIENTED_EDGE('',*,*,#4377,.F.);
#2689=ORIENTED_EDGE('',*,*,#4375,.F.);
#2690=ORIENTED_EDGE('',*,*,#4373,.F.);
#2691=ORIENTED_EDGE('',*,*,#4371,.F.);
#2692=ORIENTED_EDGE('',*,*,#4369,.F.);
#2693=ORIENTED_EDGE('',*,*,#4367,.F.);
#2694=ORIENTED_EDGE('',*,*,#4365,.F.);
#2695=ORIENTED_EDGE('',*,*,#4363,.F.);
#2696=ORIENTED_EDGE('',*,*,#4361,.F.);
#2697=ORIENTED_EDGE('',*,*,#4359,.F.);
#2698=ORIENTED_EDGE('',*,*,#4357,.F.);
#2699=ORIENTED_EDGE('',*,*,#4355,.F.);
#2700=ORIENTED_EDGE('',*,*,#4353,.F.);
#2701=ORIENTED_EDGE('',*,*,#4403,.F.);
#2702=ORIENTED_EDGE('',*,*,#4401,.F.);
#2703=ORIENTED_EDGE('',*,*,#4399,.F.);
#2704=ORIENTED_EDGE('',*,*,#4397,.F.);
#2705=ORIENTED_EDGE('',*,*,#4395,.F.);
#2706=ORIENTED_EDGE('',*,*,#4393,.F.);
#2707=ORIENTED_EDGE('',*,*,#4391,.F.);
#2708=ORIENTED_EDGE('',*,*,#4389,.F.);
#2709=ORIENTED_EDGE('',*,*,#4387,.F.);
#2710=ORIENTED_EDGE('',*,*,#4385,.F.);
#2711=ORIENTED_EDGE('',*,*,#4383,.F.);
#2712=ORIENTED_EDGE('',*,*,#4381,.F.);
#2713=ORIENTED_EDGE('',*,*,#4561,.F.);
#2714=ORIENTED_EDGE('',*,*,#4562,.F.);
#2715=ORIENTED_EDGE('',*,*,#4563,.F.);
#2716=ORIENTED_EDGE('',*,*,#4564,.F.);
#2717=ORIENTED_EDGE('',*,*,#4565,.F.);
#2718=ORIENTED_EDGE('',*,*,#4566,.F.);
#2719=ORIENTED_EDGE('',*,*,#4567,.F.);
#2720=ORIENTED_EDGE('',*,*,#4568,.F.);
#2721=ORIENTED_EDGE('',*,*,#4405,.F.);
#2722=ORIENTED_EDGE('',*,*,#4411,.F.);
#2723=ORIENTED_EDGE('',*,*,#4409,.F.);
#2724=ORIENTED_EDGE('',*,*,#4407,.F.);
#2725=ORIENTED_EDGE('',*,*,#4412,.T.);
#2726=ORIENTED_EDGE('',*,*,#4569,.T.);
#2727=ORIENTED_EDGE('',*,*,#4570,.T.);
#2728=ORIENTED_EDGE('',*,*,#4571,.F.);
#2729=ORIENTED_EDGE('',*,*,#4423,.T.);
#2730=ORIENTED_EDGE('',*,*,#4572,.T.);
#2731=ORIENTED_EDGE('',*,*,#4573,.T.);
#2732=ORIENTED_EDGE('',*,*,#4569,.F.);
#2733=ORIENTED_EDGE('',*,*,#4422,.T.);
#2734=ORIENTED_EDGE('',*,*,#4574,.T.);
#2735=ORIENTED_EDGE('',*,*,#4575,.T.);
#2736=ORIENTED_EDGE('',*,*,#4572,.F.);
#2737=ORIENTED_EDGE('',*,*,#4421,.T.);
#2738=ORIENTED_EDGE('',*,*,#4576,.T.);
#2739=ORIENTED_EDGE('',*,*,#4577,.T.);
#2740=ORIENTED_EDGE('',*,*,#4574,.F.);
#2741=ORIENTED_EDGE('',*,*,#4420,.T.);
#2742=ORIENTED_EDGE('',*,*,#4578,.T.);
#2743=ORIENTED_EDGE('',*,*,#4579,.T.);
#2744=ORIENTED_EDGE('',*,*,#4576,.F.);
#2745=ORIENTED_EDGE('',*,*,#4419,.T.);
#2746=ORIENTED_EDGE('',*,*,#4580,.T.);
#2747=ORIENTED_EDGE('',*,*,#4581,.T.);
#2748=ORIENTED_EDGE('',*,*,#4578,.F.);
#2749=ORIENTED_EDGE('',*,*,#4418,.T.);
#2750=ORIENTED_EDGE('',*,*,#4582,.T.);
#2751=ORIENTED_EDGE('',*,*,#4583,.T.);
#2752=ORIENTED_EDGE('',*,*,#4580,.F.);
#2753=ORIENTED_EDGE('',*,*,#4417,.T.);
#2754=ORIENTED_EDGE('',*,*,#4584,.T.);
#2755=ORIENTED_EDGE('',*,*,#4585,.T.);
#2756=ORIENTED_EDGE('',*,*,#4582,.F.);
#2757=ORIENTED_EDGE('',*,*,#4416,.T.);
#2758=ORIENTED_EDGE('',*,*,#4586,.T.);
#2759=ORIENTED_EDGE('',*,*,#4587,.T.);
#2760=ORIENTED_EDGE('',*,*,#4584,.F.);
#2761=ORIENTED_EDGE('',*,*,#4415,.T.);
#2762=ORIENTED_EDGE('',*,*,#4588,.T.);
#2763=ORIENTED_EDGE('',*,*,#4589,.T.);
#2764=ORIENTED_EDGE('',*,*,#4586,.F.);
#2765=ORIENTED_EDGE('',*,*,#4414,.T.);
#2766=ORIENTED_EDGE('',*,*,#4590,.T.);
#2767=ORIENTED_EDGE('',*,*,#4591,.T.);
#2768=ORIENTED_EDGE('',*,*,#4588,.F.);
#2769=ORIENTED_EDGE('',*,*,#4413,.T.);
#2770=ORIENTED_EDGE('',*,*,#4571,.T.);
#2771=ORIENTED_EDGE('',*,*,#4592,.T.);
#2772=ORIENTED_EDGE('',*,*,#4590,.F.);
#2773=ORIENTED_EDGE('',*,*,#4424,.T.);
#2774=ORIENTED_EDGE('',*,*,#4593,.T.);
#2775=ORIENTED_EDGE('',*,*,#4594,.T.);
#2776=ORIENTED_EDGE('',*,*,#4595,.F.);
#2777=ORIENTED_EDGE('',*,*,#4456,.T.);
#2778=ORIENTED_EDGE('',*,*,#4596,.T.);
#2779=ORIENTED_EDGE('',*,*,#4597,.T.);
#2780=ORIENTED_EDGE('',*,*,#4593,.F.);
#2781=ORIENTED_EDGE('',*,*,#4455,.T.);
#2782=ORIENTED_EDGE('',*,*,#4598,.T.);
#2783=ORIENTED_EDGE('',*,*,#4599,.T.);
#2784=ORIENTED_EDGE('',*,*,#4596,.F.);
#2785=ORIENTED_EDGE('',*,*,#4454,.T.);
#2786=ORIENTED_EDGE('',*,*,#4600,.T.);
#2787=ORIENTED_EDGE('',*,*,#4601,.T.);
#2788=ORIENTED_EDGE('',*,*,#4598,.F.);
#2789=ORIENTED_EDGE('',*,*,#4453,.T.);
#2790=ORIENTED_EDGE('',*,*,#4602,.T.);
#2791=ORIENTED_EDGE('',*,*,#4603,.T.);
#2792=ORIENTED_EDGE('',*,*,#4600,.F.);
#2793=ORIENTED_EDGE('',*,*,#4452,.T.);
#2794=ORIENTED_EDGE('',*,*,#4604,.T.);
#2795=ORIENTED_EDGE('',*,*,#4605,.T.);
#2796=ORIENTED_EDGE('',*,*,#4602,.F.);
#2797=ORIENTED_EDGE('',*,*,#4451,.T.);
#2798=ORIENTED_EDGE('',*,*,#4606,.T.);
#2799=ORIENTED_EDGE('',*,*,#4607,.T.);
#2800=ORIENTED_EDGE('',*,*,#4604,.F.);
#2801=ORIENTED_EDGE('',*,*,#4450,.T.);
#2802=ORIENTED_EDGE('',*,*,#4608,.T.);
#2803=ORIENTED_EDGE('',*,*,#4609,.T.);
#2804=ORIENTED_EDGE('',*,*,#4606,.F.);
#2805=ORIENTED_EDGE('',*,*,#4449,.T.);
#2806=ORIENTED_EDGE('',*,*,#4610,.T.);
#2807=ORIENTED_EDGE('',*,*,#4611,.T.);
#2808=ORIENTED_EDGE('',*,*,#4608,.F.);
#2809=ORIENTED_EDGE('',*,*,#4448,.T.);
#2810=ORIENTED_EDGE('',*,*,#4612,.T.);
#2811=ORIENTED_EDGE('',*,*,#4613,.T.);
#2812=ORIENTED_EDGE('',*,*,#4610,.F.);
#2813=ORIENTED_EDGE('',*,*,#4447,.T.);
#2814=ORIENTED_EDGE('',*,*,#4614,.T.);
#2815=ORIENTED_EDGE('',*,*,#4615,.T.);
#2816=ORIENTED_EDGE('',*,*,#4612,.F.);
#2817=ORIENTED_EDGE('',*,*,#4446,.T.);
#2818=ORIENTED_EDGE('',*,*,#4616,.T.);
#2819=ORIENTED_EDGE('',*,*,#4617,.T.);
#2820=ORIENTED_EDGE('',*,*,#4614,.F.);
#2821=ORIENTED_EDGE('',*,*,#4445,.T.);
#2822=ORIENTED_EDGE('',*,*,#4618,.T.);
#2823=ORIENTED_EDGE('',*,*,#4619,.T.);
#2824=ORIENTED_EDGE('',*,*,#4616,.F.);
#2825=ORIENTED_EDGE('',*,*,#4444,.T.);
#2826=ORIENTED_EDGE('',*,*,#4620,.T.);
#2827=ORIENTED_EDGE('',*,*,#4621,.T.);
#2828=ORIENTED_EDGE('',*,*,#4618,.F.);
#2829=ORIENTED_EDGE('',*,*,#4443,.T.);
#2830=ORIENTED_EDGE('',*,*,#4622,.T.);
#2831=ORIENTED_EDGE('',*,*,#4623,.T.);
#2832=ORIENTED_EDGE('',*,*,#4620,.F.);
#2833=ORIENTED_EDGE('',*,*,#4442,.T.);
#2834=ORIENTED_EDGE('',*,*,#4624,.T.);
#2835=ORIENTED_EDGE('',*,*,#4625,.T.);
#2836=ORIENTED_EDGE('',*,*,#4622,.F.);
#2837=ORIENTED_EDGE('',*,*,#4441,.T.);
#2838=ORIENTED_EDGE('',*,*,#4626,.T.);
#2839=ORIENTED_EDGE('',*,*,#4627,.T.);
#2840=ORIENTED_EDGE('',*,*,#4624,.F.);
#2841=ORIENTED_EDGE('',*,*,#4440,.T.);
#2842=ORIENTED_EDGE('',*,*,#4628,.T.);
#2843=ORIENTED_EDGE('',*,*,#4629,.T.);
#2844=ORIENTED_EDGE('',*,*,#4626,.F.);
#2845=ORIENTED_EDGE('',*,*,#4439,.T.);
#2846=ORIENTED_EDGE('',*,*,#4630,.T.);
#2847=ORIENTED_EDGE('',*,*,#4631,.T.);
#2848=ORIENTED_EDGE('',*,*,#4628,.F.);
#2849=ORIENTED_EDGE('',*,*,#4438,.T.);
#2850=ORIENTED_EDGE('',*,*,#4632,.T.);
#2851=ORIENTED_EDGE('',*,*,#4633,.T.);
#2852=ORIENTED_EDGE('',*,*,#4630,.F.);
#2853=ORIENTED_EDGE('',*,*,#4437,.T.);
#2854=ORIENTED_EDGE('',*,*,#4634,.T.);
#2855=ORIENTED_EDGE('',*,*,#4635,.T.);
#2856=ORIENTED_EDGE('',*,*,#4632,.F.);
#2857=ORIENTED_EDGE('',*,*,#4436,.T.);
#2858=ORIENTED_EDGE('',*,*,#4636,.T.);
#2859=ORIENTED_EDGE('',*,*,#4637,.T.);
#2860=ORIENTED_EDGE('',*,*,#4634,.F.);
#2861=ORIENTED_EDGE('',*,*,#4435,.T.);
#2862=ORIENTED_EDGE('',*,*,#4638,.T.);
#2863=ORIENTED_EDGE('',*,*,#4639,.T.);
#2864=ORIENTED_EDGE('',*,*,#4636,.F.);
#2865=ORIENTED_EDGE('',*,*,#4434,.T.);
#2866=ORIENTED_EDGE('',*,*,#4640,.T.);
#2867=ORIENTED_EDGE('',*,*,#4641,.T.);
#2868=ORIENTED_EDGE('',*,*,#4638,.F.);
#2869=ORIENTED_EDGE('',*,*,#4433,.T.);
#2870=ORIENTED_EDGE('',*,*,#4642,.T.);
#2871=ORIENTED_EDGE('',*,*,#4643,.T.);
#2872=ORIENTED_EDGE('',*,*,#4640,.F.);
#2873=ORIENTED_EDGE('',*,*,#4432,.T.);
#2874=ORIENTED_EDGE('',*,*,#4644,.T.);
#2875=ORIENTED_EDGE('',*,*,#4645,.T.);
#2876=ORIENTED_EDGE('',*,*,#4642,.F.);
#2877=ORIENTED_EDGE('',*,*,#4431,.T.);
#2878=ORIENTED_EDGE('',*,*,#4646,.T.);
#2879=ORIENTED_EDGE('',*,*,#4647,.T.);
#2880=ORIENTED_EDGE('',*,*,#4644,.F.);
#2881=ORIENTED_EDGE('',*,*,#4430,.T.);
#2882=ORIENTED_EDGE('',*,*,#4648,.T.);
#2883=ORIENTED_EDGE('',*,*,#4649,.T.);
#2884=ORIENTED_EDGE('',*,*,#4646,.F.);
#2885=ORIENTED_EDGE('',*,*,#4429,.T.);
#2886=ORIENTED_EDGE('',*,*,#4650,.T.);
#2887=ORIENTED_EDGE('',*,*,#4651,.T.);
#2888=ORIENTED_EDGE('',*,*,#4648,.F.);
#2889=ORIENTED_EDGE('',*,*,#4428,.T.);
#2890=ORIENTED_EDGE('',*,*,#4652,.T.);
#2891=ORIENTED_EDGE('',*,*,#4653,.T.);
#2892=ORIENTED_EDGE('',*,*,#4650,.F.);
#2893=ORIENTED_EDGE('',*,*,#4427,.T.);
#2894=ORIENTED_EDGE('',*,*,#4654,.T.);
#2895=ORIENTED_EDGE('',*,*,#4655,.T.);
#2896=ORIENTED_EDGE('',*,*,#4652,.F.);
#2897=ORIENTED_EDGE('',*,*,#4426,.T.);
#2898=ORIENTED_EDGE('',*,*,#4656,.T.);
#2899=ORIENTED_EDGE('',*,*,#4657,.T.);
#2900=ORIENTED_EDGE('',*,*,#4654,.F.);
#2901=ORIENTED_EDGE('',*,*,#4425,.T.);
#2902=ORIENTED_EDGE('',*,*,#4595,.T.);
#2903=ORIENTED_EDGE('',*,*,#4658,.T.);
#2904=ORIENTED_EDGE('',*,*,#4656,.F.);
#2905=ORIENTED_EDGE('',*,*,#4457,.T.);
#2906=ORIENTED_EDGE('',*,*,#4659,.T.);
#2907=ORIENTED_EDGE('',*,*,#4660,.T.);
#2908=ORIENTED_EDGE('',*,*,#4661,.F.);
#2909=ORIENTED_EDGE('',*,*,#4489,.T.);
#2910=ORIENTED_EDGE('',*,*,#4662,.T.);
#2911=ORIENTED_EDGE('',*,*,#4663,.T.);
#2912=ORIENTED_EDGE('',*,*,#4659,.F.);
#2913=ORIENTED_EDGE('',*,*,#4488,.T.);
#2914=ORIENTED_EDGE('',*,*,#4664,.T.);
#2915=ORIENTED_EDGE('',*,*,#4665,.T.);
#2916=ORIENTED_EDGE('',*,*,#4662,.F.);
#2917=ORIENTED_EDGE('',*,*,#4487,.T.);
#2918=ORIENTED_EDGE('',*,*,#4666,.T.);
#2919=ORIENTED_EDGE('',*,*,#4667,.T.);
#2920=ORIENTED_EDGE('',*,*,#4664,.F.);
#2921=ORIENTED_EDGE('',*,*,#4486,.T.);
#2922=ORIENTED_EDGE('',*,*,#4668,.T.);
#2923=ORIENTED_EDGE('',*,*,#4669,.T.);
#2924=ORIENTED_EDGE('',*,*,#4666,.F.);
#2925=ORIENTED_EDGE('',*,*,#4485,.T.);
#2926=ORIENTED_EDGE('',*,*,#4670,.T.);
#2927=ORIENTED_EDGE('',*,*,#4671,.T.);
#2928=ORIENTED_EDGE('',*,*,#4668,.F.);
#2929=ORIENTED_EDGE('',*,*,#4484,.T.);
#2930=ORIENTED_EDGE('',*,*,#4672,.T.);
#2931=ORIENTED_EDGE('',*,*,#4673,.T.);
#2932=ORIENTED_EDGE('',*,*,#4670,.F.);
#2933=ORIENTED_EDGE('',*,*,#4483,.T.);
#2934=ORIENTED_EDGE('',*,*,#4674,.T.);
#2935=ORIENTED_EDGE('',*,*,#4675,.T.);
#2936=ORIENTED_EDGE('',*,*,#4672,.F.);
#2937=ORIENTED_EDGE('',*,*,#4482,.T.);
#2938=ORIENTED_EDGE('',*,*,#4676,.T.);
#2939=ORIENTED_EDGE('',*,*,#4677,.T.);
#2940=ORIENTED_EDGE('',*,*,#4674,.F.);
#2941=ORIENTED_EDGE('',*,*,#4481,.T.);
#2942=ORIENTED_EDGE('',*,*,#4678,.T.);
#2943=ORIENTED_EDGE('',*,*,#4679,.T.);
#2944=ORIENTED_EDGE('',*,*,#4676,.F.);
#2945=ORIENTED_EDGE('',*,*,#4480,.T.);
#2946=ORIENTED_EDGE('',*,*,#4680,.T.);
#2947=ORIENTED_EDGE('',*,*,#4681,.T.);
#2948=ORIENTED_EDGE('',*,*,#4678,.F.);
#2949=ORIENTED_EDGE('',*,*,#4479,.T.);
#2950=ORIENTED_EDGE('',*,*,#4682,.T.);
#2951=ORIENTED_EDGE('',*,*,#4683,.T.);
#2952=ORIENTED_EDGE('',*,*,#4680,.F.);
#2953=ORIENTED_EDGE('',*,*,#4478,.T.);
#2954=ORIENTED_EDGE('',*,*,#4684,.T.);
#2955=ORIENTED_EDGE('',*,*,#4685,.T.);
#2956=ORIENTED_EDGE('',*,*,#4682,.F.);
#2957=ORIENTED_EDGE('',*,*,#4477,.T.);
#2958=ORIENTED_EDGE('',*,*,#4686,.T.);
#2959=ORIENTED_EDGE('',*,*,#4687,.T.);
#2960=ORIENTED_EDGE('',*,*,#4684,.F.);
#2961=ORIENTED_EDGE('',*,*,#4476,.T.);
#2962=ORIENTED_EDGE('',*,*,#4688,.T.);
#2963=ORIENTED_EDGE('',*,*,#4689,.T.);
#2964=ORIENTED_EDGE('',*,*,#4686,.F.);
#2965=ORIENTED_EDGE('',*,*,#4475,.T.);
#2966=ORIENTED_EDGE('',*,*,#4690,.T.);
#2967=ORIENTED_EDGE('',*,*,#4691,.T.);
#2968=ORIENTED_EDGE('',*,*,#4688,.F.);
#2969=ORIENTED_EDGE('',*,*,#4474,.T.);
#2970=ORIENTED_EDGE('',*,*,#4692,.T.);
#2971=ORIENTED_EDGE('',*,*,#4693,.T.);
#2972=ORIENTED_EDGE('',*,*,#4690,.F.);
#2973=ORIENTED_EDGE('',*,*,#4473,.T.);
#2974=ORIENTED_EDGE('',*,*,#4694,.T.);
#2975=ORIENTED_EDGE('',*,*,#4695,.T.);
#2976=ORIENTED_EDGE('',*,*,#4692,.F.);
#2977=ORIENTED_EDGE('',*,*,#4472,.T.);
#2978=ORIENTED_EDGE('',*,*,#4696,.T.);
#2979=ORIENTED_EDGE('',*,*,#4697,.T.);
#2980=ORIENTED_EDGE('',*,*,#4694,.F.);
#2981=ORIENTED_EDGE('',*,*,#4471,.T.);
#2982=ORIENTED_EDGE('',*,*,#4698,.T.);
#2983=ORIENTED_EDGE('',*,*,#4699,.T.);
#2984=ORIENTED_EDGE('',*,*,#4696,.F.);
#2985=ORIENTED_EDGE('',*,*,#4470,.T.);
#2986=ORIENTED_EDGE('',*,*,#4700,.T.);
#2987=ORIENTED_EDGE('',*,*,#4701,.T.);
#2988=ORIENTED_EDGE('',*,*,#4698,.F.);
#2989=ORIENTED_EDGE('',*,*,#4469,.T.);
#2990=ORIENTED_EDGE('',*,*,#4702,.T.);
#2991=ORIENTED_EDGE('',*,*,#4703,.T.);
#2992=ORIENTED_EDGE('',*,*,#4700,.F.);
#2993=ORIENTED_EDGE('',*,*,#4468,.T.);
#2994=ORIENTED_EDGE('',*,*,#4704,.T.);
#2995=ORIENTED_EDGE('',*,*,#4705,.T.);
#2996=ORIENTED_EDGE('',*,*,#4702,.F.);
#2997=ORIENTED_EDGE('',*,*,#4467,.T.);
#2998=ORIENTED_EDGE('',*,*,#4706,.T.);
#2999=ORIENTED_EDGE('',*,*,#4707,.T.);
#3000=ORIENTED_EDGE('',*,*,#4704,.F.);
#3001=ORIENTED_EDGE('',*,*,#4466,.T.);
#3002=ORIENTED_EDGE('',*,*,#4708,.T.);
#3003=ORIENTED_EDGE('',*,*,#4709,.T.);
#3004=ORIENTED_EDGE('',*,*,#4706,.F.);
#3005=ORIENTED_EDGE('',*,*,#4465,.T.);
#3006=ORIENTED_EDGE('',*,*,#4710,.T.);
#3007=ORIENTED_EDGE('',*,*,#4711,.T.);
#3008=ORIENTED_EDGE('',*,*,#4708,.F.);
#3009=ORIENTED_EDGE('',*,*,#4464,.T.);
#3010=ORIENTED_EDGE('',*,*,#4712,.T.);
#3011=ORIENTED_EDGE('',*,*,#4713,.T.);
#3012=ORIENTED_EDGE('',*,*,#4710,.F.);
#3013=ORIENTED_EDGE('',*,*,#4463,.T.);
#3014=ORIENTED_EDGE('',*,*,#4714,.T.);
#3015=ORIENTED_EDGE('',*,*,#4715,.T.);
#3016=ORIENTED_EDGE('',*,*,#4712,.F.);
#3017=ORIENTED_EDGE('',*,*,#4462,.T.);
#3018=ORIENTED_EDGE('',*,*,#4716,.T.);
#3019=ORIENTED_EDGE('',*,*,#4717,.T.);
#3020=ORIENTED_EDGE('',*,*,#4714,.F.);
#3021=ORIENTED_EDGE('',*,*,#4461,.T.);
#3022=ORIENTED_EDGE('',*,*,#4718,.T.);
#3023=ORIENTED_EDGE('',*,*,#4719,.T.);
#3024=ORIENTED_EDGE('',*,*,#4716,.F.);
#3025=ORIENTED_EDGE('',*,*,#4460,.T.);
#3026=ORIENTED_EDGE('',*,*,#4720,.T.);
#3027=ORIENTED_EDGE('',*,*,#4721,.T.);
#3028=ORIENTED_EDGE('',*,*,#4718,.F.);
#3029=ORIENTED_EDGE('',*,*,#4459,.T.);
#3030=ORIENTED_EDGE('',*,*,#4722,.T.);
#3031=ORIENTED_EDGE('',*,*,#4723,.T.);
#3032=ORIENTED_EDGE('',*,*,#4720,.F.);
#3033=ORIENTED_EDGE('',*,*,#4458,.T.);
#3034=ORIENTED_EDGE('',*,*,#4661,.T.);
#3035=ORIENTED_EDGE('',*,*,#4724,.T.);
#3036=ORIENTED_EDGE('',*,*,#4722,.F.);
#3037=ORIENTED_EDGE('',*,*,#4490,.T.);
#3038=ORIENTED_EDGE('',*,*,#4725,.T.);
#3039=ORIENTED_EDGE('',*,*,#4726,.T.);
#3040=ORIENTED_EDGE('',*,*,#4727,.F.);
#3041=ORIENTED_EDGE('',*,*,#4516,.T.);
#3042=ORIENTED_EDGE('',*,*,#4728,.T.);
#3043=ORIENTED_EDGE('',*,*,#4729,.T.);
#3044=ORIENTED_EDGE('',*,*,#4725,.F.);
#3045=ORIENTED_EDGE('',*,*,#4515,.T.);
#3046=ORIENTED_EDGE('',*,*,#4730,.T.);
#3047=ORIENTED_EDGE('',*,*,#4731,.T.);
#3048=ORIENTED_EDGE('',*,*,#4728,.F.);
#3049=ORIENTED_EDGE('',*,*,#4514,.T.);
#3050=ORIENTED_EDGE('',*,*,#4732,.T.);
#3051=ORIENTED_EDGE('',*,*,#4733,.T.);
#3052=ORIENTED_EDGE('',*,*,#4730,.F.);
#3053=ORIENTED_EDGE('',*,*,#4513,.T.);
#3054=ORIENTED_EDGE('',*,*,#4734,.T.);
#3055=ORIENTED_EDGE('',*,*,#4735,.T.);
#3056=ORIENTED_EDGE('',*,*,#4732,.F.);
#3057=ORIENTED_EDGE('',*,*,#4512,.T.);
#3058=ORIENTED_EDGE('',*,*,#4736,.T.);
#3059=ORIENTED_EDGE('',*,*,#4737,.T.);
#3060=ORIENTED_EDGE('',*,*,#4734,.F.);
#3061=ORIENTED_EDGE('',*,*,#4511,.T.);
#3062=ORIENTED_EDGE('',*,*,#4738,.T.);
#3063=ORIENTED_EDGE('',*,*,#4739,.T.);
#3064=ORIENTED_EDGE('',*,*,#4736,.F.);
#3065=ORIENTED_EDGE('',*,*,#4510,.T.);
#3066=ORIENTED_EDGE('',*,*,#4740,.T.);
#3067=ORIENTED_EDGE('',*,*,#4741,.T.);
#3068=ORIENTED_EDGE('',*,*,#4738,.F.);
#3069=ORIENTED_EDGE('',*,*,#4509,.T.);
#3070=ORIENTED_EDGE('',*,*,#4742,.T.);
#3071=ORIENTED_EDGE('',*,*,#4743,.T.);
#3072=ORIENTED_EDGE('',*,*,#4740,.F.);
#3073=ORIENTED_EDGE('',*,*,#4508,.T.);
#3074=ORIENTED_EDGE('',*,*,#4744,.T.);
#3075=ORIENTED_EDGE('',*,*,#4745,.T.);
#3076=ORIENTED_EDGE('',*,*,#4742,.F.);
#3077=ORIENTED_EDGE('',*,*,#4507,.T.);
#3078=ORIENTED_EDGE('',*,*,#4746,.T.);
#3079=ORIENTED_EDGE('',*,*,#4747,.T.);
#3080=ORIENTED_EDGE('',*,*,#4744,.F.);
#3081=ORIENTED_EDGE('',*,*,#4506,.T.);
#3082=ORIENTED_EDGE('',*,*,#4748,.T.);
#3083=ORIENTED_EDGE('',*,*,#4749,.T.);
#3084=ORIENTED_EDGE('',*,*,#4746,.F.);
#3085=ORIENTED_EDGE('',*,*,#4505,.T.);
#3086=ORIENTED_EDGE('',*,*,#4750,.T.);
#3087=ORIENTED_EDGE('',*,*,#4751,.T.);
#3088=ORIENTED_EDGE('',*,*,#4748,.F.);
#3089=ORIENTED_EDGE('',*,*,#4504,.T.);
#3090=ORIENTED_EDGE('',*,*,#4752,.T.);
#3091=ORIENTED_EDGE('',*,*,#4753,.T.);
#3092=ORIENTED_EDGE('',*,*,#4750,.F.);
#3093=ORIENTED_EDGE('',*,*,#4503,.T.);
#3094=ORIENTED_EDGE('',*,*,#4754,.T.);
#3095=ORIENTED_EDGE('',*,*,#4755,.T.);
#3096=ORIENTED_EDGE('',*,*,#4752,.F.);
#3097=ORIENTED_EDGE('',*,*,#4502,.T.);
#3098=ORIENTED_EDGE('',*,*,#4756,.T.);
#3099=ORIENTED_EDGE('',*,*,#4757,.T.);
#3100=ORIENTED_EDGE('',*,*,#4754,.F.);
#3101=ORIENTED_EDGE('',*,*,#4501,.T.);
#3102=ORIENTED_EDGE('',*,*,#4758,.T.);
#3103=ORIENTED_EDGE('',*,*,#4759,.T.);
#3104=ORIENTED_EDGE('',*,*,#4756,.F.);
#3105=ORIENTED_EDGE('',*,*,#4500,.T.);
#3106=ORIENTED_EDGE('',*,*,#4760,.T.);
#3107=ORIENTED_EDGE('',*,*,#4761,.T.);
#3108=ORIENTED_EDGE('',*,*,#4758,.F.);
#3109=ORIENTED_EDGE('',*,*,#4499,.T.);
#3110=ORIENTED_EDGE('',*,*,#4762,.T.);
#3111=ORIENTED_EDGE('',*,*,#4763,.T.);
#3112=ORIENTED_EDGE('',*,*,#4760,.F.);
#3113=ORIENTED_EDGE('',*,*,#4498,.T.);
#3114=ORIENTED_EDGE('',*,*,#4764,.T.);
#3115=ORIENTED_EDGE('',*,*,#4765,.T.);
#3116=ORIENTED_EDGE('',*,*,#4762,.F.);
#3117=ORIENTED_EDGE('',*,*,#4497,.T.);
#3118=ORIENTED_EDGE('',*,*,#4766,.T.);
#3119=ORIENTED_EDGE('',*,*,#4767,.T.);
#3120=ORIENTED_EDGE('',*,*,#4764,.F.);
#3121=ORIENTED_EDGE('',*,*,#4496,.T.);
#3122=ORIENTED_EDGE('',*,*,#4768,.T.);
#3123=ORIENTED_EDGE('',*,*,#4769,.T.);
#3124=ORIENTED_EDGE('',*,*,#4766,.F.);
#3125=ORIENTED_EDGE('',*,*,#4495,.T.);
#3126=ORIENTED_EDGE('',*,*,#4770,.T.);
#3127=ORIENTED_EDGE('',*,*,#4771,.T.);
#3128=ORIENTED_EDGE('',*,*,#4768,.F.);
#3129=ORIENTED_EDGE('',*,*,#4494,.T.);
#3130=ORIENTED_EDGE('',*,*,#4772,.T.);
#3131=ORIENTED_EDGE('',*,*,#4773,.T.);
#3132=ORIENTED_EDGE('',*,*,#4770,.F.);
#3133=ORIENTED_EDGE('',*,*,#4493,.T.);
#3134=ORIENTED_EDGE('',*,*,#4774,.T.);
#3135=ORIENTED_EDGE('',*,*,#4775,.T.);
#3136=ORIENTED_EDGE('',*,*,#4772,.F.);
#3137=ORIENTED_EDGE('',*,*,#4492,.T.);
#3138=ORIENTED_EDGE('',*,*,#4776,.T.);
#3139=ORIENTED_EDGE('',*,*,#4777,.T.);
#3140=ORIENTED_EDGE('',*,*,#4774,.F.);
#3141=ORIENTED_EDGE('',*,*,#4491,.T.);
#3142=ORIENTED_EDGE('',*,*,#4727,.T.);
#3143=ORIENTED_EDGE('',*,*,#4778,.T.);
#3144=ORIENTED_EDGE('',*,*,#4776,.F.);
#3145=ORIENTED_EDGE('',*,*,#4517,.T.);
#3146=ORIENTED_EDGE('',*,*,#4779,.T.);
#3147=ORIENTED_EDGE('',*,*,#4780,.T.);
#3148=ORIENTED_EDGE('',*,*,#4781,.F.);
#3149=ORIENTED_EDGE('',*,*,#4544,.T.);
#3150=ORIENTED_EDGE('',*,*,#4782,.T.);
#3151=ORIENTED_EDGE('',*,*,#4783,.T.);
#3152=ORIENTED_EDGE('',*,*,#4779,.F.);
#3153=ORIENTED_EDGE('',*,*,#4543,.T.);
#3154=ORIENTED_EDGE('',*,*,#4784,.T.);
#3155=ORIENTED_EDGE('',*,*,#4785,.T.);
#3156=ORIENTED_EDGE('',*,*,#4782,.F.);
#3157=ORIENTED_EDGE('',*,*,#4542,.T.);
#3158=ORIENTED_EDGE('',*,*,#4786,.T.);
#3159=ORIENTED_EDGE('',*,*,#4787,.T.);
#3160=ORIENTED_EDGE('',*,*,#4784,.F.);
#3161=ORIENTED_EDGE('',*,*,#4541,.T.);
#3162=ORIENTED_EDGE('',*,*,#4788,.T.);
#3163=ORIENTED_EDGE('',*,*,#4789,.T.);
#3164=ORIENTED_EDGE('',*,*,#4786,.F.);
#3165=ORIENTED_EDGE('',*,*,#4540,.T.);
#3166=ORIENTED_EDGE('',*,*,#4790,.T.);
#3167=ORIENTED_EDGE('',*,*,#4791,.T.);
#3168=ORIENTED_EDGE('',*,*,#4788,.F.);
#3169=ORIENTED_EDGE('',*,*,#4539,.T.);
#3170=ORIENTED_EDGE('',*,*,#4792,.T.);
#3171=ORIENTED_EDGE('',*,*,#4793,.T.);
#3172=ORIENTED_EDGE('',*,*,#4790,.F.);
#3173=ORIENTED_EDGE('',*,*,#4538,.T.);
#3174=ORIENTED_EDGE('',*,*,#4794,.T.);
#3175=ORIENTED_EDGE('',*,*,#4795,.T.);
#3176=ORIENTED_EDGE('',*,*,#4792,.F.);
#3177=ORIENTED_EDGE('',*,*,#4537,.T.);
#3178=ORIENTED_EDGE('',*,*,#4796,.T.);
#3179=ORIENTED_EDGE('',*,*,#4797,.T.);
#3180=ORIENTED_EDGE('',*,*,#4794,.F.);
#3181=ORIENTED_EDGE('',*,*,#4536,.T.);
#3182=ORIENTED_EDGE('',*,*,#4798,.T.);
#3183=ORIENTED_EDGE('',*,*,#4799,.T.);
#3184=ORIENTED_EDGE('',*,*,#4796,.F.);
#3185=ORIENTED_EDGE('',*,*,#4535,.T.);
#3186=ORIENTED_EDGE('',*,*,#4800,.T.);
#3187=ORIENTED_EDGE('',*,*,#4801,.T.);
#3188=ORIENTED_EDGE('',*,*,#4798,.F.);
#3189=ORIENTED_EDGE('',*,*,#4534,.T.);
#3190=ORIENTED_EDGE('',*,*,#4802,.T.);
#3191=ORIENTED_EDGE('',*,*,#4803,.T.);
#3192=ORIENTED_EDGE('',*,*,#4800,.F.);
#3193=ORIENTED_EDGE('',*,*,#4533,.T.);
#3194=ORIENTED_EDGE('',*,*,#4804,.T.);
#3195=ORIENTED_EDGE('',*,*,#4805,.T.);
#3196=ORIENTED_EDGE('',*,*,#4802,.F.);
#3197=ORIENTED_EDGE('',*,*,#4532,.T.);
#3198=ORIENTED_EDGE('',*,*,#4806,.T.);
#3199=ORIENTED_EDGE('',*,*,#4807,.T.);
#3200=ORIENTED_EDGE('',*,*,#4804,.F.);
#3201=ORIENTED_EDGE('',*,*,#4531,.T.);
#3202=ORIENTED_EDGE('',*,*,#4808,.T.);
#3203=ORIENTED_EDGE('',*,*,#4809,.T.);
#3204=ORIENTED_EDGE('',*,*,#4806,.F.);
#3205=ORIENTED_EDGE('',*,*,#4530,.T.);
#3206=ORIENTED_EDGE('',*,*,#4810,.T.);
#3207=ORIENTED_EDGE('',*,*,#4811,.T.);
#3208=ORIENTED_EDGE('',*,*,#4808,.F.);
#3209=ORIENTED_EDGE('',*,*,#4529,.T.);
#3210=ORIENTED_EDGE('',*,*,#4812,.T.);
#3211=ORIENTED_EDGE('',*,*,#4813,.T.);
#3212=ORIENTED_EDGE('',*,*,#4810,.F.);
#3213=ORIENTED_EDGE('',*,*,#4528,.T.);
#3214=ORIENTED_EDGE('',*,*,#4814,.T.);
#3215=ORIENTED_EDGE('',*,*,#4815,.T.);
#3216=ORIENTED_EDGE('',*,*,#4812,.F.);
#3217=ORIENTED_EDGE('',*,*,#4527,.T.);
#3218=ORIENTED_EDGE('',*,*,#4816,.T.);
#3219=ORIENTED_EDGE('',*,*,#4817,.T.);
#3220=ORIENTED_EDGE('',*,*,#4814,.F.);
#3221=ORIENTED_EDGE('',*,*,#4526,.T.);
#3222=ORIENTED_EDGE('',*,*,#4818,.T.);
#3223=ORIENTED_EDGE('',*,*,#4819,.T.);
#3224=ORIENTED_EDGE('',*,*,#4816,.F.);
#3225=ORIENTED_EDGE('',*,*,#4525,.T.);
#3226=ORIENTED_EDGE('',*,*,#4820,.T.);
#3227=ORIENTED_EDGE('',*,*,#4821,.T.);
#3228=ORIENTED_EDGE('',*,*,#4818,.F.);
#3229=ORIENTED_EDGE('',*,*,#4524,.T.);
#3230=ORIENTED_EDGE('',*,*,#4822,.T.);
#3231=ORIENTED_EDGE('',*,*,#4823,.T.);
#3232=ORIENTED_EDGE('',*,*,#4820,.F.);
#3233=ORIENTED_EDGE('',*,*,#4523,.T.);
#3234=ORIENTED_EDGE('',*,*,#4824,.T.);
#3235=ORIENTED_EDGE('',*,*,#4825,.T.);
#3236=ORIENTED_EDGE('',*,*,#4822,.F.);
#3237=ORIENTED_EDGE('',*,*,#4522,.T.);
#3238=ORIENTED_EDGE('',*,*,#4826,.T.);
#3239=ORIENTED_EDGE('',*,*,#4827,.T.);
#3240=ORIENTED_EDGE('',*,*,#4824,.F.);
#3241=ORIENTED_EDGE('',*,*,#4521,.T.);
#3242=ORIENTED_EDGE('',*,*,#4828,.T.);
#3243=ORIENTED_EDGE('',*,*,#4829,.T.);
#3244=ORIENTED_EDGE('',*,*,#4826,.F.);
#3245=ORIENTED_EDGE('',*,*,#4520,.T.);
#3246=ORIENTED_EDGE('',*,*,#4830,.T.);
#3247=ORIENTED_EDGE('',*,*,#4831,.T.);
#3248=ORIENTED_EDGE('',*,*,#4828,.F.);
#3249=ORIENTED_EDGE('',*,*,#4519,.T.);
#3250=ORIENTED_EDGE('',*,*,#4832,.T.);
#3251=ORIENTED_EDGE('',*,*,#4833,.T.);
#3252=ORIENTED_EDGE('',*,*,#4830,.F.);
#3253=ORIENTED_EDGE('',*,*,#4518,.T.);
#3254=ORIENTED_EDGE('',*,*,#4781,.T.);
#3255=ORIENTED_EDGE('',*,*,#4834,.T.);
#3256=ORIENTED_EDGE('',*,*,#4832,.F.);
#3257=ORIENTED_EDGE('',*,*,#4545,.T.);
#3258=ORIENTED_EDGE('',*,*,#4835,.T.);
#3259=ORIENTED_EDGE('',*,*,#4836,.T.);
#3260=ORIENTED_EDGE('',*,*,#4837,.F.);
#3261=ORIENTED_EDGE('',*,*,#4552,.T.);
#3262=ORIENTED_EDGE('',*,*,#4838,.T.);
#3263=ORIENTED_EDGE('',*,*,#4839,.T.);
#3264=ORIENTED_EDGE('',*,*,#4835,.F.);
#3265=ORIENTED_EDGE('',*,*,#4551,.T.);
#3266=ORIENTED_EDGE('',*,*,#4840,.T.);
#3267=ORIENTED_EDGE('',*,*,#4841,.T.);
#3268=ORIENTED_EDGE('',*,*,#4838,.F.);
#3269=ORIENTED_EDGE('',*,*,#4550,.T.);
#3270=ORIENTED_EDGE('',*,*,#4842,.T.);
#3271=ORIENTED_EDGE('',*,*,#4843,.T.);
#3272=ORIENTED_EDGE('',*,*,#4840,.F.);
#3273=ORIENTED_EDGE('',*,*,#4549,.T.);
#3274=ORIENTED_EDGE('',*,*,#4844,.T.);
#3275=ORIENTED_EDGE('',*,*,#4845,.T.);
#3276=ORIENTED_EDGE('',*,*,#4842,.F.);
#3277=ORIENTED_EDGE('',*,*,#4548,.T.);
#3278=ORIENTED_EDGE('',*,*,#4846,.T.);
#3279=ORIENTED_EDGE('',*,*,#4847,.T.);
#3280=ORIENTED_EDGE('',*,*,#4844,.F.);
#3281=ORIENTED_EDGE('',*,*,#4547,.T.);
#3282=ORIENTED_EDGE('',*,*,#4848,.T.);
#3283=ORIENTED_EDGE('',*,*,#4849,.T.);
#3284=ORIENTED_EDGE('',*,*,#4846,.F.);
#3285=ORIENTED_EDGE('',*,*,#4546,.T.);
#3286=ORIENTED_EDGE('',*,*,#4837,.T.);
#3287=ORIENTED_EDGE('',*,*,#4850,.T.);
#3288=ORIENTED_EDGE('',*,*,#4848,.F.);
#3289=ORIENTED_EDGE('',*,*,#4851,.F.);
#3290=ORIENTED_EDGE('',*,*,#4852,.T.);
#3291=ORIENTED_EDGE('',*,*,#4553,.T.);
#3292=ORIENTED_EDGE('',*,*,#4853,.F.);
#3293=ORIENTED_EDGE('',*,*,#4854,.F.);
#3294=ORIENTED_EDGE('',*,*,#4855,.T.);
#3295=ORIENTED_EDGE('',*,*,#4554,.T.);
#3296=ORIENTED_EDGE('',*,*,#4852,.F.);
#3297=ORIENTED_EDGE('',*,*,#4856,.F.);
#3298=ORIENTED_EDGE('',*,*,#4857,.T.);
#3299=ORIENTED_EDGE('',*,*,#4555,.T.);
#3300=ORIENTED_EDGE('',*,*,#4855,.F.);
#3301=ORIENTED_EDGE('',*,*,#4858,.T.);
#3302=ORIENTED_EDGE('',*,*,#4859,.T.);
#3303=ORIENTED_EDGE('',*,*,#4556,.T.);
#3304=ORIENTED_EDGE('',*,*,#4857,.F.);
#3305=ORIENTED_EDGE('',*,*,#4860,.T.);
#3306=ORIENTED_EDGE('',*,*,#4861,.T.);
#3307=ORIENTED_EDGE('',*,*,#4557,.T.);
#3308=ORIENTED_EDGE('',*,*,#4859,.F.);
#3309=ORIENTED_EDGE('',*,*,#4862,.T.);
#3310=ORIENTED_EDGE('',*,*,#4863,.T.);
#3311=ORIENTED_EDGE('',*,*,#4558,.T.);
#3312=ORIENTED_EDGE('',*,*,#4861,.F.);
#3313=ORIENTED_EDGE('',*,*,#4864,.T.);
#3314=ORIENTED_EDGE('',*,*,#4865,.T.);
#3315=ORIENTED_EDGE('',*,*,#4559,.T.);
#3316=ORIENTED_EDGE('',*,*,#4863,.F.);
#3317=ORIENTED_EDGE('',*,*,#4866,.T.);
#3318=ORIENTED_EDGE('',*,*,#4853,.T.);
#3319=ORIENTED_EDGE('',*,*,#4560,.T.);
#3320=ORIENTED_EDGE('',*,*,#4865,.F.);
#3321=ORIENTED_EDGE('',*,*,#4867,.T.);
#3322=ORIENTED_EDGE('',*,*,#4868,.T.);
#3323=ORIENTED_EDGE('',*,*,#4561,.T.);
#3324=ORIENTED_EDGE('',*,*,#4869,.F.);
#3325=ORIENTED_EDGE('',*,*,#4870,.T.);
#3326=ORIENTED_EDGE('',*,*,#4871,.T.);
#3327=ORIENTED_EDGE('',*,*,#4562,.T.);
#3328=ORIENTED_EDGE('',*,*,#4868,.F.);
#3329=ORIENTED_EDGE('',*,*,#4872,.T.);
#3330=ORIENTED_EDGE('',*,*,#4873,.T.);
#3331=ORIENTED_EDGE('',*,*,#4563,.T.);
#3332=ORIENTED_EDGE('',*,*,#4871,.F.);
#3333=ORIENTED_EDGE('',*,*,#4874,.T.);
#3334=ORIENTED_EDGE('',*,*,#4875,.T.);
#3335=ORIENTED_EDGE('',*,*,#4564,.T.);
#3336=ORIENTED_EDGE('',*,*,#4873,.F.);
#3337=ORIENTED_EDGE('',*,*,#4876,.T.);
#3338=ORIENTED_EDGE('',*,*,#4877,.T.);
#3339=ORIENTED_EDGE('',*,*,#4565,.T.);
#3340=ORIENTED_EDGE('',*,*,#4875,.F.);
#3341=ORIENTED_EDGE('',*,*,#4878,.T.);
#3342=ORIENTED_EDGE('',*,*,#4879,.T.);
#3343=ORIENTED_EDGE('',*,*,#4566,.T.);
#3344=ORIENTED_EDGE('',*,*,#4877,.F.);
#3345=ORIENTED_EDGE('',*,*,#4880,.T.);
#3346=ORIENTED_EDGE('',*,*,#4881,.T.);
#3347=ORIENTED_EDGE('',*,*,#4567,.T.);
#3348=ORIENTED_EDGE('',*,*,#4879,.F.);
#3349=ORIENTED_EDGE('',*,*,#4882,.T.);
#3350=ORIENTED_EDGE('',*,*,#4869,.T.);
#3351=ORIENTED_EDGE('',*,*,#4568,.T.);
#3352=ORIENTED_EDGE('',*,*,#4881,.F.);
#3353=ORIENTED_EDGE('',*,*,#4570,.F.);
#3354=ORIENTED_EDGE('',*,*,#4573,.F.);
#3355=ORIENTED_EDGE('',*,*,#4575,.F.);
#3356=ORIENTED_EDGE('',*,*,#4577,.F.);
#3357=ORIENTED_EDGE('',*,*,#4579,.F.);
#3358=ORIENTED_EDGE('',*,*,#4581,.F.);
#3359=ORIENTED_EDGE('',*,*,#4583,.F.);
#3360=ORIENTED_EDGE('',*,*,#4585,.F.);
#3361=ORIENTED_EDGE('',*,*,#4587,.F.);
#3362=ORIENTED_EDGE('',*,*,#4589,.F.);
#3363=ORIENTED_EDGE('',*,*,#4591,.F.);
#3364=ORIENTED_EDGE('',*,*,#4592,.F.);
#3365=ORIENTED_EDGE('',*,*,#4883,.F.);
#3366=ORIENTED_EDGE('',*,*,#4884,.F.);
#3367=ORIENTED_EDGE('',*,*,#4885,.F.);
#3368=ORIENTED_EDGE('',*,*,#4886,.F.);
#3369=ORIENTED_EDGE('',*,*,#4887,.F.);
#3370=ORIENTED_EDGE('',*,*,#4888,.F.);
#3371=ORIENTED_EDGE('',*,*,#4889,.F.);
#3372=ORIENTED_EDGE('',*,*,#4890,.F.);
#3373=ORIENTED_EDGE('',*,*,#4891,.F.);
#3374=ORIENTED_EDGE('',*,*,#4892,.F.);
#3375=ORIENTED_EDGE('',*,*,#4893,.F.);
#3376=ORIENTED_EDGE('',*,*,#4894,.F.);
#3377=ORIENTED_EDGE('',*,*,#4594,.F.);
#3378=ORIENTED_EDGE('',*,*,#4597,.F.);
#3379=ORIENTED_EDGE('',*,*,#4599,.F.);
#3380=ORIENTED_EDGE('',*,*,#4601,.F.);
#3381=ORIENTED_EDGE('',*,*,#4603,.F.);
#3382=ORIENTED_EDGE('',*,*,#4605,.F.);
#3383=ORIENTED_EDGE('',*,*,#4607,.F.);
#3384=ORIENTED_EDGE('',*,*,#4609,.F.);
#3385=ORIENTED_EDGE('',*,*,#4611,.F.);
#3386=ORIENTED_EDGE('',*,*,#4613,.F.);
#3387=ORIENTED_EDGE('',*,*,#4615,.F.);
#3388=ORIENTED_EDGE('',*,*,#4617,.F.);
#3389=ORIENTED_EDGE('',*,*,#4619,.F.);
#3390=ORIENTED_EDGE('',*,*,#4621,.F.);
#3391=ORIENTED_EDGE('',*,*,#4623,.F.);
#3392=ORIENTED_EDGE('',*,*,#4625,.F.);
#3393=ORIENTED_EDGE('',*,*,#4627,.F.);
#3394=ORIENTED_EDGE('',*,*,#4629,.F.);
#3395=ORIENTED_EDGE('',*,*,#4631,.F.);
#3396=ORIENTED_EDGE('',*,*,#4633,.F.);
#3397=ORIENTED_EDGE('',*,*,#4635,.F.);
#3398=ORIENTED_EDGE('',*,*,#4637,.F.);
#3399=ORIENTED_EDGE('',*,*,#4639,.F.);
#3400=ORIENTED_EDGE('',*,*,#4641,.F.);
#3401=ORIENTED_EDGE('',*,*,#4643,.F.);
#3402=ORIENTED_EDGE('',*,*,#4645,.F.);
#3403=ORIENTED_EDGE('',*,*,#4647,.F.);
#3404=ORIENTED_EDGE('',*,*,#4649,.F.);
#3405=ORIENTED_EDGE('',*,*,#4651,.F.);
#3406=ORIENTED_EDGE('',*,*,#4653,.F.);
#3407=ORIENTED_EDGE('',*,*,#4655,.F.);
#3408=ORIENTED_EDGE('',*,*,#4657,.F.);
#3409=ORIENTED_EDGE('',*,*,#4658,.F.);
#3410=ORIENTED_EDGE('',*,*,#4660,.F.);
#3411=ORIENTED_EDGE('',*,*,#4663,.F.);
#3412=ORIENTED_EDGE('',*,*,#4665,.F.);
#3413=ORIENTED_EDGE('',*,*,#4667,.F.);
#3414=ORIENTED_EDGE('',*,*,#4669,.F.);
#3415=ORIENTED_EDGE('',*,*,#4671,.F.);
#3416=ORIENTED_EDGE('',*,*,#4673,.F.);
#3417=ORIENTED_EDGE('',*,*,#4675,.F.);
#3418=ORIENTED_EDGE('',*,*,#4677,.F.);
#3419=ORIENTED_EDGE('',*,*,#4679,.F.);
#3420=ORIENTED_EDGE('',*,*,#4681,.F.);
#3421=ORIENTED_EDGE('',*,*,#4683,.F.);
#3422=ORIENTED_EDGE('',*,*,#4685,.F.);
#3423=ORIENTED_EDGE('',*,*,#4687,.F.);
#3424=ORIENTED_EDGE('',*,*,#4689,.F.);
#3425=ORIENTED_EDGE('',*,*,#4691,.F.);
#3426=ORIENTED_EDGE('',*,*,#4693,.F.);
#3427=ORIENTED_EDGE('',*,*,#4695,.F.);
#3428=ORIENTED_EDGE('',*,*,#4697,.F.);
#3429=ORIENTED_EDGE('',*,*,#4699,.F.);
#3430=ORIENTED_EDGE('',*,*,#4701,.F.);
#3431=ORIENTED_EDGE('',*,*,#4703,.F.);
#3432=ORIENTED_EDGE('',*,*,#4705,.F.);
#3433=ORIENTED_EDGE('',*,*,#4707,.F.);
#3434=ORIENTED_EDGE('',*,*,#4709,.F.);
#3435=ORIENTED_EDGE('',*,*,#4711,.F.);
#3436=ORIENTED_EDGE('',*,*,#4713,.F.);
#3437=ORIENTED_EDGE('',*,*,#4715,.F.);
#3438=ORIENTED_EDGE('',*,*,#4717,.F.);
#3439=ORIENTED_EDGE('',*,*,#4719,.F.);
#3440=ORIENTED_EDGE('',*,*,#4721,.F.);
#3441=ORIENTED_EDGE('',*,*,#4723,.F.);
#3442=ORIENTED_EDGE('',*,*,#4724,.F.);
#3443=ORIENTED_EDGE('',*,*,#4726,.F.);
#3444=ORIENTED_EDGE('',*,*,#4729,.F.);
#3445=ORIENTED_EDGE('',*,*,#4731,.F.);
#3446=ORIENTED_EDGE('',*,*,#4733,.F.);
#3447=ORIENTED_EDGE('',*,*,#4735,.F.);
#3448=ORIENTED_EDGE('',*,*,#4737,.F.);
#3449=ORIENTED_EDGE('',*,*,#4739,.F.);
#3450=ORIENTED_EDGE('',*,*,#4741,.F.);
#3451=ORIENTED_EDGE('',*,*,#4743,.F.);
#3452=ORIENTED_EDGE('',*,*,#4745,.F.);
#3453=ORIENTED_EDGE('',*,*,#4747,.F.);
#3454=ORIENTED_EDGE('',*,*,#4749,.F.);
#3455=ORIENTED_EDGE('',*,*,#4751,.F.);
#3456=ORIENTED_EDGE('',*,*,#4753,.F.);
#3457=ORIENTED_EDGE('',*,*,#4755,.F.);
#3458=ORIENTED_EDGE('',*,*,#4757,.F.);
#3459=ORIENTED_EDGE('',*,*,#4759,.F.);
#3460=ORIENTED_EDGE('',*,*,#4761,.F.);
#3461=ORIENTED_EDGE('',*,*,#4763,.F.);
#3462=ORIENTED_EDGE('',*,*,#4765,.F.);
#3463=ORIENTED_EDGE('',*,*,#4767,.F.);
#3464=ORIENTED_EDGE('',*,*,#4769,.F.);
#3465=ORIENTED_EDGE('',*,*,#4771,.F.);
#3466=ORIENTED_EDGE('',*,*,#4773,.F.);
#3467=ORIENTED_EDGE('',*,*,#4775,.F.);
#3468=ORIENTED_EDGE('',*,*,#4777,.F.);
#3469=ORIENTED_EDGE('',*,*,#4778,.F.);
#3470=ORIENTED_EDGE('',*,*,#4895,.F.);
#3471=ORIENTED_EDGE('',*,*,#4896,.F.);
#3472=ORIENTED_EDGE('',*,*,#4897,.F.);
#3473=ORIENTED_EDGE('',*,*,#4898,.F.);
#3474=ORIENTED_EDGE('',*,*,#4899,.F.);
#3475=ORIENTED_EDGE('',*,*,#4900,.F.);
#3476=ORIENTED_EDGE('',*,*,#4901,.F.);
#3477=ORIENTED_EDGE('',*,*,#4902,.F.);
#3478=ORIENTED_EDGE('',*,*,#4903,.F.);
#3479=ORIENTED_EDGE('',*,*,#4904,.F.);
#3480=ORIENTED_EDGE('',*,*,#4780,.F.);
#3481=ORIENTED_EDGE('',*,*,#4783,.F.);
#3482=ORIENTED_EDGE('',*,*,#4785,.F.);
#3483=ORIENTED_EDGE('',*,*,#4787,.F.);
#3484=ORIENTED_EDGE('',*,*,#4789,.F.);
#3485=ORIENTED_EDGE('',*,*,#4791,.F.);
#3486=ORIENTED_EDGE('',*,*,#4793,.F.);
#3487=ORIENTED_EDGE('',*,*,#4795,.F.);
#3488=ORIENTED_EDGE('',*,*,#4797,.F.);
#3489=ORIENTED_EDGE('',*,*,#4799,.F.);
#3490=ORIENTED_EDGE('',*,*,#4801,.F.);
#3491=ORIENTED_EDGE('',*,*,#4803,.F.);
#3492=ORIENTED_EDGE('',*,*,#4805,.F.);
#3493=ORIENTED_EDGE('',*,*,#4807,.F.);
#3494=ORIENTED_EDGE('',*,*,#4809,.F.);
#3495=ORIENTED_EDGE('',*,*,#4811,.F.);
#3496=ORIENTED_EDGE('',*,*,#4813,.F.);
#3497=ORIENTED_EDGE('',*,*,#4815,.F.);
#3498=ORIENTED_EDGE('',*,*,#4817,.F.);
#3499=ORIENTED_EDGE('',*,*,#4819,.F.);
#3500=ORIENTED_EDGE('',*,*,#4821,.F.);
#3501=ORIENTED_EDGE('',*,*,#4823,.F.);
#3502=ORIENTED_EDGE('',*,*,#4825,.F.);
#3503=ORIENTED_EDGE('',*,*,#4827,.F.);
#3504=ORIENTED_EDGE('',*,*,#4829,.F.);
#3505=ORIENTED_EDGE('',*,*,#4831,.F.);
#3506=ORIENTED_EDGE('',*,*,#4833,.F.);
#3507=ORIENTED_EDGE('',*,*,#4834,.F.);
#3508=ORIENTED_EDGE('',*,*,#4836,.F.);
#3509=ORIENTED_EDGE('',*,*,#4839,.F.);
#3510=ORIENTED_EDGE('',*,*,#4841,.F.);
#3511=ORIENTED_EDGE('',*,*,#4843,.F.);
#3512=ORIENTED_EDGE('',*,*,#4845,.F.);
#3513=ORIENTED_EDGE('',*,*,#4847,.F.);
#3514=ORIENTED_EDGE('',*,*,#4849,.F.);
#3515=ORIENTED_EDGE('',*,*,#4850,.F.);
#3516=ORIENTED_EDGE('',*,*,#4905,.F.);
#3517=ORIENTED_EDGE('',*,*,#4906,.F.);
#3518=ORIENTED_EDGE('',*,*,#4907,.F.);
#3519=ORIENTED_EDGE('',*,*,#4908,.F.);
#3520=ORIENTED_EDGE('',*,*,#4909,.F.);
#3521=ORIENTED_EDGE('',*,*,#4866,.F.);
#3522=ORIENTED_EDGE('',*,*,#4864,.F.);
#3523=ORIENTED_EDGE('',*,*,#4862,.F.);
#3524=ORIENTED_EDGE('',*,*,#4860,.F.);
#3525=ORIENTED_EDGE('',*,*,#4858,.F.);
#3526=ORIENTED_EDGE('',*,*,#4856,.T.);
#3527=ORIENTED_EDGE('',*,*,#4854,.T.);
#3528=ORIENTED_EDGE('',*,*,#4851,.T.);
#3529=ORIENTED_EDGE('',*,*,#4880,.F.);
#3530=ORIENTED_EDGE('',*,*,#4878,.F.);
#3531=ORIENTED_EDGE('',*,*,#4876,.F.);
#3532=ORIENTED_EDGE('',*,*,#4874,.F.);
#3533=ORIENTED_EDGE('',*,*,#4872,.F.);
#3534=ORIENTED_EDGE('',*,*,#4870,.F.);
#3535=ORIENTED_EDGE('',*,*,#4867,.F.);
#3536=ORIENTED_EDGE('',*,*,#4882,.F.);
#3537=ORIENTED_EDGE('',*,*,#4910,.T.);
#3538=ORIENTED_EDGE('',*,*,#4911,.T.);
#3539=ORIENTED_EDGE('',*,*,#4883,.T.);
#3540=ORIENTED_EDGE('',*,*,#4912,.F.);
#3541=ORIENTED_EDGE('',*,*,#4913,.T.);
#3542=ORIENTED_EDGE('',*,*,#4914,.T.);
#3543=ORIENTED_EDGE('',*,*,#4884,.T.);
#3544=ORIENTED_EDGE('',*,*,#4911,.F.);
#3545=ORIENTED_EDGE('',*,*,#4915,.T.);
#3546=ORIENTED_EDGE('',*,*,#4916,.T.);
#3547=ORIENTED_EDGE('',*,*,#4885,.T.);
#3548=ORIENTED_EDGE('',*,*,#4914,.F.);
#3549=ORIENTED_EDGE('',*,*,#4917,.T.);
#3550=ORIENTED_EDGE('',*,*,#4918,.T.);
#3551=ORIENTED_EDGE('',*,*,#4886,.T.);
#3552=ORIENTED_EDGE('',*,*,#4916,.F.);
#3553=ORIENTED_EDGE('',*,*,#4919,.T.);
#3554=ORIENTED_EDGE('',*,*,#4920,.T.);
#3555=ORIENTED_EDGE('',*,*,#4887,.T.);
#3556=ORIENTED_EDGE('',*,*,#4918,.F.);
#3557=ORIENTED_EDGE('',*,*,#4921,.T.);
#3558=ORIENTED_EDGE('',*,*,#4922,.T.);
#3559=ORIENTED_EDGE('',*,*,#4888,.T.);
#3560=ORIENTED_EDGE('',*,*,#4920,.F.);
#3561=ORIENTED_EDGE('',*,*,#4923,.T.);
#3562=ORIENTED_EDGE('',*,*,#4924,.T.);
#3563=ORIENTED_EDGE('',*,*,#4889,.T.);
#3564=ORIENTED_EDGE('',*,*,#4922,.F.);
#3565=ORIENTED_EDGE('',*,*,#4925,.T.);
#3566=ORIENTED_EDGE('',*,*,#4926,.T.);
#3567=ORIENTED_EDGE('',*,*,#4890,.T.);
#3568=ORIENTED_EDGE('',*,*,#4924,.F.);
#3569=ORIENTED_EDGE('',*,*,#4927,.T.);
#3570=ORIENTED_EDGE('',*,*,#4928,.T.);
#3571=ORIENTED_EDGE('',*,*,#4891,.T.);
#3572=ORIENTED_EDGE('',*,*,#4926,.F.);
#3573=ORIENTED_EDGE('',*,*,#4929,.T.);
#3574=ORIENTED_EDGE('',*,*,#4930,.T.);
#3575=ORIENTED_EDGE('',*,*,#4892,.T.);
#3576=ORIENTED_EDGE('',*,*,#4928,.F.);
#3577=ORIENTED_EDGE('',*,*,#4931,.T.);
#3578=ORIENTED_EDGE('',*,*,#4932,.T.);
#3579=ORIENTED_EDGE('',*,*,#4893,.T.);
#3580=ORIENTED_EDGE('',*,*,#4930,.F.);
#3581=ORIENTED_EDGE('',*,*,#4933,.T.);
#3582=ORIENTED_EDGE('',*,*,#4912,.T.);
#3583=ORIENTED_EDGE('',*,*,#4894,.T.);
#3584=ORIENTED_EDGE('',*,*,#4932,.F.);
#3585=ORIENTED_EDGE('',*,*,#4934,.T.);
#3586=ORIENTED_EDGE('',*,*,#4935,.T.);
#3587=ORIENTED_EDGE('',*,*,#4895,.T.);
#3588=ORIENTED_EDGE('',*,*,#4936,.F.);
#3589=ORIENTED_EDGE('',*,*,#4937,.T.);
#3590=ORIENTED_EDGE('',*,*,#4938,.T.);
#3591=ORIENTED_EDGE('',*,*,#4896,.T.);
#3592=ORIENTED_EDGE('',*,*,#4935,.F.);
#3593=ORIENTED_EDGE('',*,*,#4939,.T.);
#3594=ORIENTED_EDGE('',*,*,#4940,.T.);
#3595=ORIENTED_EDGE('',*,*,#4897,.T.);
#3596=ORIENTED_EDGE('',*,*,#4938,.F.);
#3597=ORIENTED_EDGE('',*,*,#4941,.T.);
#3598=ORIENTED_EDGE('',*,*,#4942,.T.);
#3599=ORIENTED_EDGE('',*,*,#4898,.T.);
#3600=ORIENTED_EDGE('',*,*,#4940,.F.);
#3601=ORIENTED_EDGE('',*,*,#4943,.T.);
#3602=ORIENTED_EDGE('',*,*,#4944,.T.);
#3603=ORIENTED_EDGE('',*,*,#4899,.T.);
#3604=ORIENTED_EDGE('',*,*,#4942,.F.);
#3605=ORIENTED_EDGE('',*,*,#4945,.T.);
#3606=ORIENTED_EDGE('',*,*,#4946,.T.);
#3607=ORIENTED_EDGE('',*,*,#4900,.T.);
#3608=ORIENTED_EDGE('',*,*,#4944,.F.);
#3609=ORIENTED_EDGE('',*,*,#4947,.T.);
#3610=ORIENTED_EDGE('',*,*,#4948,.T.);
#3611=ORIENTED_EDGE('',*,*,#4901,.T.);
#3612=ORIENTED_EDGE('',*,*,#4946,.F.);
#3613=ORIENTED_EDGE('',*,*,#4949,.T.);
#3614=ORIENTED_EDGE('',*,*,#4950,.T.);
#3615=ORIENTED_EDGE('',*,*,#4902,.T.);
#3616=ORIENTED_EDGE('',*,*,#4948,.F.);
#3617=ORIENTED_EDGE('',*,*,#4951,.T.);
#3618=ORIENTED_EDGE('',*,*,#4952,.T.);
#3619=ORIENTED_EDGE('',*,*,#4903,.T.);
#3620=ORIENTED_EDGE('',*,*,#4950,.F.);
#3621=ORIENTED_EDGE('',*,*,#4953,.T.);
#3622=ORIENTED_EDGE('',*,*,#4936,.T.);
#3623=ORIENTED_EDGE('',*,*,#4904,.T.);
#3624=ORIENTED_EDGE('',*,*,#4952,.F.);
#3625=ORIENTED_EDGE('',*,*,#4954,.T.);
#3626=ORIENTED_EDGE('',*,*,#4955,.T.);
#3627=ORIENTED_EDGE('',*,*,#4905,.T.);
#3628=ORIENTED_EDGE('',*,*,#4956,.F.);
#3629=ORIENTED_EDGE('',*,*,#4957,.T.);
#3630=ORIENTED_EDGE('',*,*,#4958,.T.);
#3631=ORIENTED_EDGE('',*,*,#4906,.T.);
#3632=ORIENTED_EDGE('',*,*,#4955,.F.);
#3633=ORIENTED_EDGE('',*,*,#4959,.T.);
#3634=ORIENTED_EDGE('',*,*,#4960,.T.);
#3635=ORIENTED_EDGE('',*,*,#4907,.T.);
#3636=ORIENTED_EDGE('',*,*,#4958,.F.);
#3637=ORIENTED_EDGE('',*,*,#4961,.T.);
#3638=ORIENTED_EDGE('',*,*,#4962,.T.);
#3639=ORIENTED_EDGE('',*,*,#4908,.T.);
#3640=ORIENTED_EDGE('',*,*,#4960,.F.);
#3641=ORIENTED_EDGE('',*,*,#4963,.T.);
#3642=ORIENTED_EDGE('',*,*,#4956,.T.);
#3643=ORIENTED_EDGE('',*,*,#4909,.T.);
#3644=ORIENTED_EDGE('',*,*,#4962,.F.);
#3645=ORIENTED_EDGE('',*,*,#4910,.F.);
#3646=ORIENTED_EDGE('',*,*,#4933,.F.);
#3647=ORIENTED_EDGE('',*,*,#4931,.F.);
#3648=ORIENTED_EDGE('',*,*,#4929,.F.);
#3649=ORIENTED_EDGE('',*,*,#4927,.F.);
#3650=ORIENTED_EDGE('',*,*,#4925,.F.);
#3651=ORIENTED_EDGE('',*,*,#4923,.F.);
#3652=ORIENTED_EDGE('',*,*,#4921,.F.);
#3653=ORIENTED_EDGE('',*,*,#4919,.F.);
#3654=ORIENTED_EDGE('',*,*,#4917,.F.);
#3655=ORIENTED_EDGE('',*,*,#4915,.F.);
#3656=ORIENTED_EDGE('',*,*,#4913,.F.);
#3657=ORIENTED_EDGE('',*,*,#4964,.F.);
#3658=ORIENTED_EDGE('',*,*,#4965,.F.);
#3659=ORIENTED_EDGE('',*,*,#4966,.F.);
#3660=ORIENTED_EDGE('',*,*,#4967,.F.);
#3661=ORIENTED_EDGE('',*,*,#4968,.F.);
#3662=ORIENTED_EDGE('',*,*,#4969,.F.);
#3663=ORIENTED_EDGE('',*,*,#4970,.F.);
#3664=ORIENTED_EDGE('',*,*,#4971,.F.);
#3665=ORIENTED_EDGE('',*,*,#4972,.F.);
#3666=ORIENTED_EDGE('',*,*,#4973,.F.);
#3667=ORIENTED_EDGE('',*,*,#4974,.F.);
#3668=ORIENTED_EDGE('',*,*,#4975,.F.);
#3669=ORIENTED_EDGE('',*,*,#4976,.F.);
#3670=ORIENTED_EDGE('',*,*,#4977,.F.);
#3671=ORIENTED_EDGE('',*,*,#4978,.F.);
#3672=ORIENTED_EDGE('',*,*,#4979,.F.);
#3673=ORIENTED_EDGE('',*,*,#4980,.F.);
#3674=ORIENTED_EDGE('',*,*,#4934,.F.);
#3675=ORIENTED_EDGE('',*,*,#4953,.F.);
#3676=ORIENTED_EDGE('',*,*,#4951,.F.);
#3677=ORIENTED_EDGE('',*,*,#4949,.F.);
#3678=ORIENTED_EDGE('',*,*,#4947,.F.);
#3679=ORIENTED_EDGE('',*,*,#4945,.F.);
#3680=ORIENTED_EDGE('',*,*,#4943,.F.);
#3681=ORIENTED_EDGE('',*,*,#4941,.F.);
#3682=ORIENTED_EDGE('',*,*,#4939,.F.);
#3683=ORIENTED_EDGE('',*,*,#4937,.F.);
#3684=ORIENTED_EDGE('',*,*,#4954,.F.);
#3685=ORIENTED_EDGE('',*,*,#4963,.F.);
#3686=ORIENTED_EDGE('',*,*,#4961,.F.);
#3687=ORIENTED_EDGE('',*,*,#4959,.F.);
#3688=ORIENTED_EDGE('',*,*,#4957,.F.);
#3689=ORIENTED_EDGE('',*,*,#4964,.T.);
#3690=ORIENTED_EDGE('',*,*,#4981,.T.);
#3691=ORIENTED_EDGE('',*,*,#4982,.T.);
#3692=ORIENTED_EDGE('',*,*,#4983,.F.);
#3693=ORIENTED_EDGE('',*,*,#4980,.T.);
#3694=ORIENTED_EDGE('',*,*,#4984,.T.);
#3695=ORIENTED_EDGE('',*,*,#4985,.T.);
#3696=ORIENTED_EDGE('',*,*,#4981,.F.);
#3697=ORIENTED_EDGE('',*,*,#4979,.T.);
#3698=ORIENTED_EDGE('',*,*,#4986,.T.);
#3699=ORIENTED_EDGE('',*,*,#4987,.T.);
#3700=ORIENTED_EDGE('',*,*,#4984,.F.);
#3701=ORIENTED_EDGE('',*,*,#4978,.T.);
#3702=ORIENTED_EDGE('',*,*,#4988,.T.);
#3703=ORIENTED_EDGE('',*,*,#4989,.T.);
#3704=ORIENTED_EDGE('',*,*,#4986,.F.);
#3705=ORIENTED_EDGE('',*,*,#4977,.T.);
#3706=ORIENTED_EDGE('',*,*,#4990,.T.);
#3707=ORIENTED_EDGE('',*,*,#4991,.T.);
#3708=ORIENTED_EDGE('',*,*,#4988,.F.);
#3709=ORIENTED_EDGE('',*,*,#4976,.T.);
#3710=ORIENTED_EDGE('',*,*,#4992,.T.);
#3711=ORIENTED_EDGE('',*,*,#4993,.T.);
#3712=ORIENTED_EDGE('',*,*,#4990,.F.);
#3713=ORIENTED_EDGE('',*,*,#4975,.T.);
#3714=ORIENTED_EDGE('',*,*,#4994,.T.);
#3715=ORIENTED_EDGE('',*,*,#4995,.T.);
#3716=ORIENTED_EDGE('',*,*,#4992,.F.);
#3717=ORIENTED_EDGE('',*,*,#4974,.T.);
#3718=ORIENTED_EDGE('',*,*,#4996,.T.);
#3719=ORIENTED_EDGE('',*,*,#4997,.T.);
#3720=ORIENTED_EDGE('',*,*,#4994,.F.);
#3721=ORIENTED_EDGE('',*,*,#4973,.T.);
#3722=ORIENTED_EDGE('',*,*,#4998,.T.);
#3723=ORIENTED_EDGE('',*,*,#4999,.T.);
#3724=ORIENTED_EDGE('',*,*,#4996,.F.);
#3725=ORIENTED_EDGE('',*,*,#4972,.T.);
#3726=ORIENTED_EDGE('',*,*,#5000,.T.);
#3727=ORIENTED_EDGE('',*,*,#5001,.T.);
#3728=ORIENTED_EDGE('',*,*,#4998,.F.);
#3729=ORIENTED_EDGE('',*,*,#4971,.T.);
#3730=ORIENTED_EDGE('',*,*,#5002,.T.);
#3731=ORIENTED_EDGE('',*,*,#5003,.T.);
#3732=ORIENTED_EDGE('',*,*,#5000,.F.);
#3733=ORIENTED_EDGE('',*,*,#4970,.T.);
#3734=ORIENTED_EDGE('',*,*,#5004,.T.);
#3735=ORIENTED_EDGE('',*,*,#5005,.T.);
#3736=ORIENTED_EDGE('',*,*,#5002,.F.);
#3737=ORIENTED_EDGE('',*,*,#4969,.T.);
#3738=ORIENTED_EDGE('',*,*,#5006,.T.);
#3739=ORIENTED_EDGE('',*,*,#5007,.T.);
#3740=ORIENTED_EDGE('',*,*,#5004,.F.);
#3741=ORIENTED_EDGE('',*,*,#4968,.T.);
#3742=ORIENTED_EDGE('',*,*,#5008,.T.);
#3743=ORIENTED_EDGE('',*,*,#5009,.T.);
#3744=ORIENTED_EDGE('',*,*,#5006,.F.);
#3745=ORIENTED_EDGE('',*,*,#4967,.T.);
#3746=ORIENTED_EDGE('',*,*,#5010,.T.);
#3747=ORIENTED_EDGE('',*,*,#5011,.T.);
#3748=ORIENTED_EDGE('',*,*,#5008,.F.);
#3749=ORIENTED_EDGE('',*,*,#4966,.T.);
#3750=ORIENTED_EDGE('',*,*,#5012,.T.);
#3751=ORIENTED_EDGE('',*,*,#5013,.T.);
#3752=ORIENTED_EDGE('',*,*,#5010,.F.);
#3753=ORIENTED_EDGE('',*,*,#4965,.T.);
#3754=ORIENTED_EDGE('',*,*,#4983,.T.);
#3755=ORIENTED_EDGE('',*,*,#5014,.T.);
#3756=ORIENTED_EDGE('',*,*,#5012,.F.);
#3757=ORIENTED_EDGE('',*,*,#4982,.F.);
#3758=ORIENTED_EDGE('',*,*,#4985,.F.);
#3759=ORIENTED_EDGE('',*,*,#4987,.F.);
#3760=ORIENTED_EDGE('',*,*,#4989,.F.);
#3761=ORIENTED_EDGE('',*,*,#4991,.F.);
#3762=ORIENTED_EDGE('',*,*,#4993,.F.);
#3763=ORIENTED_EDGE('',*,*,#4995,.F.);
#3764=ORIENTED_EDGE('',*,*,#4997,.F.);
#3765=ORIENTED_EDGE('',*,*,#4999,.F.);
#3766=ORIENTED_EDGE('',*,*,#5001,.F.);
#3767=ORIENTED_EDGE('',*,*,#5003,.F.);
#3768=ORIENTED_EDGE('',*,*,#5005,.F.);
#3769=ORIENTED_EDGE('',*,*,#5007,.F.);
#3770=ORIENTED_EDGE('',*,*,#5009,.F.);
#3771=ORIENTED_EDGE('',*,*,#5011,.F.);
#3772=ORIENTED_EDGE('',*,*,#5013,.F.);
#3773=ORIENTED_EDGE('',*,*,#5014,.F.);
#3774=ORIENTED_EDGE('',*,*,#5015,.F.);
#3775=ORIENTED_EDGE('',*,*,#5016,.F.);
#3776=ORIENTED_EDGE('',*,*,#5017,.F.);
#3777=ORIENTED_EDGE('',*,*,#5018,.F.);
#3778=ORIENTED_EDGE('',*,*,#5019,.F.);
#3779=ORIENTED_EDGE('',*,*,#5020,.F.);
#3780=ORIENTED_EDGE('',*,*,#5021,.F.);
#3781=ORIENTED_EDGE('',*,*,#5022,.F.);
#3782=ORIENTED_EDGE('',*,*,#5023,.T.);
#3783=ORIENTED_EDGE('',*,*,#5024,.T.);
#3784=ORIENTED_EDGE('',*,*,#5015,.T.);
#3785=ORIENTED_EDGE('',*,*,#5025,.F.);
#3786=ORIENTED_EDGE('',*,*,#5026,.T.);
#3787=ORIENTED_EDGE('',*,*,#5027,.T.);
#3788=ORIENTED_EDGE('',*,*,#5016,.T.);
#3789=ORIENTED_EDGE('',*,*,#5024,.F.);
#3790=ORIENTED_EDGE('',*,*,#5028,.T.);
#3791=ORIENTED_EDGE('',*,*,#5029,.T.);
#3792=ORIENTED_EDGE('',*,*,#5017,.T.);
#3793=ORIENTED_EDGE('',*,*,#5027,.F.);
#3794=ORIENTED_EDGE('',*,*,#5030,.T.);
#3795=ORIENTED_EDGE('',*,*,#5031,.T.);
#3796=ORIENTED_EDGE('',*,*,#5018,.T.);
#3797=ORIENTED_EDGE('',*,*,#5029,.F.);
#3798=ORIENTED_EDGE('',*,*,#5032,.T.);
#3799=ORIENTED_EDGE('',*,*,#5033,.T.);
#3800=ORIENTED_EDGE('',*,*,#5019,.T.);
#3801=ORIENTED_EDGE('',*,*,#5031,.F.);
#3802=ORIENTED_EDGE('',*,*,#5034,.T.);
#3803=ORIENTED_EDGE('',*,*,#5035,.T.);
#3804=ORIENTED_EDGE('',*,*,#5020,.T.);
#3805=ORIENTED_EDGE('',*,*,#5033,.F.);
#3806=ORIENTED_EDGE('',*,*,#5036,.T.);
#3807=ORIENTED_EDGE('',*,*,#5037,.T.);
#3808=ORIENTED_EDGE('',*,*,#5021,.T.);
#3809=ORIENTED_EDGE('',*,*,#5035,.F.);
#3810=ORIENTED_EDGE('',*,*,#5038,.T.);
#3811=ORIENTED_EDGE('',*,*,#5025,.T.);
#3812=ORIENTED_EDGE('',*,*,#5022,.T.);
#3813=ORIENTED_EDGE('',*,*,#5037,.F.);
#3814=ORIENTED_EDGE('',*,*,#5023,.F.);
#3815=ORIENTED_EDGE('',*,*,#5038,.F.);
#3816=ORIENTED_EDGE('',*,*,#5036,.F.);
#3817=ORIENTED_EDGE('',*,*,#5034,.F.);
#3818=ORIENTED_EDGE('',*,*,#5032,.F.);
#3819=ORIENTED_EDGE('',*,*,#5030,.F.);
#3820=ORIENTED_EDGE('',*,*,#5028,.F.);
#3821=ORIENTED_EDGE('',*,*,#5026,.F.);
#3822=EDGE_CURVE('',#5039,#5039,#5856,.T.);
#3823=EDGE_CURVE('',#5040,#5040,#5857,.T.);
#3824=EDGE_CURVE('',#5041,#5041,#5858,.T.);
#3825=EDGE_CURVE('',#5042,#5042,#5859,.F.);
#3826=EDGE_CURVE('',#5043,#5043,#5860,.F.);
#3827=EDGE_CURVE('',#5044,#5044,#5861,.F.);
#3828=EDGE_CURVE('',#5045,#5045,#5862,.F.);
#3829=EDGE_CURVE('',#5046,#5046,#5863,.F.);
#3830=EDGE_CURVE('',#5047,#5047,#5864,.T.);
#3831=EDGE_CURVE('',#5048,#5048,#5865,.F.);
#3832=EDGE_CURVE('',#5049,#5049,#5866,.T.);
#3833=EDGE_CURVE('',#5050,#5050,#5867,.T.);
#3834=EDGE_CURVE('',#5051,#5051,#5868,.F.);
#3835=EDGE_CURVE('',#5052,#5052,#5869,.F.);
#3836=EDGE_CURVE('',#5053,#5053,#5870,.T.);
#3837=EDGE_CURVE('',#5054,#5054,#5871,.T.);
#3838=EDGE_CURVE('',#5055,#5055,#5872,.T.);
#3839=EDGE_CURVE('',#5056,#5057,#5873,.T.);
#3840=EDGE_CURVE('',#5058,#5056,#5874,.F.);
#3841=EDGE_CURVE('',#5059,#5058,#5875,.T.);
#3842=EDGE_CURVE('',#5060,#5059,#5876,.F.);
#3843=EDGE_CURVE('',#5061,#5060,#5877,.T.);
#3844=EDGE_CURVE('',#5062,#5061,#5878,.F.);
#3845=EDGE_CURVE('',#5063,#5062,#5879,.T.);
#3846=EDGE_CURVE('',#5057,#5063,#5880,.F.);
#3847=EDGE_CURVE('',#5064,#5062,#233,.F.);
#3848=EDGE_CURVE('',#5061,#5065,#234,.T.);
#3849=EDGE_CURVE('',#5065,#5060,#235,.T.);
#3850=EDGE_CURVE('',#5059,#5066,#236,.F.);
#3851=EDGE_CURVE('',#5066,#5058,#237,.T.);
#3852=EDGE_CURVE('',#5056,#5067,#238,.F.);
#3853=EDGE_CURVE('',#5067,#5057,#239,.F.);
#3854=EDGE_CURVE('',#5063,#5064,#240,.T.);
#3855=EDGE_CURVE('',#5068,#5056,#14,.T.);
#3856=EDGE_CURVE('',#5057,#5069,#15,.T.);
#3857=EDGE_CURVE('',#5068,#5069,#5881,.F.);
#3858=EDGE_CURVE('',#5070,#5059,#16,.T.);
#3859=EDGE_CURVE('',#5058,#5071,#17,.T.);
#3860=EDGE_CURVE('',#5070,#5071,#5882,.F.);
#3861=EDGE_CURVE('',#5060,#5072,#18,.T.);
#3862=EDGE_CURVE('',#5073,#5072,#5883,.F.);
#3863=EDGE_CURVE('',#5073,#5061,#19,.T.);
#3864=EDGE_CURVE('',#5062,#5074,#20,.T.);
#3865=EDGE_CURVE('',#5075,#5074,#5884,.F.);
#3866=EDGE_CURVE('',#5075,#5063,#21,.T.);
#3867=EDGE_CURVE('',#5064,#5076,#241,.F.);
#3868=EDGE_CURVE('',#5076,#5074,#22,.T.);
#3869=EDGE_CURVE('',#5075,#5076,#23,.T.);
#3870=EDGE_CURVE('',#5067,#5077,#242,.F.);
#3871=EDGE_CURVE('',#5077,#5069,#24,.T.);
#3872=EDGE_CURVE('',#5068,#5077,#25,.T.);
#3873=EDGE_CURVE('',#5066,#5078,#243,.F.);
#3874=EDGE_CURVE('',#5078,#5071,#26,.T.);
#3875=EDGE_CURVE('',#5070,#5078,#27,.T.);
#3876=EDGE_CURVE('',#5065,#5079,#244,.F.);
#3877=EDGE_CURVE('',#5079,#5072,#28,.T.);
#3878=EDGE_CURVE('',#5073,#5079,#29,.T.);
#3879=EDGE_CURVE('',#5080,#5081,#245,.T.);
#3880=EDGE_CURVE('',#5080,#5082,#246,.F.);
#3881=EDGE_CURVE('',#5082,#5083,#247,.T.);
#3882=EDGE_CURVE('',#5084,#5083,#5885,.T.);
#3883=EDGE_CURVE('',#5084,#5085,#248,.F.);
#3884=EDGE_CURVE('',#5086,#5085,#5886,.T.);
#3885=EDGE_CURVE('',#5087,#5086,#249,.T.);
#3886=EDGE_CURVE('',#5087,#5088,#250,.F.);
#3887=EDGE_CURVE('',#5088,#5089,#251,.T.);
#3888=EDGE_CURVE('',#5090,#5089,#252,.F.);
#3889=EDGE_CURVE('',#5090,#5091,#253,.F.);
#3890=EDGE_CURVE('',#5092,#5091,#5887,.T.);
#3891=EDGE_CURVE('',#5093,#5092,#254,.T.);
#3892=EDGE_CURVE('',#5094,#5093,#5888,.T.);
#3893=EDGE_CURVE('',#5095,#5094,#255,.F.);
#3894=EDGE_CURVE('',#5081,#5095,#256,.F.);
#3895=EDGE_CURVE('',#5096,#5097,#5889,.T.);
#3896=EDGE_CURVE('',#5096,#5098,#257,.T.);
#3897=EDGE_CURVE('',#5099,#5098,#5890,.T.);
#3898=EDGE_CURVE('',#5099,#5100,#258,.F.);
#3899=EDGE_CURVE('',#5101,#5100,#5891,.T.);
#3900=EDGE_CURVE('',#5101,#5102,#259,.F.);
#3901=EDGE_CURVE('',#5102,#5103,#5892,.T.);
#3902=EDGE_CURVE('',#5103,#5104,#260,.F.);
#3903=EDGE_CURVE('',#5105,#5104,#5893,.T.);
#3904=EDGE_CURVE('',#5106,#5105,#261,.T.);
#3905=EDGE_CURVE('',#5107,#5106,#5894,.T.);
#3906=EDGE_CURVE('',#5108,#5107,#262,.T.);
#3907=EDGE_CURVE('',#5108,#5109,#5895,.T.);
#3908=EDGE_CURVE('',#5110,#5109,#263,.T.);
#3909=EDGE_CURVE('',#5111,#5110,#5896,.T.);
#3910=EDGE_CURVE('',#5097,#5111,#264,.T.);
#3911=EDGE_CURVE('',#5081,#5112,#265,.T.);
#3912=EDGE_CURVE('',#5112,#5113,#5897,.T.);
#3913=EDGE_CURVE('',#5113,#5114,#266,.F.);
#3914=EDGE_CURVE('',#5114,#5115,#5898,.T.);
#3915=EDGE_CURVE('',#5115,#5080,#267,.F.);
#3916=EDGE_CURVE('',#5116,#5117,#268,.T.);
#3917=EDGE_CURVE('',#5117,#5118,#269,.T.);
#3918=EDGE_CURVE('',#5118,#5119,#270,.T.);
#3919=EDGE_CURVE('',#5119,#5120,#271,.T.);
#3920=EDGE_CURVE('',#5121,#5120,#5899,.T.);
#3921=EDGE_CURVE('',#5121,#5122,#272,.F.);
#3922=EDGE_CURVE('',#5123,#5122,#5900,.T.);
#3923=EDGE_CURVE('',#5123,#5116,#273,.F.);
#3924=EDGE_CURVE('',#5115,#5124,#274,.F.);
#3925=EDGE_CURVE('',#5124,#5088,#275,.T.);
#3926=EDGE_CURVE('',#5087,#5125,#276,.F.);
#3927=EDGE_CURVE('',#5126,#5125,#277,.T.);
#3928=EDGE_CURVE('',#5082,#5126,#278,.F.);
#3929=EDGE_CURVE('',#5095,#5127,#279,.T.);
#3930=EDGE_CURVE('',#5127,#5128,#280,.F.);
#3931=EDGE_CURVE('',#5090,#5128,#281,.T.);
#3932=EDGE_CURVE('',#5089,#5129,#282,.T.);
#3933=EDGE_CURVE('',#5112,#5129,#283,.F.);
#3934=EDGE_CURVE('',#5130,#5083,#284,.F.);
#3935=EDGE_CURVE('',#5131,#5126,#285,.T.);
#3936=EDGE_CURVE('',#5132,#5131,#286,.F.);
#3937=EDGE_CURVE('',#5132,#5130,#287,.T.);
#3938=EDGE_CURVE('',#5133,#5134,#288,.T.);
#3939=EDGE_CURVE('',#5133,#5135,#289,.F.);
#3940=EDGE_CURVE('',#5135,#5127,#290,.F.);
#3941=EDGE_CURVE('',#5134,#5094,#291,.F.);
#3942=EDGE_CURVE('',#5136,#5130,#5901,.T.);
#3943=EDGE_CURVE('',#5136,#5084,#292,.F.);
#3944=EDGE_CURVE('',#5134,#5137,#5902,.T.);
#3945=EDGE_CURVE('',#5137,#5093,#293,.F.);
#3946=EDGE_CURVE('',#5138,#5085,#294,.F.);
#3947=EDGE_CURVE('',#5136,#5138,#295,.T.);
#3948=EDGE_CURVE('',#5137,#5139,#296,.T.);
#3949=EDGE_CURVE('',#5139,#5092,#297,.F.);
#3950=EDGE_CURVE('',#5140,#5138,#5903,.T.);
#3951=EDGE_CURVE('',#5140,#5086,#298,.F.);
#3952=EDGE_CURVE('',#5139,#5141,#5904,.T.);
#3953=EDGE_CURVE('',#5141,#5091,#299,.T.);
#3954=EDGE_CURVE('',#5142,#5140,#300,.F.);
#3955=EDGE_CURVE('',#5142,#5143,#301,.T.);
#3956=EDGE_CURVE('',#5125,#5143,#302,.F.);
#3957=EDGE_CURVE('',#5128,#5144,#303,.T.);
#3958=EDGE_CURVE('',#5145,#5144,#304,.F.);
#3959=EDGE_CURVE('',#5141,#5145,#305,.F.);
#3960=EDGE_CURVE('',#5146,#5124,#5905,.T.);
#3961=EDGE_CURVE('',#5147,#5146,#306,.T.);
#3962=EDGE_CURVE('',#5129,#5147,#5906,.T.);
#3963=EDGE_CURVE('',#5148,#5148,#5907,.T.);
#3964=EDGE_CURVE('',#5149,#5149,#5908,.T.);
#3965=EDGE_CURVE('',#5097,#5150,#307,.F.);
#3966=EDGE_CURVE('',#5151,#5150,#5909,.T.);
#3967=EDGE_CURVE('',#5096,#5151,#308,.F.);
#3968=EDGE_CURVE('',#5111,#5152,#309,.F.);
#3969=EDGE_CURVE('',#5150,#5152,#310,.T.);
#3970=EDGE_CURVE('',#5110,#5153,#311,.F.);
#3971=EDGE_CURVE('',#5152,#5153,#5910,.T.);
#3972=EDGE_CURVE('',#5109,#5154,#312,.F.);
#3973=EDGE_CURVE('',#5153,#5154,#313,.T.);
#3974=EDGE_CURVE('',#5108,#5155,#314,.F.);
#3975=EDGE_CURVE('',#5155,#5154,#5911,.T.);
#3976=EDGE_CURVE('',#5107,#5156,#315,.F.);
#3977=EDGE_CURVE('',#5155,#5156,#316,.T.);
#3978=EDGE_CURVE('',#5106,#5157,#317,.F.);
#3979=EDGE_CURVE('',#5156,#5157,#5912,.T.);
#3980=EDGE_CURVE('',#5105,#5158,#318,.T.);
#3981=EDGE_CURVE('',#5158,#5157,#319,.F.);
#3982=EDGE_CURVE('',#5104,#5159,#320,.F.);
#3983=EDGE_CURVE('',#5158,#5159,#5913,.T.);
#3984=EDGE_CURVE('',#5103,#5160,#321,.F.);
#3985=EDGE_CURVE('',#5160,#5159,#322,.T.);
#3986=EDGE_CURVE('',#5102,#5161,#323,.F.);
#3987=EDGE_CURVE('',#5161,#5160,#5914,.T.);
#3988=EDGE_CURVE('',#5101,#5162,#324,.F.);
#3989=EDGE_CURVE('',#5162,#5161,#325,.T.);
#3990=EDGE_CURVE('',#5100,#5163,#326,.F.);
#3991=EDGE_CURVE('',#5162,#5163,#5915,.T.);
#3992=EDGE_CURVE('',#5099,#5164,#327,.F.);
#3993=EDGE_CURVE('',#5164,#5163,#328,.T.);
#3994=EDGE_CURVE('',#5098,#5165,#329,.F.);
#3995=EDGE_CURVE('',#5164,#5165,#5916,.T.);
#3996=EDGE_CURVE('',#5165,#5151,#330,.F.);
#3997=EDGE_CURVE('',#5114,#5166,#331,.F.);
#3998=EDGE_CURVE('',#5167,#5166,#30,.T.);
#3999=EDGE_CURVE('',#5168,#5167,#332,.T.);
#4000=EDGE_CURVE('',#5169,#5168,#31,.T.);
#4001=EDGE_CURVE('',#5169,#5146,#333,.F.);
#4002=EDGE_CURVE('',#5170,#5147,#334,.F.);
#4003=EDGE_CURVE('',#5171,#5170,#32,.T.);
#4004=EDGE_CURVE('',#5171,#5172,#335,.T.);
#4005=EDGE_CURVE('',#5173,#5172,#33,.T.);
#4006=EDGE_CURVE('',#5113,#5173,#336,.F.);
#4007=EDGE_CURVE('',#5174,#5173,#5917,.T.);
#4008=EDGE_CURVE('',#5175,#5174,#337,.T.);
#4009=EDGE_CURVE('',#5166,#5175,#5918,.T.);
#4010=EDGE_CURVE('',#5123,#5176,#338,.F.);
#4011=EDGE_CURVE('',#5176,#5177,#339,.T.);
#4012=EDGE_CURVE('',#5116,#5177,#340,.F.);
#4013=EDGE_CURVE('',#5177,#5178,#341,.T.);
#4014=EDGE_CURVE('',#5117,#5178,#342,.F.);
#4015=EDGE_CURVE('',#5178,#5179,#343,.T.);
#4016=EDGE_CURVE('',#5118,#5179,#344,.F.);
#4017=EDGE_CURVE('',#5179,#5180,#345,.T.);
#4018=EDGE_CURVE('',#5119,#5180,#346,.F.);
#4019=EDGE_CURVE('',#5180,#5181,#347,.T.);
#4020=EDGE_CURVE('',#5120,#5181,#348,.F.);
#4021=EDGE_CURVE('',#5182,#5181,#5919,.T.);
#4022=EDGE_CURVE('',#5121,#5182,#349,.F.);
#4023=EDGE_CURVE('',#5182,#5183,#350,.T.);
#4024=EDGE_CURVE('',#5122,#5183,#351,.F.);
#4025=EDGE_CURVE('',#5176,#5183,#5920,.T.);
#4026=EDGE_CURVE('',#5143,#5184,#5921,.F.);
#4027=EDGE_CURVE('',#5184,#5185,#352,.F.);
#4028=EDGE_CURVE('',#5185,#5131,#5922,.F.);
#4029=EDGE_CURVE('',#5186,#5186,#5923,.F.);
#4030=EDGE_CURVE('',#5135,#5187,#5924,.F.);
#4031=EDGE_CURVE('',#5188,#5187,#353,.T.);
#4032=EDGE_CURVE('',#5188,#5144,#5925,.F.);
#4033=EDGE_CURVE('',#5189,#5189,#5926,.F.);
#4034=EDGE_CURVE('',#5190,#5132,#5927,.F.);
#4035=EDGE_CURVE('',#5190,#5185,#354,.F.);
#4036=EDGE_CURVE('',#5191,#5190,#355,.T.);
#4037=EDGE_CURVE('',#5142,#5191,#5928,.F.);
#4038=EDGE_CURVE('',#5192,#5192,#5929,.F.);
#4039=EDGE_CURVE('',#5193,#5145,#5930,.F.);
#4040=EDGE_CURVE('',#5193,#5194,#356,.F.);
#4041=EDGE_CURVE('',#5133,#5194,#5931,.F.);
#4042=EDGE_CURVE('',#5195,#5195,#5932,.F.);
#4043=EDGE_CURVE('',#5194,#5187,#357,.F.);
#4044=EDGE_CURVE('',#5191,#5184,#358,.F.);
#4045=EDGE_CURVE('',#5193,#5188,#359,.F.);
#4046=EDGE_CURVE('',#5170,#5196,#5933,.T.);
#4047=EDGE_CURVE('',#5197,#5169,#5934,.T.);
#4048=EDGE_CURVE('',#5196,#5197,#360,.T.);
#4049=EDGE_CURVE('',#5198,#5198,#5935,.T.);
#4050=EDGE_CURVE('',#5199,#5199,#5936,.T.);
#4051=EDGE_CURVE('',#5200,#5201,#361,.T.);
#4052=EDGE_CURVE('',#5201,#5202,#362,.T.);
#4053=EDGE_CURVE('',#5202,#5203,#363,.T.);
#4054=EDGE_CURVE('',#5204,#5203,#5937,.F.);
#4055=EDGE_CURVE('',#5205,#5204,#5938,.F.);
#4056=EDGE_CURVE('',#5205,#5206,#364,.T.);
#4057=EDGE_CURVE('',#5206,#5207,#365,.T.);
#4058=EDGE_CURVE('',#5207,#5208,#366,.T.);
#4059=EDGE_CURVE('',#5208,#5209,#367,.T.);
#4060=EDGE_CURVE('',#5209,#5210,#368,.F.);
#4061=EDGE_CURVE('',#5210,#5211,#369,.T.);
#4062=EDGE_CURVE('',#5212,#5211,#5939,.F.);
#4063=EDGE_CURVE('',#5213,#5212,#5940,.F.);
#4064=EDGE_CURVE('',#5213,#5214,#370,.T.);
#4065=EDGE_CURVE('',#5214,#5215,#371,.F.);
#4066=EDGE_CURVE('',#5215,#5200,#372,.T.);
#4067=EDGE_CURVE('',#5216,#5217,#373,.F.);
#4068=EDGE_CURVE('',#5217,#5218,#374,.F.);
#4069=EDGE_CURVE('',#5218,#5219,#375,.T.);
#4070=EDGE_CURVE('',#5219,#5220,#376,.T.);
#4071=EDGE_CURVE('',#5220,#5221,#377,.F.);
#4072=EDGE_CURVE('',#5221,#5222,#378,.T.);
#4073=EDGE_CURVE('',#5222,#5223,#379,.F.);
#4074=EDGE_CURVE('',#5223,#5216,#380,.F.);
#4075=EDGE_CURVE('',#5224,#5225,#5941,.T.);
#4076=EDGE_CURVE('',#5226,#5224,#5942,.T.);
#4077=EDGE_CURVE('',#5227,#5226,#5943,.T.);
#4078=EDGE_CURVE('',#5228,#5227,#5944,.T.);
#4079=EDGE_CURVE('',#5229,#5228,#5945,.T.);
#4080=EDGE_CURVE('',#5230,#5229,#5946,.T.);
#4081=EDGE_CURVE('',#5231,#5230,#5947,.T.);
#4082=EDGE_CURVE('',#5231,#5232,#381,.T.);
#4083=EDGE_CURVE('',#5233,#5232,#5948,.T.);
#4084=EDGE_CURVE('',#5234,#5233,#5949,.T.);
#4085=EDGE_CURVE('',#5235,#5234,#5950,.T.);
#4086=EDGE_CURVE('',#5236,#5235,#5951,.T.);
#4087=EDGE_CURVE('',#5237,#5236,#5952,.T.);
#4088=EDGE_CURVE('',#5238,#5237,#5953,.T.);
#4089=EDGE_CURVE('',#5239,#5238,#5954,.T.);
#4090=EDGE_CURVE('',#5239,#5240,#382,.T.);
#4091=EDGE_CURVE('',#5241,#5240,#5955,.F.);
#4092=EDGE_CURVE('',#5242,#5241,#5956,.F.);
#4093=EDGE_CURVE('',#5243,#5242,#5957,.F.);
#4094=EDGE_CURVE('',#5244,#5243,#5958,.F.);
#4095=EDGE_CURVE('',#5245,#5244,#5959,.F.);
#4096=EDGE_CURVE('',#5246,#5245,#5960,.F.);
#4097=EDGE_CURVE('',#5247,#5246,#5961,.F.);
#4098=EDGE_CURVE('',#5248,#5247,#5962,.F.);
#4099=EDGE_CURVE('',#5249,#5248,#5963,.F.);
#4100=EDGE_CURVE('',#5250,#5249,#5964,.F.);
#4101=EDGE_CURVE('',#5251,#5250,#5965,.F.);
#4102=EDGE_CURVE('',#5252,#5251,#5966,.F.);
#4103=EDGE_CURVE('',#5253,#5252,#5967,.F.);
#4104=EDGE_CURVE('',#5253,#5225,#383,.T.);
#4105=EDGE_CURVE('',#5254,#5255,#384,.T.);
#4106=EDGE_CURVE('',#5256,#5255,#5968,.F.);
#4107=EDGE_CURVE('',#5257,#5256,#5969,.F.);
#4108=EDGE_CURVE('',#5258,#5257,#5970,.F.);
#4109=EDGE_CURVE('',#5259,#5258,#5971,.F.);
#4110=EDGE_CURVE('',#5260,#5259,#5972,.F.);
#4111=EDGE_CURVE('',#5261,#5260,#5973,.F.);
#4112=EDGE_CURVE('',#5261,#5262,#385,.F.);
#4113=EDGE_CURVE('',#5262,#5263,#386,.T.);
#4114=EDGE_CURVE('',#5263,#5264,#387,.F.);
#4115=EDGE_CURVE('',#5264,#5254,#388,.F.);
#4116=EDGE_CURVE('',#5265,#5266,#389,.T.);
#4117=EDGE_CURVE('',#5266,#5267,#390,.T.);
#4118=EDGE_CURVE('',#5268,#5267,#34,.F.);
#4119=EDGE_CURVE('',#5269,#5268,#5974,.F.);
#4120=EDGE_CURVE('',#5269,#5270,#391,.T.);
#4121=EDGE_CURVE('',#5270,#5271,#392,.T.);
#4122=EDGE_CURVE('',#5271,#5272,#393,.T.);
#4123=EDGE_CURVE('',#5273,#5272,#5975,.F.);
#4124=EDGE_CURVE('',#5274,#5273,#5976,.F.);
#4125=EDGE_CURVE('',#5274,#5275,#394,.T.);
#4126=EDGE_CURVE('',#5275,#5276,#395,.T.);
#4127=EDGE_CURVE('',#5276,#5277,#396,.T.);
#4128=EDGE_CURVE('',#5277,#5278,#397,.F.);
#4129=EDGE_CURVE('',#5278,#5279,#398,.T.);
#4130=EDGE_CURVE('',#5280,#5279,#5977,.F.);
#4131=EDGE_CURVE('',#5281,#5280,#5978,.F.);
#4132=EDGE_CURVE('',#5281,#5282,#399,.T.);
#4133=EDGE_CURVE('',#5282,#5283,#400,.F.);
#4134=EDGE_CURVE('',#5283,#5265,#401,.T.);
#4135=EDGE_CURVE('',#5284,#5285,#402,.T.);
#4136=EDGE_CURVE('',#5285,#5286,#403,.T.);
#4137=EDGE_CURVE('',#5287,#5286,#5979,.F.);
#4138=EDGE_CURVE('',#5288,#5287,#5980,.F.);
#4139=EDGE_CURVE('',#5288,#5289,#404,.T.);
#4140=EDGE_CURVE('',#5289,#5290,#405,.T.);
#4141=EDGE_CURVE('',#5290,#5291,#406,.T.);
#4142=EDGE_CURVE('',#5291,#5292,#407,.F.);
#4143=EDGE_CURVE('',#5292,#5293,#408,.F.);
#4144=EDGE_CURVE('',#5293,#5294,#409,.T.);
#4145=EDGE_CURVE('',#5294,#5295,#410,.F.);
#4146=EDGE_CURVE('',#5295,#5296,#411,.T.);
#4147=EDGE_CURVE('',#5296,#5297,#412,.T.);
#4148=EDGE_CURVE('',#5297,#5298,#413,.F.);
#4149=EDGE_CURVE('',#5298,#5284,#414,.F.);
#4150=EDGE_CURVE('',#5299,#5300,#5981,.F.);
#4151=EDGE_CURVE('',#5301,#5299,#5982,.F.);
#4152=EDGE_CURVE('',#5302,#5301,#5983,.F.);
#4153=EDGE_CURVE('',#5303,#5302,#5984,.F.);
#4154=EDGE_CURVE('',#5304,#5303,#5985,.F.);
#4155=EDGE_CURVE('',#5305,#5304,#5986,.F.);
#4156=EDGE_CURVE('',#5306,#5305,#5987,.F.);
#4157=EDGE_CURVE('',#5307,#5306,#5988,.F.);
#4158=EDGE_CURVE('',#5308,#5307,#5989,.F.);
#4159=EDGE_CURVE('',#5309,#5308,#5990,.F.);
#4160=EDGE_CURVE('',#5310,#5309,#5991,.F.);
#4161=EDGE_CURVE('',#5300,#5310,#5992,.F.);
#4162=EDGE_CURVE('',#5311,#5312,#415,.T.);
#4163=EDGE_CURVE('',#5312,#5313,#416,.T.);
#4164=EDGE_CURVE('',#5313,#5314,#417,.F.);
#4165=EDGE_CURVE('',#5314,#5311,#418,.F.);
#4166=EDGE_CURVE('',#5168,#5315,#419,.F.);
#4167=EDGE_CURVE('',#5316,#5315,#5993,.T.);
#4168=EDGE_CURVE('',#5197,#5316,#420,.F.);
#4169=EDGE_CURVE('',#5167,#5317,#421,.F.);
#4170=EDGE_CURVE('',#5315,#5317,#422,.F.);
#4171=EDGE_CURVE('',#5175,#5318,#423,.F.);
#4172=EDGE_CURVE('',#5317,#5318,#5994,.T.);
#4173=EDGE_CURVE('',#5172,#5319,#424,.F.);
#4174=EDGE_CURVE('',#5320,#5319,#5995,.T.);
#4175=EDGE_CURVE('',#5174,#5320,#425,.F.);
#4176=EDGE_CURVE('',#5171,#5321,#426,.F.);
#4177=EDGE_CURVE('',#5319,#5321,#427,.T.);
#4178=EDGE_CURVE('',#5196,#5322,#428,.F.);
#4179=EDGE_CURVE('',#5321,#5322,#5996,.T.);
#4180=EDGE_CURVE('',#5318,#5320,#429,.T.);
#4181=EDGE_CURVE('',#5322,#5316,#430,.F.);
#4182=EDGE_CURVE('',#5215,#5323,#431,.F.);
#4183=EDGE_CURVE('',#5323,#5324,#432,.T.);
#4184=EDGE_CURVE('',#5200,#5324,#433,.F.);
#4185=EDGE_CURVE('',#5324,#5325,#434,.T.);
#4186=EDGE_CURVE('',#5201,#5325,#435,.F.);
#4187=EDGE_CURVE('',#5325,#5326,#436,.T.);
#4188=EDGE_CURVE('',#5202,#5326,#437,.F.);
#4189=EDGE_CURVE('',#5326,#5327,#438,.T.);
#4190=EDGE_CURVE('',#5203,#5327,#35,.F.);
#4191=EDGE_CURVE('',#5327,#5328,#5997,.T.);
#4192=EDGE_CURVE('',#5204,#5328,#439,.F.);
#4193=EDGE_CURVE('',#5328,#5329,#5998,.T.);
#4194=EDGE_CURVE('',#5205,#5329,#36,.T.);
#4195=EDGE_CURVE('',#5329,#5330,#440,.T.);
#4196=EDGE_CURVE('',#5206,#5330,#441,.F.);
#4197=EDGE_CURVE('',#5330,#5331,#442,.T.);
#4198=EDGE_CURVE('',#5207,#5331,#443,.F.);
#4199=EDGE_CURVE('',#5331,#5332,#444,.T.);
#4200=EDGE_CURVE('',#5208,#5332,#445,.F.);
#4201=EDGE_CURVE('',#5332,#5333,#446,.T.);
#4202=EDGE_CURVE('',#5209,#5333,#447,.F.);
#4203=EDGE_CURVE('',#5333,#5334,#448,.T.);
#4204=EDGE_CURVE('',#5210,#5334,#449,.F.);
#4205=EDGE_CURVE('',#5334,#5335,#450,.T.);
#4206=EDGE_CURVE('',#5211,#5335,#37,.F.);
#4207=EDGE_CURVE('',#5335,#5336,#5999,.T.);
#4208=EDGE_CURVE('',#5212,#5336,#451,.F.);
#4209=EDGE_CURVE('',#5336,#5337,#6000,.T.);
#4210=EDGE_CURVE('',#5213,#5337,#38,.T.);
#4211=EDGE_CURVE('',#5337,#5338,#452,.T.);
#4212=EDGE_CURVE('',#5214,#5338,#453,.F.);
#4213=EDGE_CURVE('',#5338,#5323,#454,.T.);
#4214=EDGE_CURVE('',#5223,#5339,#455,.F.);
#4215=EDGE_CURVE('',#5339,#5340,#456,.T.);
#4216=EDGE_CURVE('',#5216,#5340,#457,.F.);
#4217=EDGE_CURVE('',#5340,#5341,#458,.T.);
#4218=EDGE_CURVE('',#5217,#5341,#459,.F.);
#4219=EDGE_CURVE('',#5341,#5342,#460,.T.);
#4220=EDGE_CURVE('',#5218,#5342,#461,.F.);
#4221=EDGE_CURVE('',#5342,#5343,#462,.T.);
#4222=EDGE_CURVE('',#5219,#5343,#463,.F.);
#4223=EDGE_CURVE('',#5343,#5344,#464,.T.);
#4224=EDGE_CURVE('',#5220,#5344,#465,.F.);
#4225=EDGE_CURVE('',#5344,#5345,#466,.T.);
#4226=EDGE_CURVE('',#5221,#5345,#467,.F.);
#4227=EDGE_CURVE('',#5345,#5346,#468,.T.);
#4228=EDGE_CURVE('',#5222,#5346,#469,.F.);
#4229=EDGE_CURVE('',#5346,#5339,#470,.T.);
#4230=EDGE_CURVE('',#5253,#5347,#471,.F.);
#4231=EDGE_CURVE('',#5347,#5348,#472,.T.);
#4232=EDGE_CURVE('',#5225,#5348,#473,.F.);
#4233=EDGE_CURVE('',#5348,#5349,#6001,.F.);
#4234=EDGE_CURVE('',#5224,#5349,#39,.F.);
#4235=EDGE_CURVE('',#5349,#5350,#6002,.F.);
#4236=EDGE_CURVE('',#5226,#5350,#40,.F.);
#4237=EDGE_CURVE('',#5350,#5351,#6003,.F.);
#4238=EDGE_CURVE('',#5227,#5351,#41,.F.);
#4239=EDGE_CURVE('',#5351,#5352,#6004,.F.);
#4240=EDGE_CURVE('',#5228,#5352,#42,.F.);
#4241=EDGE_CURVE('',#5352,#5353,#6005,.F.);
#4242=EDGE_CURVE('',#5229,#5353,#43,.F.);
#4243=EDGE_CURVE('',#5353,#5354,#6006,.F.);
#4244=EDGE_CURVE('',#5230,#5354,#44,.F.);
#4245=EDGE_CURVE('',#5354,#5355,#6007,.F.);
#4246=EDGE_CURVE('',#5231,#5355,#474,.F.);
#4247=EDGE_CURVE('',#5355,#5356,#475,.T.);
#4248=EDGE_CURVE('',#5232,#5356,#476,.F.);
#4249=EDGE_CURVE('',#5356,#5357,#6008,.F.);
#4250=EDGE_CURVE('',#5233,#5357,#45,.F.);
#4251=EDGE_CURVE('',#5357,#5358,#6009,.F.);
#4252=EDGE_CURVE('',#5234,#5358,#46,.F.);
#4253=EDGE_CURVE('',#5358,#5359,#6010,.F.);
#4254=EDGE_CURVE('',#5235,#5359,#47,.F.);
#4255=EDGE_CURVE('',#5359,#5360,#6011,.F.);
#4256=EDGE_CURVE('',#5236,#5360,#48,.F.);
#4257=EDGE_CURVE('',#5360,#5361,#6012,.F.);
#4258=EDGE_CURVE('',#5237,#5361,#49,.F.);
#4259=EDGE_CURVE('',#5361,#5362,#6013,.F.);
#4260=EDGE_CURVE('',#5238,#5362,#50,.F.);
#4261=EDGE_CURVE('',#5362,#5363,#6014,.F.);
#4262=EDGE_CURVE('',#5239,#5363,#477,.F.);
#4263=EDGE_CURVE('',#5363,#5364,#478,.T.);
#4264=EDGE_CURVE('',#5240,#5364,#479,.F.);
#4265=EDGE_CURVE('',#5364,#5365,#6015,.T.);
#4266=EDGE_CURVE('',#5241,#5365,#51,.F.);
#4267=EDGE_CURVE('',#5365,#5366,#6016,.T.);
#4268=EDGE_CURVE('',#5242,#5366,#52,.F.);
#4269=EDGE_CURVE('',#5366,#5367,#6017,.T.);
#4270=EDGE_CURVE('',#5243,#5367,#53,.F.);
#4271=EDGE_CURVE('',#5367,#5368,#6018,.T.);
#4272=EDGE_CURVE('',#5244,#5368,#54,.F.);
#4273=EDGE_CURVE('',#5368,#5369,#6019,.T.);
#4274=EDGE_CURVE('',#5245,#5369,#55,.F.);
#4275=EDGE_CURVE('',#5369,#5370,#6020,.T.);
#4276=EDGE_CURVE('',#5246,#5370,#56,.F.);
#4277=EDGE_CURVE('',#5370,#5371,#6021,.T.);
#4278=EDGE_CURVE('',#5247,#5371,#57,.F.);
#4279=EDGE_CURVE('',#5371,#5372,#6022,.T.);
#4280=EDGE_CURVE('',#5248,#5372,#58,.F.);
#4281=EDGE_CURVE('',#5372,#5373,#6023,.T.);
#4282=EDGE_CURVE('',#5249,#5373,#59,.F.);
#4283=EDGE_CURVE('',#5373,#5374,#6024,.T.);
#4284=EDGE_CURVE('',#5250,#5374,#60,.F.);
#4285=EDGE_CURVE('',#5374,#5375,#6025,.T.);
#4286=EDGE_CURVE('',#5251,#5375,#480,.F.);
#4287=EDGE_CURVE('',#5375,#5376,#6026,.T.);
#4288=EDGE_CURVE('',#5252,#5376,#61,.F.);
#4289=EDGE_CURVE('',#5376,#5347,#6027,.T.);
#4290=EDGE_CURVE('',#5264,#5377,#481,.F.);
#4291=EDGE_CURVE('',#5377,#5378,#482,.T.);
#4292=EDGE_CURVE('',#5254,#5378,#483,.F.);
#4293=EDGE_CURVE('',#5378,#5379,#484,.T.);
#4294=EDGE_CURVE('',#5255,#5379,#62,.F.);
#4295=EDGE_CURVE('',#5379,#5380,#6028,.T.);
#4296=EDGE_CURVE('',#5256,#5380,#63,.F.);
#4297=EDGE_CURVE('',#5380,#5381,#6029,.T.);
#4298=EDGE_CURVE('',#5257,#5381,#64,.F.);
#4299=EDGE_CURVE('',#5381,#5382,#6030,.T.);
#4300=EDGE_CURVE('',#5258,#5382,#65,.F.);
#4301=EDGE_CURVE('',#5382,#5383,#6031,.T.);
#4302=EDGE_CURVE('',#5259,#5383,#66,.F.);
#4303=EDGE_CURVE('',#5383,#5384,#6032,.T.);
#4304=EDGE_CURVE('',#5260,#5384,#67,.F.);
#4305=EDGE_CURVE('',#5384,#5385,#6033,.T.);
#4306=EDGE_CURVE('',#5261,#5385,#68,.T.);
#4307=EDGE_CURVE('',#5385,#5386,#485,.T.);
#4308=EDGE_CURVE('',#5262,#5386,#486,.F.);
#4309=EDGE_CURVE('',#5386,#5387,#487,.T.);
#4310=EDGE_CURVE('',#5263,#5387,#488,.F.);
#4311=EDGE_CURVE('',#5387,#5377,#489,.T.);
#4312=EDGE_CURVE('',#5283,#5388,#490,.F.);
#4313=EDGE_CURVE('',#5388,#5389,#491,.T.);
#4314=EDGE_CURVE('',#5265,#5389,#492,.F.);
#4315=EDGE_CURVE('',#5389,#5390,#493,.T.);
#4316=EDGE_CURVE('',#5266,#5390,#494,.F.);
#4317=EDGE_CURVE('',#5390,#5391,#495,.T.);
#4318=EDGE_CURVE('',#5267,#5391,#69,.F.);
#4319=EDGE_CURVE('',#5391,#5392,#70,.F.);
#4320=EDGE_CURVE('',#5268,#5392,#496,.F.);
#4321=EDGE_CURVE('',#5392,#5393,#6034,.T.);
#4322=EDGE_CURVE('',#5269,#5393,#71,.T.);
#4323=EDGE_CURVE('',#5393,#5394,#497,.T.);
#4324=EDGE_CURVE('',#5270,#5394,#498,.F.);
#4325=EDGE_CURVE('',#5394,#5395,#499,.T.);
#4326=EDGE_CURVE('',#5271,#5395,#500,.F.);
#4327=EDGE_CURVE('',#5395,#5396,#501,.T.);
#4328=EDGE_CURVE('',#5272,#5396,#72,.F.);
#4329=EDGE_CURVE('',#5396,#5397,#6035,.T.);
#4330=EDGE_CURVE('',#5273,#5397,#73,.F.);
#4331=EDGE_CURVE('',#5397,#5398,#6036,.T.);
#4332=EDGE_CURVE('',#5274,#5398,#74,.T.);
#4333=EDGE_CURVE('',#5398,#5399,#502,.T.);
#4334=EDGE_CURVE('',#5275,#5399,#503,.F.);
#4335=EDGE_CURVE('',#5399,#5400,#504,.T.);
#4336=EDGE_CURVE('',#5276,#5400,#505,.F.);
#4337=EDGE_CURVE('',#5400,#5401,#506,.T.);
#4338=EDGE_CURVE('',#5277,#5401,#507,.F.);
#4339=EDGE_CURVE('',#5401,#5402,#508,.T.);
#4340=EDGE_CURVE('',#5278,#5402,#509,.F.);
#4341=EDGE_CURVE('',#5402,#5403,#510,.T.);
#4342=EDGE_CURVE('',#5279,#5403,#75,.F.);
#4343=EDGE_CURVE('',#5403,#5404,#6037,.T.);
#4344=EDGE_CURVE('',#5280,#5404,#511,.F.);
#4345=EDGE_CURVE('',#5404,#5405,#6038,.T.);
#4346=EDGE_CURVE('',#5281,#5405,#76,.T.);
#4347=EDGE_CURVE('',#5405,#5406,#512,.T.);
#4348=EDGE_CURVE('',#5282,#5406,#513,.F.);
#4349=EDGE_CURVE('',#5406,#5388,#514,.T.);
#4350=EDGE_CURVE('',#5298,#5407,#515,.F.);
#4351=EDGE_CURVE('',#5407,#5408,#516,.T.);
#4352=EDGE_CURVE('',#5284,#5408,#517,.F.);
#4353=EDGE_CURVE('',#5408,#5409,#518,.T.);
#4354=EDGE_CURVE('',#5285,#5409,#519,.F.);
#4355=EDGE_CURVE('',#5409,#5410,#520,.T.);
#4356=EDGE_CURVE('',#5286,#5410,#77,.F.);
#4357=EDGE_CURVE('',#5410,#5411,#6039,.T.);
#4358=EDGE_CURVE('',#5287,#5411,#521,.F.);
#4359=EDGE_CURVE('',#5411,#5412,#6040,.T.);
#4360=EDGE_CURVE('',#5288,#5412,#78,.T.);
#4361=EDGE_CURVE('',#5412,#5413,#522,.T.);
#4362=EDGE_CURVE('',#5289,#5413,#523,.F.);
#4363=EDGE_CURVE('',#5413,#5414,#524,.T.);
#4364=EDGE_CURVE('',#5290,#5414,#525,.F.);
#4365=EDGE_CURVE('',#5414,#5415,#526,.T.);
#4366=EDGE_CURVE('',#5291,#5415,#527,.F.);
#4367=EDGE_CURVE('',#5415,#5416,#528,.T.);
#4368=EDGE_CURVE('',#5292,#5416,#529,.F.);
#4369=EDGE_CURVE('',#5416,#5417,#530,.T.);
#4370=EDGE_CURVE('',#5293,#5417,#531,.F.);
#4371=EDGE_CURVE('',#5417,#5418,#532,.T.);
#4372=EDGE_CURVE('',#5294,#5418,#533,.F.);
#4373=EDGE_CURVE('',#5418,#5419,#534,.T.);
#4374=EDGE_CURVE('',#5295,#5419,#535,.F.);
#4375=EDGE_CURVE('',#5419,#5420,#536,.T.);
#4376=EDGE_CURVE('',#5296,#5420,#537,.F.);
#4377=EDGE_CURVE('',#5420,#5421,#538,.T.);
#4378=EDGE_CURVE('',#5297,#5421,#539,.F.);
#4379=EDGE_CURVE('',#5421,#5407,#540,.T.);
#4380=EDGE_CURVE('',#5310,#5422,#79,.T.);
#4381=EDGE_CURVE('',#5422,#5423,#6041,.T.);
#4382=EDGE_CURVE('',#5300,#5423,#541,.F.);
#4383=EDGE_CURVE('',#5423,#5424,#6042,.T.);
#4384=EDGE_CURVE('',#5299,#5424,#80,.F.);
#4385=EDGE_CURVE('',#5424,#5425,#6043,.T.);
#4386=EDGE_CURVE('',#5301,#5425,#81,.F.);
#4387=EDGE_CURVE('',#5425,#5426,#6044,.T.);
#4388=EDGE_CURVE('',#5302,#5426,#82,.F.);
#4389=EDGE_CURVE('',#5426,#5427,#6045,.T.);
#4390=EDGE_CURVE('',#5303,#5427,#83,.F.);
#4391=EDGE_CURVE('',#5427,#5428,#6046,.T.);
#4392=EDGE_CURVE('',#5304,#5428,#84,.F.);
#4393=EDGE_CURVE('',#5428,#5429,#6047,.T.);
#4394=EDGE_CURVE('',#5305,#5429,#85,.F.);
#4395=EDGE_CURVE('',#5429,#5430,#6048,.T.);
#4396=EDGE_CURVE('',#5306,#5430,#542,.F.);
#4397=EDGE_CURVE('',#5430,#5431,#6049,.T.);
#4398=EDGE_CURVE('',#5307,#5431,#543,.F.);
#4399=EDGE_CURVE('',#5431,#5432,#6050,.T.);
#4400=EDGE_CURVE('',#5308,#5432,#86,.F.);
#4401=EDGE_CURVE('',#5432,#5433,#6051,.T.);
#4402=EDGE_CURVE('',#5309,#5433,#87,.F.);
#4403=EDGE_CURVE('',#5433,#5422,#6052,.T.);
#4404=EDGE_CURVE('',#5314,#5434,#544,.F.);
#4405=EDGE_CURVE('',#5434,#5435,#545,.T.);
#4406=EDGE_CURVE('',#5311,#5435,#546,.F.);
#4407=EDGE_CURVE('',#5435,#5436,#547,.T.);
#4408=EDGE_CURVE('',#5312,#5436,#548,.F.);
#4409=EDGE_CURVE('',#5436,#5437,#549,.T.);
#4410=EDGE_CURVE('',#5313,#5437,#550,.F.);
#4411=EDGE_CURVE('',#5437,#5434,#551,.T.);
#4412=EDGE_CURVE('',#5438,#5439,#6053,.T.);
#4413=EDGE_CURVE('',#5440,#5438,#6054,.T.);
#4414=EDGE_CURVE('',#5441,#5440,#6055,.T.);
#4415=EDGE_CURVE('',#5442,#5441,#6056,.T.);
#4416=EDGE_CURVE('',#5443,#5442,#6057,.T.);
#4417=EDGE_CURVE('',#5444,#5443,#6058,.T.);
#4418=EDGE_CURVE('',#5445,#5444,#6059,.T.);
#4419=EDGE_CURVE('',#5446,#5445,#6060,.T.);
#4420=EDGE_CURVE('',#5447,#5446,#6061,.T.);
#4421=EDGE_CURVE('',#5448,#5447,#6062,.T.);
#4422=EDGE_CURVE('',#5449,#5448,#6063,.T.);
#4423=EDGE_CURVE('',#5439,#5449,#6064,.T.);
#4424=EDGE_CURVE('',#5450,#5451,#552,.F.);
#4425=EDGE_CURVE('',#5452,#5450,#6065,.F.);
#4426=EDGE_CURVE('',#5453,#5452,#6066,.F.);
#4427=EDGE_CURVE('',#5454,#5453,#6067,.F.);
#4428=EDGE_CURVE('',#5455,#5454,#6068,.F.);
#4429=EDGE_CURVE('',#5456,#5455,#6069,.F.);
#4430=EDGE_CURVE('',#5457,#5456,#6070,.F.);
#4431=EDGE_CURVE('',#5458,#5457,#6071,.T.);
#4432=EDGE_CURVE('',#5459,#5458,#6072,.T.);
#4433=EDGE_CURVE('',#5460,#5459,#6073,.T.);
#4434=EDGE_CURVE('',#5461,#5460,#6074,.T.);
#4435=EDGE_CURVE('',#5462,#5461,#6075,.T.);
#4436=EDGE_CURVE('',#5463,#5462,#6076,.T.);
#4437=EDGE_CURVE('',#5464,#5463,#6077,.T.);
#4438=EDGE_CURVE('',#5465,#5464,#6078,.T.);
#4439=EDGE_CURVE('',#5466,#5465,#6079,.T.);
#4440=EDGE_CURVE('',#5467,#5466,#6080,.T.);
#4441=EDGE_CURVE('',#5468,#5467,#553,.F.);
#4442=EDGE_CURVE('',#5469,#5468,#6081,.F.);
#4443=EDGE_CURVE('',#5470,#5469,#6082,.F.);
#4444=EDGE_CURVE('',#5471,#5470,#6083,.F.);
#4445=EDGE_CURVE('',#5472,#5471,#6084,.F.);
#4446=EDGE_CURVE('',#5473,#5472,#6085,.F.);
#4447=EDGE_CURVE('',#5474,#5473,#6086,.F.);
#4448=EDGE_CURVE('',#5475,#5474,#6087,.F.);
#4449=EDGE_CURVE('',#5476,#5475,#6088,.T.);
#4450=EDGE_CURVE('',#5477,#5476,#6089,.T.);
#4451=EDGE_CURVE('',#5478,#5477,#6090,.T.);
#4452=EDGE_CURVE('',#5479,#5478,#6091,.T.);
#4453=EDGE_CURVE('',#5480,#5479,#6092,.T.);
#4454=EDGE_CURVE('',#5481,#5480,#6093,.T.);
#4455=EDGE_CURVE('',#5482,#5481,#6094,.T.);
#4456=EDGE_CURVE('',#5451,#5482,#6095,.T.);
#4457=EDGE_CURVE('',#5483,#5484,#554,.F.);
#4458=EDGE_CURVE('',#5485,#5483,#6096,.F.);
#4459=EDGE_CURVE('',#5486,#5485,#6097,.F.);
#4460=EDGE_CURVE('',#5487,#5486,#6098,.F.);
#4461=EDGE_CURVE('',#5488,#5487,#6099,.F.);
#4462=EDGE_CURVE('',#5489,#5488,#6100,.F.);
#4463=EDGE_CURVE('',#5490,#5489,#6101,.F.);
#4464=EDGE_CURVE('',#5491,#5490,#6102,.T.);
#4465=EDGE_CURVE('',#5492,#5491,#6103,.T.);
#4466=EDGE_CURVE('',#5493,#5492,#6104,.T.);
#4467=EDGE_CURVE('',#5494,#5493,#6105,.T.);
#4468=EDGE_CURVE('',#5495,#5494,#6106,.T.);
#4469=EDGE_CURVE('',#5496,#5495,#6107,.T.);
#4470=EDGE_CURVE('',#5497,#5496,#6108,.T.);
#4471=EDGE_CURVE('',#5498,#5497,#6109,.T.);
#4472=EDGE_CURVE('',#5499,#5498,#6110,.T.);
#4473=EDGE_CURVE('',#5500,#5499,#6111,.T.);
#4474=EDGE_CURVE('',#5501,#5500,#555,.F.);
#4475=EDGE_CURVE('',#5502,#5501,#6112,.F.);
#4476=EDGE_CURVE('',#5503,#5502,#6113,.F.);
#4477=EDGE_CURVE('',#5504,#5503,#6114,.F.);
#4478=EDGE_CURVE('',#5505,#5504,#6115,.F.);
#4479=EDGE_CURVE('',#5506,#5505,#6116,.F.);
#4480=EDGE_CURVE('',#5507,#5506,#6117,.F.);
#4481=EDGE_CURVE('',#5508,#5507,#6118,.F.);
#4482=EDGE_CURVE('',#5509,#5508,#6119,.T.);
#4483=EDGE_CURVE('',#5510,#5509,#6120,.T.);
#4484=EDGE_CURVE('',#5511,#5510,#6121,.T.);
#4485=EDGE_CURVE('',#5512,#5511,#6122,.T.);
#4486=EDGE_CURVE('',#5513,#5512,#6123,.T.);
#4487=EDGE_CURVE('',#5514,#5513,#6124,.T.);
#4488=EDGE_CURVE('',#5515,#5514,#6125,.T.);
#4489=EDGE_CURVE('',#5484,#5515,#6126,.T.);
#4490=EDGE_CURVE('',#5516,#5517,#6127,.T.);
#4491=EDGE_CURVE('',#5518,#5516,#6128,.T.);
#4492=EDGE_CURVE('',#5519,#5518,#6129,.T.);
#4493=EDGE_CURVE('',#5520,#5519,#6130,.T.);
#4494=EDGE_CURVE('',#5521,#5520,#6131,.T.);
#4495=EDGE_CURVE('',#5522,#5521,#6132,.T.);
#4496=EDGE_CURVE('',#5523,#5522,#6133,.T.);
#4497=EDGE_CURVE('',#5524,#5523,#6134,.T.);
#4498=EDGE_CURVE('',#5525,#5524,#6135,.F.);
#4499=EDGE_CURVE('',#5526,#5525,#6136,.F.);
#4500=EDGE_CURVE('',#5527,#5526,#6137,.F.);
#4501=EDGE_CURVE('',#5528,#5527,#6138,.F.);
#4502=EDGE_CURVE('',#5529,#5528,#6139,.F.);
#4503=EDGE_CURVE('',#5530,#5529,#6140,.F.);
#4504=EDGE_CURVE('',#5531,#5530,#556,.F.);
#4505=EDGE_CURVE('',#5532,#5531,#6141,.T.);
#4506=EDGE_CURVE('',#5533,#5532,#6142,.T.);
#4507=EDGE_CURVE('',#5534,#5533,#6143,.T.);
#4508=EDGE_CURVE('',#5535,#5534,#6144,.T.);
#4509=EDGE_CURVE('',#5536,#5535,#6145,.T.);
#4510=EDGE_CURVE('',#5537,#5536,#6146,.T.);
#4511=EDGE_CURVE('',#5538,#5537,#6147,.T.);
#4512=EDGE_CURVE('',#5539,#5538,#557,.F.);
#4513=EDGE_CURVE('',#5540,#5539,#6148,.F.);
#4514=EDGE_CURVE('',#5541,#5540,#6149,.F.);
#4515=EDGE_CURVE('',#5542,#5541,#558,.F.);
#4516=EDGE_CURVE('',#5517,#5542,#6150,.T.);
#4517=EDGE_CURVE('',#5543,#5544,#559,.F.);
#4518=EDGE_CURVE('',#5545,#5543,#560,.F.);
#4519=EDGE_CURVE('',#5546,#5545,#561,.F.);
#4520=EDGE_CURVE('',#5547,#5546,#6151,.T.);
#4521=EDGE_CURVE('',#5548,#5547,#6152,.T.);
#4522=EDGE_CURVE('',#5549,#5548,#6153,.T.);
#4523=EDGE_CURVE('',#5550,#5549,#6154,.T.);
#4524=EDGE_CURVE('',#5551,#5550,#6155,.T.);
#4525=EDGE_CURVE('',#5552,#5551,#6156,.T.);
#4526=EDGE_CURVE('',#5553,#5552,#6157,.T.);
#4527=EDGE_CURVE('',#5554,#5553,#562,.F.);
#4528=EDGE_CURVE('',#5555,#5554,#563,.F.);
#4529=EDGE_CURVE('',#5556,#5555,#564,.F.);
#4530=EDGE_CURVE('',#5557,#5556,#6158,.F.);
#4531=EDGE_CURVE('',#5558,#5557,#6159,.F.);
#4532=EDGE_CURVE('',#5559,#5558,#6160,.F.);
#4533=EDGE_CURVE('',#5560,#5559,#6161,.F.);
#4534=EDGE_CURVE('',#5561,#5560,#6162,.F.);
#4535=EDGE_CURVE('',#5562,#5561,#565,.F.);
#4536=EDGE_CURVE('',#5563,#5562,#566,.F.);
#4537=EDGE_CURVE('',#5564,#5563,#567,.F.);
#4538=EDGE_CURVE('',#5565,#5564,#6163,.F.);
#4539=EDGE_CURVE('',#5566,#5565,#6164,.F.);
#4540=EDGE_CURVE('',#5567,#5566,#6165,.F.);
#4541=EDGE_CURVE('',#5568,#5567,#6166,.F.);
#4542=EDGE_CURVE('',#5569,#5568,#6167,.F.);
#4543=EDGE_CURVE('',#5570,#5569,#568,.F.);
#4544=EDGE_CURVE('',#5544,#5570,#569,.F.);
#4545=EDGE_CURVE('',#5571,#5572,#570,.F.);
#4546=EDGE_CURVE('',#5573,#5571,#571,.F.);
#4547=EDGE_CURVE('',#5574,#5573,#572,.F.);
#4548=EDGE_CURVE('',#5575,#5574,#573,.F.);
#4549=EDGE_CURVE('',#5576,#5575,#574,.F.);
#4550=EDGE_CURVE('',#5577,#5576,#575,.F.);
#4551=EDGE_CURVE('',#5578,#5577,#576,.F.);
#4552=EDGE_CURVE('',#5572,#5578,#577,.F.);
#4553=EDGE_CURVE('',#5579,#5580,#578,.T.);
#4554=EDGE_CURVE('',#5581,#5579,#579,.T.);
#4555=EDGE_CURVE('',#5582,#5581,#580,.T.);
#4556=EDGE_CURVE('',#5583,#5582,#6168,.F.);
#4557=EDGE_CURVE('',#5584,#5583,#6169,.F.);
#4558=EDGE_CURVE('',#5585,#5584,#6170,.F.);
#4559=EDGE_CURVE('',#5586,#5585,#6171,.F.);
#4560=EDGE_CURVE('',#5580,#5586,#6172,.F.);
#4561=EDGE_CURVE('',#5587,#5588,#6173,.F.);
#4562=EDGE_CURVE('',#5589,#5587,#6174,.F.);
#4563=EDGE_CURVE('',#5590,#5589,#6175,.F.);
#4564=EDGE_CURVE('',#5591,#5590,#6176,.F.);
#4565=EDGE_CURVE('',#5592,#5591,#6177,.F.);
#4566=EDGE_CURVE('',#5593,#5592,#6178,.F.);
#4567=EDGE_CURVE('',#5594,#5593,#6179,.F.);
#4568=EDGE_CURVE('',#5588,#5594,#6180,.F.);
#4569=EDGE_CURVE('',#5439,#5595,#581,.T.);
#4570=EDGE_CURVE('',#5595,#5596,#6181,.F.);
#4571=EDGE_CURVE('',#5438,#5596,#88,.F.);
#4572=EDGE_CURVE('',#5449,#5597,#89,.T.);
#4573=EDGE_CURVE('',#5597,#5595,#6182,.F.);
#4574=EDGE_CURVE('',#5448,#5598,#90,.T.);
#4575=EDGE_CURVE('',#5598,#5597,#6183,.F.);
#4576=EDGE_CURVE('',#5447,#5599,#582,.T.);
#4577=EDGE_CURVE('',#5599,#5598,#6184,.F.);
#4578=EDGE_CURVE('',#5446,#5600,#91,.T.);
#4579=EDGE_CURVE('',#5600,#5599,#6185,.F.);
#4580=EDGE_CURVE('',#5445,#5601,#92,.T.);
#4581=EDGE_CURVE('',#5601,#5600,#6186,.F.);
#4582=EDGE_CURVE('',#5444,#5602,#583,.T.);
#4583=EDGE_CURVE('',#5602,#5601,#6187,.F.);
#4584=EDGE_CURVE('',#5443,#5603,#93,.T.);
#4585=EDGE_CURVE('',#5603,#5602,#6188,.F.);
#4586=EDGE_CURVE('',#5442,#5604,#94,.T.);
#4587=EDGE_CURVE('',#5604,#5603,#6189,.F.);
#4588=EDGE_CURVE('',#5441,#5605,#584,.T.);
#4589=EDGE_CURVE('',#5605,#5604,#6190,.F.);
#4590=EDGE_CURVE('',#5440,#5606,#95,.T.);
#4591=EDGE_CURVE('',#5606,#5605,#6191,.F.);
#4592=EDGE_CURVE('',#5596,#5606,#6192,.F.);
#4593=EDGE_CURVE('',#5451,#5607,#585,.T.);
#4594=EDGE_CURVE('',#5607,#5608,#586,.T.);
#4595=EDGE_CURVE('',#5450,#5608,#587,.T.);
#4596=EDGE_CURVE('',#5482,#5609,#96,.T.);
#4597=EDGE_CURVE('',#5609,#5607,#6193,.F.);
#4598=EDGE_CURVE('',#5481,#5610,#97,.T.);
#4599=EDGE_CURVE('',#5610,#5609,#6194,.F.);
#4600=EDGE_CURVE('',#5480,#5611,#98,.T.);
#4601=EDGE_CURVE('',#5611,#5610,#6195,.F.);
#4602=EDGE_CURVE('',#5479,#5612,#99,.T.);
#4603=EDGE_CURVE('',#5612,#5611,#6196,.F.);
#4604=EDGE_CURVE('',#5478,#5613,#100,.T.);
#4605=EDGE_CURVE('',#5613,#5612,#6197,.F.);
#4606=EDGE_CURVE('',#5477,#5614,#101,.T.);
#4607=EDGE_CURVE('',#5614,#5613,#6198,.F.);
#4608=EDGE_CURVE('',#5476,#5615,#102,.T.);
#4609=EDGE_CURVE('',#5615,#5614,#6199,.F.);
#4610=EDGE_CURVE('',#5475,#5616,#103,.T.);
#4611=EDGE_CURVE('',#5616,#5615,#6200,.F.);
#4612=EDGE_CURVE('',#5474,#5617,#104,.T.);
#4613=EDGE_CURVE('',#5617,#5616,#6201,.T.);
#4614=EDGE_CURVE('',#5473,#5618,#105,.T.);
#4615=EDGE_CURVE('',#5618,#5617,#6202,.T.);
#4616=EDGE_CURVE('',#5472,#5619,#106,.T.);
#4617=EDGE_CURVE('',#5619,#5618,#6203,.T.);
#4618=EDGE_CURVE('',#5471,#5620,#107,.T.);
#4619=EDGE_CURVE('',#5620,#5619,#6204,.T.);
#4620=EDGE_CURVE('',#5470,#5621,#108,.T.);
#4621=EDGE_CURVE('',#5621,#5620,#6205,.T.);
#4622=EDGE_CURVE('',#5469,#5622,#109,.T.);
#4623=EDGE_CURVE('',#5622,#5621,#6206,.T.);
#4624=EDGE_CURVE('',#5468,#5623,#588,.T.);
#4625=EDGE_CURVE('',#5623,#5622,#6207,.T.);
#4626=EDGE_CURVE('',#5467,#5624,#589,.T.);
#4627=EDGE_CURVE('',#5624,#5623,#590,.T.);
#4628=EDGE_CURVE('',#5466,#5625,#591,.T.);
#4629=EDGE_CURVE('',#5625,#5624,#6208,.F.);
#4630=EDGE_CURVE('',#5465,#5626,#110,.T.);
#4631=EDGE_CURVE('',#5626,#5625,#6209,.F.);
#4632=EDGE_CURVE('',#5464,#5627,#111,.T.);
#4633=EDGE_CURVE('',#5627,#5626,#6210,.F.);
#4634=EDGE_CURVE('',#5463,#5628,#112,.T.);
#4635=EDGE_CURVE('',#5628,#5627,#6211,.F.);
#4636=EDGE_CURVE('',#5462,#5629,#113,.T.);
#4637=EDGE_CURVE('',#5629,#5628,#6212,.F.);
#4638=EDGE_CURVE('',#5461,#5630,#114,.T.);
#4639=EDGE_CURVE('',#5630,#5629,#6213,.F.);
#4640=EDGE_CURVE('',#5460,#5631,#115,.T.);
#4641=EDGE_CURVE('',#5631,#5630,#6214,.F.);
#4642=EDGE_CURVE('',#5459,#5632,#116,.T.);
#4643=EDGE_CURVE('',#5632,#5631,#6215,.F.);
#4644=EDGE_CURVE('',#5458,#5633,#117,.T.);
#4645=EDGE_CURVE('',#5633,#5632,#6216,.F.);
#4646=EDGE_CURVE('',#5457,#5634,#118,.T.);
#4647=EDGE_CURVE('',#5634,#5633,#6217,.F.);
#4648=EDGE_CURVE('',#5456,#5635,#119,.T.);
#4649=EDGE_CURVE('',#5635,#5634,#6218,.T.);
#4650=EDGE_CURVE('',#5455,#5636,#120,.T.);
#4651=EDGE_CURVE('',#5636,#5635,#6219,.T.);
#4652=EDGE_CURVE('',#5454,#5637,#121,.T.);
#4653=EDGE_CURVE('',#5637,#5636,#6220,.T.);
#4654=EDGE_CURVE('',#5453,#5638,#592,.T.);
#4655=EDGE_CURVE('',#5638,#5637,#6221,.T.);
#4656=EDGE_CURVE('',#5452,#5639,#122,.T.);
#4657=EDGE_CURVE('',#5639,#5638,#6222,.T.);
#4658=EDGE_CURVE('',#5608,#5639,#6223,.T.);
#4659=EDGE_CURVE('',#5484,#5640,#593,.T.);
#4660=EDGE_CURVE('',#5640,#5641,#594,.T.);
#4661=EDGE_CURVE('',#5483,#5641,#595,.T.);
#4662=EDGE_CURVE('',#5515,#5642,#123,.T.);
#4663=EDGE_CURVE('',#5642,#5640,#6224,.F.);
#4664=EDGE_CURVE('',#5514,#5643,#124,.T.);
#4665=EDGE_CURVE('',#5643,#5642,#6225,.F.);
#4666=EDGE_CURVE('',#5513,#5644,#125,.T.);
#4667=EDGE_CURVE('',#5644,#5643,#6226,.F.);
#4668=EDGE_CURVE('',#5512,#5645,#126,.T.);
#4669=EDGE_CURVE('',#5645,#5644,#6227,.F.);
#4670=EDGE_CURVE('',#5511,#5646,#127,.T.);
#4671=EDGE_CURVE('',#5646,#5645,#6228,.F.);
#4672=EDGE_CURVE('',#5510,#5647,#128,.T.);
#4673=EDGE_CURVE('',#5647,#5646,#6229,.F.);
#4674=EDGE_CURVE('',#5509,#5648,#129,.T.);
#4675=EDGE_CURVE('',#5648,#5647,#6230,.F.);
#4676=EDGE_CURVE('',#5508,#5649,#130,.T.);
#4677=EDGE_CURVE('',#5649,#5648,#6231,.F.);
#4678=EDGE_CURVE('',#5507,#5650,#131,.T.);
#4679=EDGE_CURVE('',#5650,#5649,#6232,.T.);
#4680=EDGE_CURVE('',#5506,#5651,#132,.T.);
#4681=EDGE_CURVE('',#5651,#5650,#6233,.T.);
#4682=EDGE_CURVE('',#5505,#5652,#133,.T.);
#4683=EDGE_CURVE('',#5652,#5651,#6234,.T.);
#4684=EDGE_CURVE('',#5504,#5653,#134,.T.);
#4685=EDGE_CURVE('',#5653,#5652,#6235,.T.);
#4686=EDGE_CURVE('',#5503,#5654,#135,.T.);
#4687=EDGE_CURVE('',#5654,#5653,#6236,.T.);
#4688=EDGE_CURVE('',#5502,#5655,#136,.T.);
#4689=EDGE_CURVE('',#5655,#5654,#6237,.T.);
#4690=EDGE_CURVE('',#5501,#5656,#596,.T.);
#4691=EDGE_CURVE('',#5656,#5655,#6238,.T.);
#4692=EDGE_CURVE('',#5500,#5657,#597,.T.);
#4693=EDGE_CURVE('',#5657,#5656,#598,.T.);
#4694=EDGE_CURVE('',#5499,#5658,#599,.T.);
#4695=EDGE_CURVE('',#5658,#5657,#6239,.F.);
#4696=EDGE_CURVE('',#5498,#5659,#137,.T.);
#4697=EDGE_CURVE('',#5659,#5658,#6240,.F.);
#4698=EDGE_CURVE('',#5497,#5660,#138,.T.);
#4699=EDGE_CURVE('',#5660,#5659,#6241,.F.);
#4700=EDGE_CURVE('',#5496,#5661,#139,.T.);
#4701=EDGE_CURVE('',#5661,#5660,#6242,.F.);
#4702=EDGE_CURVE('',#5495,#5662,#140,.T.);
#4703=EDGE_CURVE('',#5662,#5661,#6243,.F.);
#4704=EDGE_CURVE('',#5494,#5663,#141,.T.);
#4705=EDGE_CURVE('',#5663,#5662,#6244,.F.);
#4706=EDGE_CURVE('',#5493,#5664,#142,.T.);
#4707=EDGE_CURVE('',#5664,#5663,#6245,.F.);
#4708=EDGE_CURVE('',#5492,#5665,#143,.T.);
#4709=EDGE_CURVE('',#5665,#5664,#6246,.F.);
#4710=EDGE_CURVE('',#5491,#5666,#144,.T.);
#4711=EDGE_CURVE('',#5666,#5665,#6247,.F.);
#4712=EDGE_CURVE('',#5490,#5667,#145,.T.);
#4713=EDGE_CURVE('',#5667,#5666,#6248,.F.);
#4714=EDGE_CURVE('',#5489,#5668,#146,.T.);
#4715=EDGE_CURVE('',#5668,#5667,#6249,.T.);
#4716=EDGE_CURVE('',#5488,#5669,#147,.T.);
#4717=EDGE_CURVE('',#5669,#5668,#6250,.T.);
#4718=EDGE_CURVE('',#5487,#5670,#148,.T.);
#4719=EDGE_CURVE('',#5670,#5669,#6251,.T.);
#4720=EDGE_CURVE('',#5486,#5671,#600,.T.);
#4721=EDGE_CURVE('',#5671,#5670,#6252,.T.);
#4722=EDGE_CURVE('',#5485,#5672,#149,.T.);
#4723=EDGE_CURVE('',#5672,#5671,#6253,.T.);
#4724=EDGE_CURVE('',#5641,#5672,#6254,.T.);
#4725=EDGE_CURVE('',#5517,#5673,#601,.T.);
#4726=EDGE_CURVE('',#5673,#5674,#6255,.F.);
#4727=EDGE_CURVE('',#5516,#5674,#150,.F.);
#4728=EDGE_CURVE('',#5542,#5675,#602,.T.);
#4729=EDGE_CURVE('',#5675,#5673,#6256,.F.);
#4730=EDGE_CURVE('',#5541,#5676,#603,.T.);
#4731=EDGE_CURVE('',#5676,#5675,#604,.T.);
#4732=EDGE_CURVE('',#5540,#5677,#151,.T.);
#4733=EDGE_CURVE('',#5677,#5676,#6257,.T.);
#4734=EDGE_CURVE('',#5539,#5678,#152,.F.);
#4735=EDGE_CURVE('',#5678,#5677,#6258,.T.);
#4736=EDGE_CURVE('',#5538,#5679,#153,.T.);
#4737=EDGE_CURVE('',#5679,#5678,#605,.T.);
#4738=EDGE_CURVE('',#5537,#5680,#154,.T.);
#4739=EDGE_CURVE('',#5680,#5679,#6259,.F.);
#4740=EDGE_CURVE('',#5536,#5681,#155,.T.);
#4741=EDGE_CURVE('',#5681,#5680,#6260,.F.);
#4742=EDGE_CURVE('',#5535,#5682,#156,.T.);
#4743=EDGE_CURVE('',#5682,#5681,#6261,.F.);
#4744=EDGE_CURVE('',#5534,#5683,#157,.T.);
#4745=EDGE_CURVE('',#5683,#5682,#6262,.F.);
#4746=EDGE_CURVE('',#5533,#5684,#158,.T.);
#4747=EDGE_CURVE('',#5684,#5683,#6263,.F.);
#4748=EDGE_CURVE('',#5532,#5685,#606,.T.);
#4749=EDGE_CURVE('',#5685,#5684,#6264,.F.);
#4750=EDGE_CURVE('',#5531,#5686,#607,.T.);
#4751=EDGE_CURVE('',#5686,#5685,#6265,.F.);
#4752=EDGE_CURVE('',#5530,#5687,#608,.T.);
#4753=EDGE_CURVE('',#5687,#5686,#609,.T.);
#4754=EDGE_CURVE('',#5529,#5688,#610,.T.);
#4755=EDGE_CURVE('',#5688,#5687,#6266,.T.);
#4756=EDGE_CURVE('',#5528,#5689,#611,.T.);
#4757=EDGE_CURVE('',#5689,#5688,#6267,.T.);
#4758=EDGE_CURVE('',#5527,#5690,#612,.T.);
#4759=EDGE_CURVE('',#5690,#5689,#6268,.T.);
#4760=EDGE_CURVE('',#5526,#5691,#159,.T.);
#4761=EDGE_CURVE('',#5691,#5690,#6269,.T.);
#4762=EDGE_CURVE('',#5525,#5692,#613,.T.);
#4763=EDGE_CURVE('',#5692,#5691,#6270,.T.);
#4764=EDGE_CURVE('',#5524,#5693,#160,.T.);
#4765=EDGE_CURVE('',#5693,#5692,#6271,.T.);
#4766=EDGE_CURVE('',#5523,#5694,#161,.T.);
#4767=EDGE_CURVE('',#5694,#5693,#6272,.F.);
#4768=EDGE_CURVE('',#5522,#5695,#614,.T.);
#4769=EDGE_CURVE('',#5695,#5694,#6273,.F.);
#4770=EDGE_CURVE('',#5521,#5696,#162,.T.);
#4771=EDGE_CURVE('',#5696,#5695,#6274,.F.);
#4772=EDGE_CURVE('',#5520,#5697,#163,.T.);
#4773=EDGE_CURVE('',#5697,#5696,#6275,.F.);
#4774=EDGE_CURVE('',#5519,#5698,#164,.T.);
#4775=EDGE_CURVE('',#5698,#5697,#6276,.F.);
#4776=EDGE_CURVE('',#5518,#5699,#165,.T.);
#4777=EDGE_CURVE('',#5699,#5698,#6277,.F.);
#4778=EDGE_CURVE('',#5674,#5699,#6278,.F.);
#4779=EDGE_CURVE('',#5544,#5700,#615,.F.);
#4780=EDGE_CURVE('',#5700,#5701,#616,.T.);
#4781=EDGE_CURVE('',#5543,#5701,#617,.F.);
#4782=EDGE_CURVE('',#5570,#5702,#618,.F.);
#4783=EDGE_CURVE('',#5702,#5700,#619,.T.);
#4784=EDGE_CURVE('',#5569,#5703,#166,.T.);
#4785=EDGE_CURVE('',#5703,#5702,#620,.T.);
#4786=EDGE_CURVE('',#5568,#5704,#167,.T.);
#4787=EDGE_CURVE('',#5704,#5703,#6279,.T.);
#4788=EDGE_CURVE('',#5567,#5705,#168,.T.);
#4789=EDGE_CURVE('',#5705,#5704,#6280,.T.);
#4790=EDGE_CURVE('',#5566,#5706,#169,.T.);
#4791=EDGE_CURVE('',#5706,#5705,#6281,.T.);
#4792=EDGE_CURVE('',#5565,#5707,#621,.T.);
#4793=EDGE_CURVE('',#5707,#5706,#6282,.T.);
#4794=EDGE_CURVE('',#5564,#5708,#170,.F.);
#4795=EDGE_CURVE('',#5708,#5707,#6283,.T.);
#4796=EDGE_CURVE('',#5563,#5709,#622,.F.);
#4797=EDGE_CURVE('',#5709,#5708,#623,.T.);
#4798=EDGE_CURVE('',#5562,#5710,#624,.F.);
#4799=EDGE_CURVE('',#5710,#5709,#625,.T.);
#4800=EDGE_CURVE('',#5561,#5711,#171,.T.);
#4801=EDGE_CURVE('',#5711,#5710,#626,.T.);
#4802=EDGE_CURVE('',#5560,#5712,#172,.T.);
#4803=EDGE_CURVE('',#5712,#5711,#6284,.T.);
#4804=EDGE_CURVE('',#5559,#5713,#173,.T.);
#4805=EDGE_CURVE('',#5713,#5712,#6285,.T.);
#4806=EDGE_CURVE('',#5558,#5714,#174,.T.);
#4807=EDGE_CURVE('',#5714,#5713,#6286,.T.);
#4808=EDGE_CURVE('',#5557,#5715,#175,.T.);
#4809=EDGE_CURVE('',#5715,#5714,#6287,.T.);
#4810=EDGE_CURVE('',#5556,#5716,#176,.F.);
#4811=EDGE_CURVE('',#5716,#5715,#6288,.T.);
#4812=EDGE_CURVE('',#5555,#5717,#627,.F.);
#4813=EDGE_CURVE('',#5717,#5716,#628,.T.);
#4814=EDGE_CURVE('',#5554,#5718,#629,.F.);
#4815=EDGE_CURVE('',#5718,#5717,#630,.T.);
#4816=EDGE_CURVE('',#5553,#5719,#177,.T.);
#4817=EDGE_CURVE('',#5719,#5718,#631,.T.);
#4818=EDGE_CURVE('',#5552,#5720,#178,.T.);
#4819=EDGE_CURVE('',#5720,#5719,#6289,.F.);
#4820=EDGE_CURVE('',#5551,#5721,#179,.T.);
#4821=EDGE_CURVE('',#5721,#5720,#6290,.F.);
#4822=EDGE_CURVE('',#5550,#5722,#632,.T.);
#4823=EDGE_CURVE('',#5722,#5721,#6291,.F.);
#4824=EDGE_CURVE('',#5549,#5723,#180,.T.);
#4825=EDGE_CURVE('',#5723,#5722,#6292,.F.);
#4826=EDGE_CURVE('',#5548,#5724,#181,.T.);
#4827=EDGE_CURVE('',#5724,#5723,#6293,.F.);
#4828=EDGE_CURVE('',#5547,#5725,#182,.T.);
#4829=EDGE_CURVE('',#5725,#5724,#6294,.F.);
#4830=EDGE_CURVE('',#5546,#5726,#633,.T.);
#4831=EDGE_CURVE('',#5726,#5725,#6295,.F.);
#4832=EDGE_CURVE('',#5545,#5727,#634,.F.);
#4833=EDGE_CURVE('',#5727,#5726,#635,.T.);
#4834=EDGE_CURVE('',#5701,#5727,#636,.T.);
#4835=EDGE_CURVE('',#5572,#5728,#637,.F.);
#4836=EDGE_CURVE('',#5728,#5729,#638,.T.);
#4837=EDGE_CURVE('',#5571,#5729,#639,.F.);
#4838=EDGE_CURVE('',#5578,#5730,#640,.F.);
#4839=EDGE_CURVE('',#5730,#5728,#641,.T.);
#4840=EDGE_CURVE('',#5577,#5731,#642,.F.);
#4841=EDGE_CURVE('',#5731,#5730,#643,.T.);
#4842=EDGE_CURVE('',#5576,#5732,#644,.F.);
#4843=EDGE_CURVE('',#5732,#5731,#645,.T.);
#4844=EDGE_CURVE('',#5575,#5733,#646,.F.);
#4845=EDGE_CURVE('',#5733,#5732,#647,.T.);
#4846=EDGE_CURVE('',#5574,#5734,#648,.F.);
#4847=EDGE_CURVE('',#5734,#5733,#649,.T.);
#4848=EDGE_CURVE('',#5573,#5735,#650,.F.);
#4849=EDGE_CURVE('',#5735,#5734,#651,.T.);
#4850=EDGE_CURVE('',#5729,#5735,#652,.T.);
#4851=EDGE_CURVE('',#5736,#5737,#653,.T.);
#4852=EDGE_CURVE('',#5736,#5579,#654,.F.);
#4853=EDGE_CURVE('',#5737,#5580,#183,.F.);
#4854=EDGE_CURVE('',#5738,#5736,#655,.T.);
#4855=EDGE_CURVE('',#5738,#5581,#656,.F.);
#4856=EDGE_CURVE('',#5739,#5738,#657,.F.);
#4857=EDGE_CURVE('',#5739,#5582,#184,.T.);
#4858=EDGE_CURVE('',#5739,#5740,#6296,.T.);
#4859=EDGE_CURVE('',#5740,#5583,#185,.T.);
#4860=EDGE_CURVE('',#5740,#5741,#6297,.T.);
#4861=EDGE_CURVE('',#5741,#5584,#186,.T.);
#4862=EDGE_CURVE('',#5741,#5742,#6298,.T.);
#4863=EDGE_CURVE('',#5742,#5585,#187,.T.);
#4864=EDGE_CURVE('',#5742,#5743,#6299,.T.);
#4865=EDGE_CURVE('',#5743,#5586,#188,.T.);
#4866=EDGE_CURVE('',#5743,#5737,#6300,.T.);
#4867=EDGE_CURVE('',#5744,#5745,#6301,.T.);
#4868=EDGE_CURVE('',#5745,#5587,#658,.F.);
#4869=EDGE_CURVE('',#5744,#5588,#189,.F.);
#4870=EDGE_CURVE('',#5745,#5746,#6302,.T.);
#4871=EDGE_CURVE('',#5746,#5589,#190,.T.);
#4872=EDGE_CURVE('',#5746,#5747,#6303,.T.);
#4873=EDGE_CURVE('',#5747,#5590,#191,.T.);
#4874=EDGE_CURVE('',#5747,#5748,#6304,.T.);
#4875=EDGE_CURVE('',#5748,#5591,#192,.T.);
#4876=EDGE_CURVE('',#5748,#5749,#6305,.T.);
#4877=EDGE_CURVE('',#5749,#5592,#659,.F.);
#4878=EDGE_CURVE('',#5749,#5750,#6306,.T.);
#4879=EDGE_CURVE('',#5750,#5593,#193,.T.);
#4880=EDGE_CURVE('',#5750,#5751,#6307,.T.);
#4881=EDGE_CURVE('',#5751,#5594,#660,.F.);
#4882=EDGE_CURVE('',#5751,#5744,#6308,.T.);
#4883=EDGE_CURVE('',#5752,#5753,#6309,.T.);
#4884=EDGE_CURVE('',#5754,#5752,#6310,.T.);
#4885=EDGE_CURVE('',#5755,#5754,#6311,.T.);
#4886=EDGE_CURVE('',#5756,#5755,#6312,.T.);
#4887=EDGE_CURVE('',#5757,#5756,#6313,.T.);
#4888=EDGE_CURVE('',#5758,#5757,#6314,.T.);
#4889=EDGE_CURVE('',#5759,#5758,#6315,.T.);
#4890=EDGE_CURVE('',#5760,#5759,#6316,.T.);
#4891=EDGE_CURVE('',#5761,#5760,#6317,.T.);
#4892=EDGE_CURVE('',#5762,#5761,#6318,.T.);
#4893=EDGE_CURVE('',#5763,#5762,#6319,.T.);
#4894=EDGE_CURVE('',#5753,#5763,#6320,.T.);
#4895=EDGE_CURVE('',#5764,#5765,#6321,.F.);
#4896=EDGE_CURVE('',#5766,#5764,#661,.T.);
#4897=EDGE_CURVE('',#5767,#5766,#6322,.T.);
#4898=EDGE_CURVE('',#5768,#5767,#6323,.T.);
#4899=EDGE_CURVE('',#5769,#5768,#6324,.T.);
#4900=EDGE_CURVE('',#5770,#5769,#6325,.T.);
#4901=EDGE_CURVE('',#5771,#5770,#6326,.T.);
#4902=EDGE_CURVE('',#5772,#5771,#6327,.T.);
#4903=EDGE_CURVE('',#5773,#5772,#6328,.T.);
#4904=EDGE_CURVE('',#5765,#5773,#6329,.T.);
#4905=EDGE_CURVE('',#5774,#5775,#662,.T.);
#4906=EDGE_CURVE('',#5776,#5774,#663,.T.);
#4907=EDGE_CURVE('',#5777,#5776,#6330,.F.);
#4908=EDGE_CURVE('',#5778,#5777,#6331,.F.);
#4909=EDGE_CURVE('',#5775,#5778,#664,.T.);
#4910=EDGE_CURVE('',#5779,#5780,#6332,.F.);
#4911=EDGE_CURVE('',#5780,#5752,#194,.T.);
#4912=EDGE_CURVE('',#5779,#5753,#195,.F.);
#4913=EDGE_CURVE('',#5780,#5781,#6333,.F.);
#4914=EDGE_CURVE('',#5781,#5754,#196,.T.);
#4915=EDGE_CURVE('',#5781,#5782,#6334,.F.);
#4916=EDGE_CURVE('',#5782,#5755,#197,.T.);
#4917=EDGE_CURVE('',#5782,#5783,#6335,.F.);
#4918=EDGE_CURVE('',#5783,#5756,#198,.T.);
#4919=EDGE_CURVE('',#5783,#5784,#6336,.F.);
#4920=EDGE_CURVE('',#5784,#5757,#199,.T.);
#4921=EDGE_CURVE('',#5784,#5785,#6337,.F.);
#4922=EDGE_CURVE('',#5785,#5758,#200,.T.);
#4923=EDGE_CURVE('',#5785,#5786,#6338,.F.);
#4924=EDGE_CURVE('',#5786,#5759,#665,.T.);
#4925=EDGE_CURVE('',#5786,#5787,#6339,.F.);
#4926=EDGE_CURVE('',#5787,#5760,#201,.T.);
#4927=EDGE_CURVE('',#5787,#5788,#6340,.F.);
#4928=EDGE_CURVE('',#5788,#5761,#202,.T.);
#4929=EDGE_CURVE('',#5788,#5789,#6341,.F.);
#4930=EDGE_CURVE('',#5789,#5762,#203,.T.);
#4931=EDGE_CURVE('',#5789,#5790,#6342,.F.);
#4932=EDGE_CURVE('',#5790,#5763,#204,.T.);
#4933=EDGE_CURVE('',#5790,#5779,#6343,.F.);
#4934=EDGE_CURVE('',#5791,#5792,#6344,.T.);
#4935=EDGE_CURVE('',#5792,#5764,#666,.T.);
#4936=EDGE_CURVE('',#5791,#5765,#205,.F.);
#4937=EDGE_CURVE('',#5792,#5793,#667,.F.);
#4938=EDGE_CURVE('',#5793,#5766,#206,.T.);
#4939=EDGE_CURVE('',#5793,#5794,#6345,.F.);
#4940=EDGE_CURVE('',#5794,#5767,#207,.T.);
#4941=EDGE_CURVE('',#5794,#5795,#6346,.F.);
#4942=EDGE_CURVE('',#5795,#5768,#208,.T.);
#4943=EDGE_CURVE('',#5795,#5796,#6347,.F.);
#4944=EDGE_CURVE('',#5796,#5769,#209,.T.);
#4945=EDGE_CURVE('',#5796,#5797,#6348,.F.);
#4946=EDGE_CURVE('',#5797,#5770,#210,.T.);
#4947=EDGE_CURVE('',#5797,#5798,#6349,.F.);
#4948=EDGE_CURVE('',#5798,#5771,#211,.T.);
#4949=EDGE_CURVE('',#5798,#5799,#6350,.F.);
#4950=EDGE_CURVE('',#5799,#5772,#212,.T.);
#4951=EDGE_CURVE('',#5799,#5800,#6351,.F.);
#4952=EDGE_CURVE('',#5800,#5773,#213,.T.);
#4953=EDGE_CURVE('',#5800,#5791,#6352,.F.);
#4954=EDGE_CURVE('',#5801,#5802,#668,.F.);
#4955=EDGE_CURVE('',#5802,#5774,#669,.F.);
#4956=EDGE_CURVE('',#5801,#5775,#670,.F.);
#4957=EDGE_CURVE('',#5802,#5803,#671,.F.);
#4958=EDGE_CURVE('',#5803,#5776,#214,.T.);
#4959=EDGE_CURVE('',#5803,#5804,#6353,.T.);
#4960=EDGE_CURVE('',#5804,#5777,#672,.T.);
#4961=EDGE_CURVE('',#5804,#5805,#6354,.T.);
#4962=EDGE_CURVE('',#5805,#5778,#215,.F.);
#4963=EDGE_CURVE('',#5805,#5801,#673,.F.);
#4964=EDGE_CURVE('',#5806,#5807,#674,.F.);
#4965=EDGE_CURVE('',#5808,#5806,#675,.F.);
#4966=EDGE_CURVE('',#5809,#5808,#6355,.T.);
#4967=EDGE_CURVE('',#5810,#5809,#6356,.T.);
#4968=EDGE_CURVE('',#5811,#5810,#6357,.T.);
#4969=EDGE_CURVE('',#5812,#5811,#6358,.T.);
#4970=EDGE_CURVE('',#5813,#5812,#6359,.T.);
#4971=EDGE_CURVE('',#5814,#5813,#6360,.T.);
#4972=EDGE_CURVE('',#5815,#5814,#6361,.T.);
#4973=EDGE_CURVE('',#5816,#5815,#676,.F.);
#4974=EDGE_CURVE('',#5817,#5816,#677,.F.);
#4975=EDGE_CURVE('',#5818,#5817,#678,.F.);
#4976=EDGE_CURVE('',#5819,#5818,#6362,.F.);
#4977=EDGE_CURVE('',#5820,#5819,#6363,.F.);
#4978=EDGE_CURVE('',#5821,#5820,#679,.F.);
#4979=EDGE_CURVE('',#5822,#5821,#680,.F.);
#4980=EDGE_CURVE('',#5807,#5822,#681,.F.);
#4981=EDGE_CURVE('',#5807,#5823,#682,.F.);
#4982=EDGE_CURVE('',#5823,#5824,#683,.T.);
#4983=EDGE_CURVE('',#5806,#5824,#684,.F.);
#4984=EDGE_CURVE('',#5822,#5825,#685,.F.);
#4985=EDGE_CURVE('',#5825,#5823,#686,.T.);
#4986=EDGE_CURVE('',#5821,#5826,#687,.F.);
#4987=EDGE_CURVE('',#5826,#5825,#688,.T.);
#4988=EDGE_CURVE('',#5820,#5827,#216,.T.);
#4989=EDGE_CURVE('',#5827,#5826,#689,.T.);
#4990=EDGE_CURVE('',#5819,#5828,#217,.T.);
#4991=EDGE_CURVE('',#5828,#5827,#6364,.T.);
#4992=EDGE_CURVE('',#5818,#5829,#218,.F.);
#4993=EDGE_CURVE('',#5829,#5828,#6365,.T.);
#4994=EDGE_CURVE('',#5817,#5830,#690,.F.);
#4995=EDGE_CURVE('',#5830,#5829,#691,.T.);
#4996=EDGE_CURVE('',#5816,#5831,#692,.F.);
#4997=EDGE_CURVE('',#5831,#5830,#693,.T.);
#4998=EDGE_CURVE('',#5815,#5832,#219,.T.);
#4999=EDGE_CURVE('',#5832,#5831,#694,.T.);
#5000=EDGE_CURVE('',#5814,#5833,#220,.T.);
#5001=EDGE_CURVE('',#5833,#5832,#6366,.F.);
#5002=EDGE_CURVE('',#5813,#5834,#221,.T.);
#5003=EDGE_CURVE('',#5834,#5833,#6367,.F.);
#5004=EDGE_CURVE('',#5812,#5835,#222,.T.);
#5005=EDGE_CURVE('',#5835,#5834,#6368,.F.);
#5006=EDGE_CURVE('',#5811,#5836,#223,.T.);
#5007=EDGE_CURVE('',#5836,#5835,#6369,.F.);
#5008=EDGE_CURVE('',#5810,#5837,#224,.T.);
#5009=EDGE_CURVE('',#5837,#5836,#6370,.F.);
#5010=EDGE_CURVE('',#5809,#5838,#225,.T.);
#5011=EDGE_CURVE('',#5838,#5837,#6371,.F.);
#5012=EDGE_CURVE('',#5808,#5839,#226,.F.);
#5013=EDGE_CURVE('',#5839,#5838,#6372,.F.);
#5014=EDGE_CURVE('',#5824,#5839,#695,.T.);
#5015=EDGE_CURVE('',#5840,#5841,#696,.T.);
#5016=EDGE_CURVE('',#5842,#5840,#697,.T.);
#5017=EDGE_CURVE('',#5843,#5842,#698,.T.);
#5018=EDGE_CURVE('',#5844,#5843,#6373,.T.);
#5019=EDGE_CURVE('',#5845,#5844,#6374,.T.);
#5020=EDGE_CURVE('',#5846,#5845,#6375,.T.);
#5021=EDGE_CURVE('',#5847,#5846,#6376,.T.);
#5022=EDGE_CURVE('',#5841,#5847,#6377,.T.);
#5023=EDGE_CURVE('',#5848,#5849,#699,.F.);
#5024=EDGE_CURVE('',#5849,#5840,#700,.F.);
#5025=EDGE_CURVE('',#5848,#5841,#227,.F.);
#5026=EDGE_CURVE('',#5849,#5850,#701,.F.);
#5027=EDGE_CURVE('',#5850,#5842,#702,.F.);
#5028=EDGE_CURVE('',#5850,#5851,#703,.F.);
#5029=EDGE_CURVE('',#5851,#5843,#228,.T.);
#5030=EDGE_CURVE('',#5851,#5852,#6378,.F.);
#5031=EDGE_CURVE('',#5852,#5844,#229,.T.);
#5032=EDGE_CURVE('',#5852,#5853,#6379,.F.);
#5033=EDGE_CURVE('',#5853,#5845,#230,.T.);
#5034=EDGE_CURVE('',#5853,#5854,#6380,.F.);
#5035=EDGE_CURVE('',#5854,#5846,#231,.T.);
#5036=EDGE_CURVE('',#5854,#5855,#6381,.F.);
#5037=EDGE_CURVE('',#5855,#5847,#232,.T.);
#5038=EDGE_CURVE('',#5855,#5848,#6382,.F.);
#5039=VERTEX_POINT('',#11548);
#5040=VERTEX_POINT('',#11550);
#5041=VERTEX_POINT('',#11553);
#5042=VERTEX_POINT('',#11559);
#5043=VERTEX_POINT('',#11561);
#5044=VERTEX_POINT('',#11564);
#5045=VERTEX_POINT('',#11567);
#5046=VERTEX_POINT('',#11571);
#5047=VERTEX_POINT('',#11574);
#5048=VERTEX_POINT('',#11577);
#5049=VERTEX_POINT('',#11580);
#5050=VERTEX_POINT('',#11583);
#5051=VERTEX_POINT('',#11586);
#5052=VERTEX_POINT('',#11589);
#5053=VERTEX_POINT('',#11592);
#5054=VERTEX_POINT('',#11595);
#5055=VERTEX_POINT('',#11598);
#5056=VERTEX_POINT('',#11601);
#5057=VERTEX_POINT('',#11602);
#5058=VERTEX_POINT('',#11604);
#5059=VERTEX_POINT('',#11606);
#5060=VERTEX_POINT('',#11608);
#5061=VERTEX_POINT('',#11610);
#5062=VERTEX_POINT('',#11612);
#5063=VERTEX_POINT('',#11614);
#5064=VERTEX_POINT('',#11618);
#5065=VERTEX_POINT('',#11620);
#5066=VERTEX_POINT('',#11623);
#5067=VERTEX_POINT('',#11626);
#5068=VERTEX_POINT('',#11634);
#5069=VERTEX_POINT('',#11639);
#5070=VERTEX_POINT('',#11646);
#5071=VERTEX_POINT('',#11651);
#5072=VERTEX_POINT('',#11658);
#5073=VERTEX_POINT('',#11660);
#5074=VERTEX_POINT('',#11670);
#5075=VERTEX_POINT('',#11672);
#5076=VERTEX_POINT('',#11679);
#5077=VERTEX_POINT('',#11691);
#5078=VERTEX_POINT('',#11703);
#5079=VERTEX_POINT('',#11715);
#5080=VERTEX_POINT('',#11734);
#5081=VERTEX_POINT('',#11735);
#5082=VERTEX_POINT('',#11737);
#5083=VERTEX_POINT('',#11739);
#5084=VERTEX_POINT('',#11741);
#5085=VERTEX_POINT('',#11743);
#5086=VERTEX_POINT('',#11745);
#5087=VERTEX_POINT('',#11747);
#5088=VERTEX_POINT('',#11749);
#5089=VERTEX_POINT('',#11751);
#5090=VERTEX_POINT('',#11753);
#5091=VERTEX_POINT('',#11755);
#5092=VERTEX_POINT('',#11757);
#5093=VERTEX_POINT('',#11759);
#5094=VERTEX_POINT('',#11761);
#5095=VERTEX_POINT('',#11763);
#5096=VERTEX_POINT('',#11766);
#5097=VERTEX_POINT('',#11767);
#5098=VERTEX_POINT('',#11769);
#5099=VERTEX_POINT('',#11771);
#5100=VERTEX_POINT('',#11773);
#5101=VERTEX_POINT('',#11775);
#5102=VERTEX_POINT('',#11777);
#5103=VERTEX_POINT('',#11779);
#5104=VERTEX_POINT('',#11781);
#5105=VERTEX_POINT('',#11783);
#5106=VERTEX_POINT('',#11785);
#5107=VERTEX_POINT('',#11787);
#5108=VERTEX_POINT('',#11789);
#5109=VERTEX_POINT('',#11791);
#5110=VERTEX_POINT('',#11793);
#5111=VERTEX_POINT('',#11795);
#5112=VERTEX_POINT('',#11799);
#5113=VERTEX_POINT('',#11801);
#5114=VERTEX_POINT('',#11803);
#5115=VERTEX_POINT('',#11805);
#5116=VERTEX_POINT('',#11808);
#5117=VERTEX_POINT('',#11809);
#5118=VERTEX_POINT('',#11811);
#5119=VERTEX_POINT('',#11813);
#5120=VERTEX_POINT('',#11815);
#5121=VERTEX_POINT('',#11817);
#5122=VERTEX_POINT('',#11819);
#5123=VERTEX_POINT('',#11821);
#5124=VERTEX_POINT('',#11825);
#5125=VERTEX_POINT('',#11828);
#5126=VERTEX_POINT('',#11830);
#5127=VERTEX_POINT('',#11834);
#5128=VERTEX_POINT('',#11836);
#5129=VERTEX_POINT('',#11839);
#5130=VERTEX_POINT('',#11843);
#5131=VERTEX_POINT('',#11845);
#5132=VERTEX_POINT('',#11847);
#5133=VERTEX_POINT('',#11851);
#5134=VERTEX_POINT('',#11852);
#5135=VERTEX_POINT('',#11854);
#5136=VERTEX_POINT('',#11859);
#5137=VERTEX_POINT('',#11863);
#5138=VERTEX_POINT('',#11867);
#5139=VERTEX_POINT('',#11871);
#5140=VERTEX_POINT('',#11875);
#5141=VERTEX_POINT('',#11879);
#5142=VERTEX_POINT('',#11883);
#5143=VERTEX_POINT('',#11885);
#5144=VERTEX_POINT('',#11889);
#5145=VERTEX_POINT('',#11891);
#5146=VERTEX_POINT('',#11895);
#5147=VERTEX_POINT('',#11897);
#5148=VERTEX_POINT('',#11900);
#5149=VERTEX_POINT('',#11902);
#5150=VERTEX_POINT('',#11905);
#5151=VERTEX_POINT('',#11907);
#5152=VERTEX_POINT('',#11911);
#5153=VERTEX_POINT('',#11915);
#5154=VERTEX_POINT('',#11919);
#5155=VERTEX_POINT('',#11923);
#5156=VERTEX_POINT('',#11927);
#5157=VERTEX_POINT('',#11931);
#5158=VERTEX_POINT('',#11935);
#5159=VERTEX_POINT('',#11939);
#5160=VERTEX_POINT('',#11943);
#5161=VERTEX_POINT('',#11947);
#5162=VERTEX_POINT('',#11951);
#5163=VERTEX_POINT('',#11955);
#5164=VERTEX_POINT('',#11959);
#5165=VERTEX_POINT('',#11963);
#5166=VERTEX_POINT('',#11969);
#5167=VERTEX_POINT('',#11974);
#5168=VERTEX_POINT('',#11976);
#5169=VERTEX_POINT('',#11981);
#5170=VERTEX_POINT('',#11985);
#5171=VERTEX_POINT('',#11990);
#5172=VERTEX_POINT('',#11992);
#5173=VERTEX_POINT('',#11997);
#5174=VERTEX_POINT('',#12001);
#5175=VERTEX_POINT('',#12003);
#5176=VERTEX_POINT('',#12007);
#5177=VERTEX_POINT('',#12009);
#5178=VERTEX_POINT('',#12013);
#5179=VERTEX_POINT('',#12017);
#5180=VERTEX_POINT('',#12021);
#5181=VERTEX_POINT('',#12025);
#5182=VERTEX_POINT('',#12029);
#5183=VERTEX_POINT('',#12033);
#5184=VERTEX_POINT('',#12039);
#5185=VERTEX_POINT('',#12041);
#5186=VERTEX_POINT('',#12044);
#5187=VERTEX_POINT('',#12047);
#5188=VERTEX_POINT('',#12049);
#5189=VERTEX_POINT('',#12052);
#5190=VERTEX_POINT('',#12055);
#5191=VERTEX_POINT('',#12059);
#5192=VERTEX_POINT('',#12062);
#5193=VERTEX_POINT('',#12065);
#5194=VERTEX_POINT('',#12067);
#5195=VERTEX_POINT('',#12070);
#5196=VERTEX_POINT('',#12079);
#5197=VERTEX_POINT('',#12081);
#5198=VERTEX_POINT('',#12085);
#5199=VERTEX_POINT('',#12088);
#5200=VERTEX_POINT('',#12091);
#5201=VERTEX_POINT('',#12092);
#5202=VERTEX_POINT('',#12094);
#5203=VERTEX_POINT('',#12096);
#5204=VERTEX_POINT('',#12098);
#5205=VERTEX_POINT('',#12100);
#5206=VERTEX_POINT('',#12102);
#5207=VERTEX_POINT('',#12104);
#5208=VERTEX_POINT('',#12106);
#5209=VERTEX_POINT('',#12108);
#5210=VERTEX_POINT('',#12110);
#5211=VERTEX_POINT('',#12112);
#5212=VERTEX_POINT('',#12114);
#5213=VERTEX_POINT('',#12116);
#5214=VERTEX_POINT('',#12118);
#5215=VERTEX_POINT('',#12120);
#5216=VERTEX_POINT('',#12123);
#5217=VERTEX_POINT('',#12124);
#5218=VERTEX_POINT('',#12126);
#5219=VERTEX_POINT('',#12128);
#5220=VERTEX_POINT('',#12130);
#5221=VERTEX_POINT('',#12132);
#5222=VERTEX_POINT('',#12134);
#5223=VERTEX_POINT('',#12136);
#5224=VERTEX_POINT('',#12139);
#5225=VERTEX_POINT('',#12140);
#5226=VERTEX_POINT('',#12142);
#5227=VERTEX_POINT('',#12144);
#5228=VERTEX_POINT('',#12146);
#5229=VERTEX_POINT('',#12148);
#5230=VERTEX_POINT('',#12150);
#5231=VERTEX_POINT('',#12152);
#5232=VERTEX_POINT('',#12154);
#5233=VERTEX_POINT('',#12156);
#5234=VERTEX_POINT('',#12158);
#5235=VERTEX_POINT('',#12160);
#5236=VERTEX_POINT('',#12162);
#5237=VERTEX_POINT('',#12164);
#5238=VERTEX_POINT('',#12166);
#5239=VERTEX_POINT('',#12168);
#5240=VERTEX_POINT('',#12170);
#5241=VERTEX_POINT('',#12172);
#5242=VERTEX_POINT('',#12174);
#5243=VERTEX_POINT('',#12176);
#5244=VERTEX_POINT('',#12178);
#5245=VERTEX_POINT('',#12180);
#5246=VERTEX_POINT('',#12182);
#5247=VERTEX_POINT('',#12184);
#5248=VERTEX_POINT('',#12186);
#5249=VERTEX_POINT('',#12188);
#5250=VERTEX_POINT('',#12190);
#5251=VERTEX_POINT('',#12192);
#5252=VERTEX_POINT('',#12194);
#5253=VERTEX_POINT('',#12196);
#5254=VERTEX_POINT('',#12199);
#5255=VERTEX_POINT('',#12200);
#5256=VERTEX_POINT('',#12202);
#5257=VERTEX_POINT('',#12204);
#5258=VERTEX_POINT('',#12206);
#5259=VERTEX_POINT('',#12208);
#5260=VERTEX_POINT('',#12210);
#5261=VERTEX_POINT('',#12212);
#5262=VERTEX_POINT('',#12214);
#5263=VERTEX_POINT('',#12216);
#5264=VERTEX_POINT('',#12218);
#5265=VERTEX_POINT('',#12221);
#5266=VERTEX_POINT('',#12222);
#5267=VERTEX_POINT('',#12224);
#5268=VERTEX_POINT('',#12229);
#5269=VERTEX_POINT('',#12231);
#5270=VERTEX_POINT('',#12233);
#5271=VERTEX_POINT('',#12235);
#5272=VERTEX_POINT('',#12237);
#5273=VERTEX_POINT('',#12239);
#5274=VERTEX_POINT('',#12241);
#5275=VERTEX_POINT('',#12243);
#5276=VERTEX_POINT('',#12245);
#5277=VERTEX_POINT('',#12247);
#5278=VERTEX_POINT('',#12249);
#5279=VERTEX_POINT('',#12251);
#5280=VERTEX_POINT('',#12253);
#5281=VERTEX_POINT('',#12255);
#5282=VERTEX_POINT('',#12257);
#5283=VERTEX_POINT('',#12259);
#5284=VERTEX_POINT('',#12262);
#5285=VERTEX_POINT('',#12263);
#5286=VERTEX_POINT('',#12265);
#5287=VERTEX_POINT('',#12267);
#5288=VERTEX_POINT('',#12269);
#5289=VERTEX_POINT('',#12271);
#5290=VERTEX_POINT('',#12273);
#5291=VERTEX_POINT('',#12275);
#5292=VERTEX_POINT('',#12277);
#5293=VERTEX_POINT('',#12279);
#5294=VERTEX_POINT('',#12281);
#5295=VERTEX_POINT('',#12283);
#5296=VERTEX_POINT('',#12285);
#5297=VERTEX_POINT('',#12287);
#5298=VERTEX_POINT('',#12289);
#5299=VERTEX_POINT('',#12292);
#5300=VERTEX_POINT('',#12293);
#5301=VERTEX_POINT('',#12295);
#5302=VERTEX_POINT('',#12297);
#5303=VERTEX_POINT('',#12299);
#5304=VERTEX_POINT('',#12301);
#5305=VERTEX_POINT('',#12303);
#5306=VERTEX_POINT('',#12305);
#5307=VERTEX_POINT('',#12307);
#5308=VERTEX_POINT('',#12309);
#5309=VERTEX_POINT('',#12311);
#5310=VERTEX_POINT('',#12313);
#5311=VERTEX_POINT('',#12316);
#5312=VERTEX_POINT('',#12317);
#5313=VERTEX_POINT('',#12319);
#5314=VERTEX_POINT('',#12321);
#5315=VERTEX_POINT('',#12325);
#5316=VERTEX_POINT('',#12327);
#5317=VERTEX_POINT('',#12331);
#5318=VERTEX_POINT('',#12335);
#5319=VERTEX_POINT('',#12339);
#5320=VERTEX_POINT('',#12341);
#5321=VERTEX_POINT('',#12345);
#5322=VERTEX_POINT('',#12349);
#5323=VERTEX_POINT('',#12362);
#5324=VERTEX_POINT('',#12364);
#5325=VERTEX_POINT('',#12368);
#5326=VERTEX_POINT('',#12372);
#5327=VERTEX_POINT('',#12376);
#5328=VERTEX_POINT('',#12383);
#5329=VERTEX_POINT('',#12387);
#5330=VERTEX_POINT('',#12394);
#5331=VERTEX_POINT('',#12398);
#5332=VERTEX_POINT('',#12402);
#5333=VERTEX_POINT('',#12406);
#5334=VERTEX_POINT('',#12410);
#5335=VERTEX_POINT('',#12414);
#5336=VERTEX_POINT('',#12421);
#5337=VERTEX_POINT('',#12425);
#5338=VERTEX_POINT('',#12432);
#5339=VERTEX_POINT('',#12438);
#5340=VERTEX_POINT('',#12440);
#5341=VERTEX_POINT('',#12444);
#5342=VERTEX_POINT('',#12448);
#5343=VERTEX_POINT('',#12452);
#5344=VERTEX_POINT('',#12456);
#5345=VERTEX_POINT('',#12460);
#5346=VERTEX_POINT('',#12464);
#5347=VERTEX_POINT('',#12470);
#5348=VERTEX_POINT('',#12472);
#5349=VERTEX_POINT('',#12476);
#5350=VERTEX_POINT('',#12483);
#5351=VERTEX_POINT('',#12490);
#5352=VERTEX_POINT('',#12497);
#5353=VERTEX_POINT('',#12504);
#5354=VERTEX_POINT('',#12511);
#5355=VERTEX_POINT('',#12518);
#5356=VERTEX_POINT('',#12522);
#5357=VERTEX_POINT('',#12526);
#5358=VERTEX_POINT('',#12533);
#5359=VERTEX_POINT('',#12540);
#5360=VERTEX_POINT('',#12547);
#5361=VERTEX_POINT('',#12554);
#5362=VERTEX_POINT('',#12561);
#5363=VERTEX_POINT('',#12568);
#5364=VERTEX_POINT('',#12572);
#5365=VERTEX_POINT('',#12576);
#5366=VERTEX_POINT('',#12583);
#5367=VERTEX_POINT('',#12590);
#5368=VERTEX_POINT('',#12597);
#5369=VERTEX_POINT('',#12604);
#5370=VERTEX_POINT('',#12611);
#5371=VERTEX_POINT('',#12618);
#5372=VERTEX_POINT('',#12625);
#5373=VERTEX_POINT('',#12632);
#5374=VERTEX_POINT('',#12639);
#5375=VERTEX_POINT('',#12646);
#5376=VERTEX_POINT('',#12650);
#5377=VERTEX_POINT('',#12659);
#5378=VERTEX_POINT('',#12661);
#5379=VERTEX_POINT('',#12665);
#5380=VERTEX_POINT('',#12672);
#5381=VERTEX_POINT('',#12679);
#5382=VERTEX_POINT('',#12686);
#5383=VERTEX_POINT('',#12693);
#5384=VERTEX_POINT('',#12700);
#5385=VERTEX_POINT('',#12707);
#5386=VERTEX_POINT('',#12714);
#5387=VERTEX_POINT('',#12718);
#5388=VERTEX_POINT('',#12724);
#5389=VERTEX_POINT('',#12726);
#5390=VERTEX_POINT('',#12730);
#5391=VERTEX_POINT('',#12734);
#5392=VERTEX_POINT('',#12744);
#5393=VERTEX_POINT('',#12748);
#5394=VERTEX_POINT('',#12755);
#5395=VERTEX_POINT('',#12759);
#5396=VERTEX_POINT('',#12763);
#5397=VERTEX_POINT('',#12770);
#5398=VERTEX_POINT('',#12777);
#5399=VERTEX_POINT('',#12784);
#5400=VERTEX_POINT('',#12788);
#5401=VERTEX_POINT('',#12792);
#5402=VERTEX_POINT('',#12796);
#5403=VERTEX_POINT('',#12800);
#5404=VERTEX_POINT('',#12807);
#5405=VERTEX_POINT('',#12811);
#5406=VERTEX_POINT('',#12818);
#5407=VERTEX_POINT('',#12824);
#5408=VERTEX_POINT('',#12826);
#5409=VERTEX_POINT('',#12830);
#5410=VERTEX_POINT('',#12834);
#5411=VERTEX_POINT('',#12841);
#5412=VERTEX_POINT('',#12845);
#5413=VERTEX_POINT('',#12852);
#5414=VERTEX_POINT('',#12856);
#5415=VERTEX_POINT('',#12860);
#5416=VERTEX_POINT('',#12864);
#5417=VERTEX_POINT('',#12868);
#5418=VERTEX_POINT('',#12872);
#5419=VERTEX_POINT('',#12876);
#5420=VERTEX_POINT('',#12880);
#5421=VERTEX_POINT('',#12884);
#5422=VERTEX_POINT('',#12893);
#5423=VERTEX_POINT('',#12895);
#5424=VERTEX_POINT('',#12899);
#5425=VERTEX_POINT('',#12906);
#5426=VERTEX_POINT('',#12913);
#5427=VERTEX_POINT('',#12920);
#5428=VERTEX_POINT('',#12927);
#5429=VERTEX_POINT('',#12934);
#5430=VERTEX_POINT('',#12941);
#5431=VERTEX_POINT('',#12945);
#5432=VERTEX_POINT('',#12949);
#5433=VERTEX_POINT('',#12956);
#5434=VERTEX_POINT('',#12965);
#5435=VERTEX_POINT('',#12967);
#5436=VERTEX_POINT('',#12971);
#5437=VERTEX_POINT('',#12975);
#5438=VERTEX_POINT('',#12981);
#5439=VERTEX_POINT('',#12982);
#5440=VERTEX_POINT('',#12984);
#5441=VERTEX_POINT('',#12986);
#5442=VERTEX_POINT('',#12988);
#5443=VERTEX_POINT('',#12990);
#5444=VERTEX_POINT('',#12992);
#5445=VERTEX_POINT('',#12994);
#5446=VERTEX_POINT('',#12996);
#5447=VERTEX_POINT('',#12998);
#5448=VERTEX_POINT('',#13000);
#5449=VERTEX_POINT('',#13002);
#5450=VERTEX_POINT('',#13005);
#5451=VERTEX_POINT('',#13006);
#5452=VERTEX_POINT('',#13008);
#5453=VERTEX_POINT('',#13010);
#5454=VERTEX_POINT('',#13012);
#5455=VERTEX_POINT('',#13014);
#5456=VERTEX_POINT('',#13016);
#5457=VERTEX_POINT('',#13018);
#5458=VERTEX_POINT('',#13020);
#5459=VERTEX_POINT('',#13022);
#5460=VERTEX_POINT('',#13024);
#5461=VERTEX_POINT('',#13026);
#5462=VERTEX_POINT('',#13028);
#5463=VERTEX_POINT('',#13030);
#5464=VERTEX_POINT('',#13032);
#5465=VERTEX_POINT('',#13034);
#5466=VERTEX_POINT('',#13036);
#5467=VERTEX_POINT('',#13038);
#5468=VERTEX_POINT('',#13040);
#5469=VERTEX_POINT('',#13042);
#5470=VERTEX_POINT('',#13044);
#5471=VERTEX_POINT('',#13046);
#5472=VERTEX_POINT('',#13048);
#5473=VERTEX_POINT('',#13050);
#5474=VERTEX_POINT('',#13052);
#5475=VERTEX_POINT('',#13054);
#5476=VERTEX_POINT('',#13056);
#5477=VERTEX_POINT('',#13058);
#5478=VERTEX_POINT('',#13060);
#5479=VERTEX_POINT('',#13062);
#5480=VERTEX_POINT('',#13064);
#5481=VERTEX_POINT('',#13066);
#5482=VERTEX_POINT('',#13068);
#5483=VERTEX_POINT('',#13071);
#5484=VERTEX_POINT('',#13072);
#5485=VERTEX_POINT('',#13074);
#5486=VERTEX_POINT('',#13076);
#5487=VERTEX_POINT('',#13078);
#5488=VERTEX_POINT('',#13080);
#5489=VERTEX_POINT('',#13082);
#5490=VERTEX_POINT('',#13084);
#5491=VERTEX_POINT('',#13086);
#5492=VERTEX_POINT('',#13088);
#5493=VERTEX_POINT('',#13090);
#5494=VERTEX_POINT('',#13092);
#5495=VERTEX_POINT('',#13094);
#5496=VERTEX_POINT('',#13096);
#5497=VERTEX_POINT('',#13098);
#5498=VERTEX_POINT('',#13100);
#5499=VERTEX_POINT('',#13102);
#5500=VERTEX_POINT('',#13104);
#5501=VERTEX_POINT('',#13106);
#5502=VERTEX_POINT('',#13108);
#5503=VERTEX_POINT('',#13110);
#5504=VERTEX_POINT('',#13112);
#5505=VERTEX_POINT('',#13114);
#5506=VERTEX_POINT('',#13116);
#5507=VERTEX_POINT('',#13118);
#5508=VERTEX_POINT('',#13120);
#5509=VERTEX_POINT('',#13122);
#5510=VERTEX_POINT('',#13124);
#5511=VERTEX_POINT('',#13126);
#5512=VERTEX_POINT('',#13128);
#5513=VERTEX_POINT('',#13130);
#5514=VERTEX_POINT('',#13132);
#5515=VERTEX_POINT('',#13134);
#5516=VERTEX_POINT('',#13137);
#5517=VERTEX_POINT('',#13138);
#5518=VERTEX_POINT('',#13140);
#5519=VERTEX_POINT('',#13142);
#5520=VERTEX_POINT('',#13144);
#5521=VERTEX_POINT('',#13146);
#5522=VERTEX_POINT('',#13148);
#5523=VERTEX_POINT('',#13150);
#5524=VERTEX_POINT('',#13152);
#5525=VERTEX_POINT('',#13154);
#5526=VERTEX_POINT('',#13156);
#5527=VERTEX_POINT('',#13158);
#5528=VERTEX_POINT('',#13160);
#5529=VERTEX_POINT('',#13162);
#5530=VERTEX_POINT('',#13164);
#5531=VERTEX_POINT('',#13166);
#5532=VERTEX_POINT('',#13168);
#5533=VERTEX_POINT('',#13170);
#5534=VERTEX_POINT('',#13172);
#5535=VERTEX_POINT('',#13174);
#5536=VERTEX_POINT('',#13176);
#5537=VERTEX_POINT('',#13178);
#5538=VERTEX_POINT('',#13180);
#5539=VERTEX_POINT('',#13182);
#5540=VERTEX_POINT('',#13184);
#5541=VERTEX_POINT('',#13186);
#5542=VERTEX_POINT('',#13188);
#5543=VERTEX_POINT('',#13191);
#5544=VERTEX_POINT('',#13192);
#5545=VERTEX_POINT('',#13194);
#5546=VERTEX_POINT('',#13196);
#5547=VERTEX_POINT('',#13198);
#5548=VERTEX_POINT('',#13200);
#5549=VERTEX_POINT('',#13202);
#5550=VERTEX_POINT('',#13204);
#5551=VERTEX_POINT('',#13206);
#5552=VERTEX_POINT('',#13208);
#5553=VERTEX_POINT('',#13210);
#5554=VERTEX_POINT('',#13212);
#5555=VERTEX_POINT('',#13214);
#5556=VERTEX_POINT('',#13216);
#5557=VERTEX_POINT('',#13218);
#5558=VERTEX_POINT('',#13220);
#5559=VERTEX_POINT('',#13222);
#5560=VERTEX_POINT('',#13224);
#5561=VERTEX_POINT('',#13226);
#5562=VERTEX_POINT('',#13228);
#5563=VERTEX_POINT('',#13230);
#5564=VERTEX_POINT('',#13232);
#5565=VERTEX_POINT('',#13234);
#5566=VERTEX_POINT('',#13236);
#5567=VERTEX_POINT('',#13238);
#5568=VERTEX_POINT('',#13240);
#5569=VERTEX_POINT('',#13242);
#5570=VERTEX_POINT('',#13244);
#5571=VERTEX_POINT('',#13247);
#5572=VERTEX_POINT('',#13248);
#5573=VERTEX_POINT('',#13250);
#5574=VERTEX_POINT('',#13252);
#5575=VERTEX_POINT('',#13254);
#5576=VERTEX_POINT('',#13256);
#5577=VERTEX_POINT('',#13258);
#5578=VERTEX_POINT('',#13260);
#5579=VERTEX_POINT('',#13267);
#5580=VERTEX_POINT('',#13268);
#5581=VERTEX_POINT('',#13270);
#5582=VERTEX_POINT('',#13272);
#5583=VERTEX_POINT('',#13274);
#5584=VERTEX_POINT('',#13276);
#5585=VERTEX_POINT('',#13278);
#5586=VERTEX_POINT('',#13280);
#5587=VERTEX_POINT('',#13286);
#5588=VERTEX_POINT('',#13287);
#5589=VERTEX_POINT('',#13289);
#5590=VERTEX_POINT('',#13291);
#5591=VERTEX_POINT('',#13293);
#5592=VERTEX_POINT('',#13295);
#5593=VERTEX_POINT('',#13297);
#5594=VERTEX_POINT('',#13299);
#5595=VERTEX_POINT('',#13304);
#5596=VERTEX_POINT('',#13306);
#5597=VERTEX_POINT('',#13316);
#5598=VERTEX_POINT('',#13323);
#5599=VERTEX_POINT('',#13327);
#5600=VERTEX_POINT('',#13334);
#5601=VERTEX_POINT('',#13341);
#5602=VERTEX_POINT('',#13345);
#5603=VERTEX_POINT('',#13352);
#5604=VERTEX_POINT('',#13359);
#5605=VERTEX_POINT('',#13363);
#5606=VERTEX_POINT('',#13370);
#5607=VERTEX_POINT('',#13376);
#5608=VERTEX_POINT('',#13378);
#5609=VERTEX_POINT('',#13385);
#5610=VERTEX_POINT('',#13392);
#5611=VERTEX_POINT('',#13399);
#5612=VERTEX_POINT('',#13406);
#5613=VERTEX_POINT('',#13413);
#5614=VERTEX_POINT('',#13420);
#5615=VERTEX_POINT('',#13427);
#5616=VERTEX_POINT('',#13434);
#5617=VERTEX_POINT('',#13441);
#5618=VERTEX_POINT('',#13448);
#5619=VERTEX_POINT('',#13455);
#5620=VERTEX_POINT('',#13462);
#5621=VERTEX_POINT('',#13469);
#5622=VERTEX_POINT('',#13476);
#5623=VERTEX_POINT('',#13480);
#5624=VERTEX_POINT('',#13484);
#5625=VERTEX_POINT('',#13488);
#5626=VERTEX_POINT('',#13495);
#5627=VERTEX_POINT('',#13502);
#5628=VERTEX_POINT('',#13509);
#5629=VERTEX_POINT('',#13516);
#5630=VERTEX_POINT('',#13523);
#5631=VERTEX_POINT('',#13530);
#5632=VERTEX_POINT('',#13537);
#5633=VERTEX_POINT('',#13544);
#5634=VERTEX_POINT('',#13551);
#5635=VERTEX_POINT('',#13558);
#5636=VERTEX_POINT('',#13565);
#5637=VERTEX_POINT('',#13572);
#5638=VERTEX_POINT('',#13576);
#5639=VERTEX_POINT('',#13583);
#5640=VERTEX_POINT('',#13589);
#5641=VERTEX_POINT('',#13591);
#5642=VERTEX_POINT('',#13598);
#5643=VERTEX_POINT('',#13605);
#5644=VERTEX_POINT('',#13612);
#5645=VERTEX_POINT('',#13619);
#5646=VERTEX_POINT('',#13626);
#5647=VERTEX_POINT('',#13633);
#5648=VERTEX_POINT('',#13640);
#5649=VERTEX_POINT('',#13647);
#5650=VERTEX_POINT('',#13654);
#5651=VERTEX_POINT('',#13661);
#5652=VERTEX_POINT('',#13668);
#5653=VERTEX_POINT('',#13675);
#5654=VERTEX_POINT('',#13682);
#5655=VERTEX_POINT('',#13689);
#5656=VERTEX_POINT('',#13693);
#5657=VERTEX_POINT('',#13697);
#5658=VERTEX_POINT('',#13701);
#5659=VERTEX_POINT('',#13708);
#5660=VERTEX_POINT('',#13715);
#5661=VERTEX_POINT('',#13722);
#5662=VERTEX_POINT('',#13729);
#5663=VERTEX_POINT('',#13736);
#5664=VERTEX_POINT('',#13743);
#5665=VERTEX_POINT('',#13750);
#5666=VERTEX_POINT('',#13757);
#5667=VERTEX_POINT('',#13764);
#5668=VERTEX_POINT('',#13771);
#5669=VERTEX_POINT('',#13778);
#5670=VERTEX_POINT('',#13785);
#5671=VERTEX_POINT('',#13789);
#5672=VERTEX_POINT('',#13796);
#5673=VERTEX_POINT('',#13802);
#5674=VERTEX_POINT('',#13804);
#5675=VERTEX_POINT('',#13811);
#5676=VERTEX_POINT('',#13815);
#5677=VERTEX_POINT('',#13822);
#5678=VERTEX_POINT('',#13829);
#5679=VERTEX_POINT('',#13836);
#5680=VERTEX_POINT('',#13843);
#5681=VERTEX_POINT('',#13850);
#5682=VERTEX_POINT('',#13857);
#5683=VERTEX_POINT('',#13864);
#5684=VERTEX_POINT('',#13871);
#5685=VERTEX_POINT('',#13875);
#5686=VERTEX_POINT('',#13879);
#5687=VERTEX_POINT('',#13883);
#5688=VERTEX_POINT('',#13887);
#5689=VERTEX_POINT('',#13891);
#5690=VERTEX_POINT('',#13895);
#5691=VERTEX_POINT('',#13902);
#5692=VERTEX_POINT('',#13906);
#5693=VERTEX_POINT('',#13913);
#5694=VERTEX_POINT('',#13920);
#5695=VERTEX_POINT('',#13924);
#5696=VERTEX_POINT('',#13931);
#5697=VERTEX_POINT('',#13938);
#5698=VERTEX_POINT('',#13945);
#5699=VERTEX_POINT('',#13952);
#5700=VERTEX_POINT('',#13958);
#5701=VERTEX_POINT('',#13960);
#5702=VERTEX_POINT('',#13964);
#5703=VERTEX_POINT('',#13971);
#5704=VERTEX_POINT('',#13978);
#5705=VERTEX_POINT('',#13985);
#5706=VERTEX_POINT('',#13992);
#5707=VERTEX_POINT('',#13996);
#5708=VERTEX_POINT('',#14003);
#5709=VERTEX_POINT('',#14007);
#5710=VERTEX_POINT('',#14011);
#5711=VERTEX_POINT('',#14018);
#5712=VERTEX_POINT('',#14025);
#5713=VERTEX_POINT('',#14032);
#5714=VERTEX_POINT('',#14039);
#5715=VERTEX_POINT('',#14046);
#5716=VERTEX_POINT('',#14053);
#5717=VERTEX_POINT('',#14057);
#5718=VERTEX_POINT('',#14061);
#5719=VERTEX_POINT('',#14068);
#5720=VERTEX_POINT('',#14075);
#5721=VERTEX_POINT('',#14082);
#5722=VERTEX_POINT('',#14086);
#5723=VERTEX_POINT('',#14093);
#5724=VERTEX_POINT('',#14100);
#5725=VERTEX_POINT('',#14107);
#5726=VERTEX_POINT('',#14111);
#5727=VERTEX_POINT('',#14115);
#5728=VERTEX_POINT('',#14121);
#5729=VERTEX_POINT('',#14123);
#5730=VERTEX_POINT('',#14127);
#5731=VERTEX_POINT('',#14131);
#5732=VERTEX_POINT('',#14135);
#5733=VERTEX_POINT('',#14139);
#5734=VERTEX_POINT('',#14143);
#5735=VERTEX_POINT('',#14147);
#5736=VERTEX_POINT('',#14153);
#5737=VERTEX_POINT('',#14154);
#5738=VERTEX_POINT('',#14162);
#5739=VERTEX_POINT('',#14166);
#5740=VERTEX_POINT('',#14173);
#5741=VERTEX_POINT('',#14180);
#5742=VERTEX_POINT('',#14187);
#5743=VERTEX_POINT('',#14194);
#5744=VERTEX_POINT('',#14203);
#5745=VERTEX_POINT('',#14204);
#5746=VERTEX_POINT('',#14212);
#5747=VERTEX_POINT('',#14219);
#5748=VERTEX_POINT('',#14226);
#5749=VERTEX_POINT('',#14233);
#5750=VERTEX_POINT('',#14237);
#5751=VERTEX_POINT('',#14244);
#5752=VERTEX_POINT('',#14250);
#5753=VERTEX_POINT('',#14251);
#5754=VERTEX_POINT('',#14253);
#5755=VERTEX_POINT('',#14255);
#5756=VERTEX_POINT('',#14257);
#5757=VERTEX_POINT('',#14259);
#5758=VERTEX_POINT('',#14261);
#5759=VERTEX_POINT('',#14263);
#5760=VERTEX_POINT('',#14265);
#5761=VERTEX_POINT('',#14267);
#5762=VERTEX_POINT('',#14269);
#5763=VERTEX_POINT('',#14271);
#5764=VERTEX_POINT('',#14277);
#5765=VERTEX_POINT('',#14278);
#5766=VERTEX_POINT('',#14280);
#5767=VERTEX_POINT('',#14282);
#5768=VERTEX_POINT('',#14284);
#5769=VERTEX_POINT('',#14286);
#5770=VERTEX_POINT('',#14288);
#5771=VERTEX_POINT('',#14290);
#5772=VERTEX_POINT('',#14292);
#5773=VERTEX_POINT('',#14294);
#5774=VERTEX_POINT('',#14299);
#5775=VERTEX_POINT('',#14300);
#5776=VERTEX_POINT('',#14302);
#5777=VERTEX_POINT('',#14304);
#5778=VERTEX_POINT('',#14306);
#5779=VERTEX_POINT('',#14312);
#5780=VERTEX_POINT('',#14313);
#5781=VERTEX_POINT('',#14324);
#5782=VERTEX_POINT('',#14331);
#5783=VERTEX_POINT('',#14338);
#5784=VERTEX_POINT('',#14345);
#5785=VERTEX_POINT('',#14352);
#5786=VERTEX_POINT('',#14359);
#5787=VERTEX_POINT('',#14363);
#5788=VERTEX_POINT('',#14370);
#5789=VERTEX_POINT('',#14377);
#5790=VERTEX_POINT('',#14384);
#5791=VERTEX_POINT('',#14393);
#5792=VERTEX_POINT('',#14394);
#5793=VERTEX_POINT('',#14402);
#5794=VERTEX_POINT('',#14409);
#5795=VERTEX_POINT('',#14416);
#5796=VERTEX_POINT('',#14423);
#5797=VERTEX_POINT('',#14430);
#5798=VERTEX_POINT('',#14437);
#5799=VERTEX_POINT('',#14444);
#5800=VERTEX_POINT('',#14451);
#5801=VERTEX_POINT('',#14460);
#5802=VERTEX_POINT('',#14461);
#5803=VERTEX_POINT('',#14466);
#5804=VERTEX_POINT('',#14473);
#5805=VERTEX_POINT('',#14477);
#5806=VERTEX_POINT('',#14486);
#5807=VERTEX_POINT('',#14487);
#5808=VERTEX_POINT('',#14489);
#5809=VERTEX_POINT('',#14491);
#5810=VERTEX_POINT('',#14493);
#5811=VERTEX_POINT('',#14495);
#5812=VERTEX_POINT('',#14497);
#5813=VERTEX_POINT('',#14499);
#5814=VERTEX_POINT('',#14501);
#5815=VERTEX_POINT('',#14503);
#5816=VERTEX_POINT('',#14505);
#5817=VERTEX_POINT('',#14507);
#5818=VERTEX_POINT('',#14509);
#5819=VERTEX_POINT('',#14511);
#5820=VERTEX_POINT('',#14513);
#5821=VERTEX_POINT('',#14515);
#5822=VERTEX_POINT('',#14517);
#5823=VERTEX_POINT('',#14523);
#5824=VERTEX_POINT('',#14525);
#5825=VERTEX_POINT('',#14529);
#5826=VERTEX_POINT('',#14533);
#5827=VERTEX_POINT('',#14540);
#5828=VERTEX_POINT('',#14547);
#5829=VERTEX_POINT('',#14554);
#5830=VERTEX_POINT('',#14558);
#5831=VERTEX_POINT('',#14562);
#5832=VERTEX_POINT('',#14569);
#5833=VERTEX_POINT('',#14576);
#5834=VERTEX_POINT('',#14583);
#5835=VERTEX_POINT('',#14590);
#5836=VERTEX_POINT('',#14597);
#5837=VERTEX_POINT('',#14604);
#5838=VERTEX_POINT('',#14611);
#5839=VERTEX_POINT('',#14618);
#5840=VERTEX_POINT('',#14624);
#5841=VERTEX_POINT('',#14625);
#5842=VERTEX_POINT('',#14627);
#5843=VERTEX_POINT('',#14629);
#5844=VERTEX_POINT('',#14631);
#5845=VERTEX_POINT('',#14633);
#5846=VERTEX_POINT('',#14635);
#5847=VERTEX_POINT('',#14637);
#5848=VERTEX_POINT('',#14641);
#5849=VERTEX_POINT('',#14642);
#5850=VERTEX_POINT('',#14650);
#5851=VERTEX_POINT('',#14654);
#5852=VERTEX_POINT('',#14661);
#5853=VERTEX_POINT('',#14668);
#5854=VERTEX_POINT('',#14675);
#5855=VERTEX_POINT('',#14682);
#5856=CIRCLE('',#8130,0.00045);
#5857=CIRCLE('',#8131,0.00045);
#5858=CIRCLE('',#8133,0.000350000000000045);
#5859=CIRCLE('',#8138,0.00075);
#5860=CIRCLE('',#8139,0.00075);
#5861=CIRCLE('',#8141,0.000650000000000044);
#5862=CIRCLE('',#8143,0.001);
#5863=CIRCLE('',#8146,0.001);
#5864=CIRCLE('',#8148,0.001);
#5865=CIRCLE('',#8150,0.001);
#5866=CIRCLE('',#8152,0.00125);
#5867=CIRCLE('',#8154,0.00125);
#5868=CIRCLE('',#8156,0.001027852);
#5869=CIRCLE('',#8158,0.001027852);
#5870=CIRCLE('',#8160,0.00125);
#5871=CIRCLE('',#8162,0.00125);
#5872=CIRCLE('',#8164,0.000982387);
#5873=CIRCLE('',#8166,0.000982387000000217);
#5874=CIRCLE('',#8167,0.000982387);
#5875=CIRCLE('',#8168,0.000982387000000344);
#5876=CIRCLE('',#8169,0.000982387);
#5877=CIRCLE('',#8170,0.000982387000000217);
#5878=CIRCLE('',#8171,0.000982387);
#5879=CIRCLE('',#8172,0.000982387000000268);
#5880=CIRCLE('',#8173,0.000982387);
#5881=CIRCLE('',#8176,0.00106866999999985);
#5882=CIRCLE('',#8178,0.00106866999999985);
#5883=CIRCLE('',#8180,0.00106866999999985);
#5884=CIRCLE('',#8182,0.00106866999999985);
#5885=CIRCLE('',#8199,0.0004);
#5886=CIRCLE('',#8200,0.0004);
#5887=CIRCLE('',#8201,0.0004);
#5888=CIRCLE('',#8202,0.0004);
#5889=CIRCLE('',#8203,0.000404798);
#5890=CIRCLE('',#8204,0.000404798);
#5891=CIRCLE('',#8205,0.000233537);
#5892=CIRCLE('',#8206,0.000241322);
#5893=CIRCLE('',#8207,0.000358091);
#5894=CIRCLE('',#8208,0.000358091);
#5895=CIRCLE('',#8209,0.000241322);
#5896=CIRCLE('',#8210,0.000233537);
#5897=CIRCLE('',#8212,0.0008);
#5898=CIRCLE('',#8213,0.0008);
#5899=CIRCLE('',#8214,0.0004);
#5900=CIRCLE('',#8215,0.00034258);
#5901=CIRCLE('',#8221,0.0004);
#5902=CIRCLE('',#8223,0.0004);
#5903=CIRCLE('',#8227,0.0004);
#5904=CIRCLE('',#8229,0.0004);
#5905=CIRCLE('',#8233,0.0008);
#5906=CIRCLE('',#8234,0.0008);
#5907=CIRCLE('',#8235,0.00125);
#5908=CIRCLE('',#8236,0.00125);
#5909=CIRCLE('',#8238,0.000404798);
#5910=CIRCLE('',#8241,0.000233537);
#5911=CIRCLE('',#8244,0.000241322);
#5912=CIRCLE('',#8247,0.000358091);
#5913=CIRCLE('',#8250,0.000358091);
#5914=CIRCLE('',#8253,0.000241322);
#5915=CIRCLE('',#8256,0.000233537);
#5916=CIRCLE('',#8259,0.000404798);
#5917=CIRCLE('',#8264,0.000722888411063);
#5918=CIRCLE('',#8265,0.000722888411063);
#5919=CIRCLE('',#8272,0.0004);
#5920=CIRCLE('',#8275,0.00034258);
#5921=CIRCLE('',#8277,0.000597233293671);
#5922=CIRCLE('',#8278,0.000597233293671);
#5923=CIRCLE('',#8279,0.00043785);
#5924=CIRCLE('',#8281,0.000597233293671);
#5925=CIRCLE('',#8282,0.000597233293671);
#5926=CIRCLE('',#8283,0.000482133);
#5927=CIRCLE('',#8285,0.000597233293671);
#5928=CIRCLE('',#8287,0.000597233293671);
#5929=CIRCLE('',#8288,0.00043785);
#5930=CIRCLE('',#8290,0.000597233293671);
#5931=CIRCLE('',#8291,0.000597233293671);
#5932=CIRCLE('',#8292,0.000482133);
#5933=CIRCLE('',#8297,0.000722888411063);
#5934=CIRCLE('',#8298,0.000722888411063);
#5935=CIRCLE('',#8300,0.00125);
#5936=CIRCLE('',#8302,0.00125);
#5937=CIRCLE('',#8304,0.00152951808552137);
#5938=CIRCLE('',#8305,0.00130767510868671);
#5939=CIRCLE('',#8306,0.00173030628542442);
#5940=CIRCLE('',#8307,0.00186488387817656);
#5941=CIRCLE('',#8308,0.000277737917758392);
#5942=CIRCLE('',#8309,0.00017694431763066);
#5943=CIRCLE('',#8310,0.000197388471275319);
#5944=CIRCLE('',#8311,0.000202308412752485);
#5945=CIRCLE('',#8312,0.000188198672392022);
#5946=CIRCLE('',#8313,0.000190234992270733);
#5947=CIRCLE('',#8314,0.000359170857997296);
#5948=CIRCLE('',#8315,0.000192415077327813);
#5949=CIRCLE('',#8316,0.000252874089328672);
#5950=CIRCLE('',#8317,0.000139022403234564);
#5951=CIRCLE('',#8318,0.000148043424008171);
#5952=CIRCLE('',#8319,0.00016239910018347);
#5953=CIRCLE('',#8320,0.000166966182648296);
#5954=CIRCLE('',#8321,0.000227614756303528);
#5955=CIRCLE('',#8322,0.000317910586501733);
#5956=CIRCLE('',#8323,0.000294424693265015);
#5957=CIRCLE('',#8324,0.000325934337390373);
#5958=CIRCLE('',#8325,0.000253788823945105);
#5959=CIRCLE('',#8326,0.000246238891241789);
#5960=CIRCLE('',#8327,0.000211142548871583);
#5961=CIRCLE('',#8328,0.000237767548515049);
#5962=CIRCLE('',#8329,0.000231423783853025);
#5963=CIRCLE('',#8330,0.00026014377153699);
#5964=CIRCLE('',#8331,0.000295402247004609);
#5965=CIRCLE('',#8332,0.000334441017095168);
#5966=CIRCLE('',#8333,0.000312557718197352);
#5967=CIRCLE('',#8334,0.000305092256881469);
#5968=CIRCLE('',#8335,0.000947115199964091);
#5969=CIRCLE('',#8336,0.000302466610722994);
#5970=CIRCLE('',#8337,0.000244461842156374);
#5971=CIRCLE('',#8338,0.000305324175370975);
#5972=CIRCLE('',#8339,0.000306083845520675);
#5973=CIRCLE('',#8340,0.000404258531189822);
#5974=CIRCLE('',#8341,0.0123913490795766);
#5975=CIRCLE('',#8342,0.00269291858372256);
#5976=CIRCLE('',#8343,0.00494400685596823);
#5977=CIRCLE('',#8344,0.00386889697551982);
#5978=CIRCLE('',#8345,0.0024668482369346);
#5979=CIRCLE('',#8346,0.00781769020877552);
#5980=CIRCLE('',#8347,0.00721040308899785);
#5981=CIRCLE('',#8348,0.000276803721318874);
#5982=CIRCLE('',#8349,0.000294818943022391);
#5983=CIRCLE('',#8350,0.0002698189840511);
#5984=CIRCLE('',#8351,0.000505194933775902);
#5985=CIRCLE('',#8352,0.0010196568999817);
#5986=CIRCLE('',#8353,0.000941329502987492);
#5987=CIRCLE('',#8354,0.000357317607896704);
#5988=CIRCLE('',#8355,0.000276736750961012);
#5989=CIRCLE('',#8356,0.000272995198856912);
#5990=CIRCLE('',#8357,0.000686788045718321);
#5991=CIRCLE('',#8358,0.000939607788823924);
#5992=CIRCLE('',#8359,0.00035745536097272);
#5993=CIRCLE('',#8361,0.000722888411063);
#5994=CIRCLE('',#8364,0.000722888411063);
#5995=CIRCLE('',#8366,0.000722888411063);
#5996=CIRCLE('',#8369,0.000722888411063);
#5997=CIRCLE('',#8382,0.00152951808552137);
#5998=CIRCLE('',#8384,0.00130767510868671);
#5999=CIRCLE('',#8392,0.00173030628542442);
#6000=CIRCLE('',#8394,0.00186488387817656);
#6001=CIRCLE('',#8407,0.000277737917758392);
#6002=CIRCLE('',#8409,0.00017694431763066);
#6003=CIRCLE('',#8411,0.000197388471275319);
#6004=CIRCLE('',#8413,0.000202308412752485);
#6005=CIRCLE('',#8415,0.000188198672392022);
#6006=CIRCLE('',#8417,0.000190234992270733);
#6007=CIRCLE('',#8419,0.000359170857997296);
#6008=CIRCLE('',#8422,0.000192415077327813);
#6009=CIRCLE('',#8424,0.000252874089328672);
#6010=CIRCLE('',#8426,0.000139022403234564);
#6011=CIRCLE('',#8428,0.000148043424008171);
#6012=CIRCLE('',#8430,0.00016239910018347);
#6013=CIRCLE('',#8432,0.000166966182648296);
#6014=CIRCLE('',#8434,0.000227614756303528);
#6015=CIRCLE('',#8437,0.000317910586501733);
#6016=CIRCLE('',#8439,0.000294424693265015);
#6017=CIRCLE('',#8441,0.000325934337390373);
#6018=CIRCLE('',#8443,0.000253788823945105);
#6019=CIRCLE('',#8445,0.000246238891241789);
#6020=CIRCLE('',#8447,0.000211142548871583);
#6021=CIRCLE('',#8449,0.000237767548515049);
#6022=CIRCLE('',#8451,0.000231423783853025);
#6023=CIRCLE('',#8453,0.00026014377153699);
#6024=CIRCLE('',#8455,0.000295402247004609);
#6025=CIRCLE('',#8457,0.000334441017095168);
#6026=CIRCLE('',#8459,0.000312557718197352);
#6027=CIRCLE('',#8461,0.000305092256881469);
#6028=CIRCLE('',#8465,0.000947115199964091);
#6029=CIRCLE('',#8467,0.000302466610722994);
#6030=CIRCLE('',#8469,0.000244461842156374);
#6031=CIRCLE('',#8471,0.000305324175370975);
#6032=CIRCLE('',#8473,0.000306083845520675);
#6033=CIRCLE('',#8475,0.000404258531189822);
#6034=CIRCLE('',#8484,0.0123913490795766);
#6035=CIRCLE('',#8489,0.00269291858372256);
#6036=CIRCLE('',#8491,0.00494400685596823);
#6037=CIRCLE('',#8498,0.00386889697551982);
#6038=CIRCLE('',#8500,0.0024668482369346);
#6039=CIRCLE('',#8507,0.00781769020877552);
#6040=CIRCLE('',#8509,0.00721040308899785);
#6041=CIRCLE('',#8521,0.00035745536097272);
#6042=CIRCLE('',#8523,0.000276803721318874);
#6043=CIRCLE('',#8525,0.000294818943022391);
#6044=CIRCLE('',#8527,0.0002698189840511);
#6045=CIRCLE('',#8529,0.000505194933775902);
#6046=CIRCLE('',#8531,0.0010196568999817);
#6047=CIRCLE('',#8533,0.000941329502987492);
#6048=CIRCLE('',#8535,0.000357317607896704);
#6049=CIRCLE('',#8537,0.000276736750961012);
#6050=CIRCLE('',#8539,0.000272995198856912);
#6051=CIRCLE('',#8541,0.000686788045718321);
#6052=CIRCLE('',#8543,0.000939607788823924);
#6053=CIRCLE('',#8549,0.000631731722494131);
#6054=CIRCLE('',#8550,0.000566080804867195);
#6055=CIRCLE('',#8551,0.000628444456159323);
#6056=CIRCLE('',#8552,0.000625836032589578);
#6057=CIRCLE('',#8553,0.000572767357768951);
#6058=CIRCLE('',#8554,0.000623415120072624);
#6059=CIRCLE('',#8555,0.00062371983397864);
#6060=CIRCLE('',#8556,0.000575775313798987);
#6061=CIRCLE('',#8557,0.000623573866391876);
#6062=CIRCLE('',#8558,0.000626212040425838);
#6063=CIRCLE('',#8559,0.000568899324694225);
#6064=CIRCLE('',#8560,0.000631731722498129);
#6065=CIRCLE('',#8561,0.000198497047035768);
#6066=CIRCLE('',#8562,0.000244365947583069);
#6067=CIRCLE('',#8563,0.000238980374410266);
#6068=CIRCLE('',#8564,0.000120314249032508);
#6069=CIRCLE('',#8565,8.68937306111985E-5);
#6070=CIRCLE('',#8566,0.000741424996267907);
#6071=CIRCLE('',#8567,0.00148895674571822);
#6072=CIRCLE('',#8568,0.000217782732230032);
#6073=CIRCLE('',#8569,0.000218038202847982);
#6074=CIRCLE('',#8570,0.000222924974511101);
#6075=CIRCLE('',#8571,0.000238052582206209);
#6076=CIRCLE('',#8572,0.000308320650473253);
#6077=CIRCLE('',#8573,0.000446368473566599);
#6078=CIRCLE('',#8574,0.000501221683107198);
#6079=CIRCLE('',#8575,0.000245919578432461);
#6080=CIRCLE('',#8576,0.000318443671947393);
#6081=CIRCLE('',#8577,0.000156977777083857);
#6082=CIRCLE('',#8578,0.000210525557855025);
#6083=CIRCLE('',#8579,0.000253442340904816);
#6084=CIRCLE('',#8580,9.62060898862471E-5);
#6085=CIRCLE('',#8581,7.95406214061677E-5);
#6086=CIRCLE('',#8582,0.000131068991875866);
#6087=CIRCLE('',#8583,0.00294771178516844);
#6088=CIRCLE('',#8584,0.00195764894791313);
#6089=CIRCLE('',#8585,0.000220433611128867);
#6090=CIRCLE('',#8586,0.000214258751969734);
#6091=CIRCLE('',#8587,0.00024438297769903);
#6092=CIRCLE('',#8588,0.000277282711694477);
#6093=CIRCLE('',#8589,0.00045376513577446);
#6094=CIRCLE('',#8590,0.000417346222220657);
#6095=CIRCLE('',#8591,0.000325605380501161);
#6096=CIRCLE('',#8592,0.000198497047031946);
#6097=CIRCLE('',#8593,0.000244365947460175);
#6098=CIRCLE('',#8594,0.000238980375033236);
#6099=CIRCLE('',#8595,0.000120314249031764);
#6100=CIRCLE('',#8596,8.68937305930743E-5);
#6101=CIRCLE('',#8597,0.000741425002642707);
#6102=CIRCLE('',#8598,0.001488956746618);
#6103=CIRCLE('',#8599,0.000217782732236516);
#6104=CIRCLE('',#8600,0.00021803820284798);
#6105=CIRCLE('',#8601,0.000222924974511101);
#6106=CIRCLE('',#8602,0.000238052582215898);
#6107=CIRCLE('',#8603,0.00030832065045907);
#6108=CIRCLE('',#8604,0.000446368473185619);
#6109=CIRCLE('',#8605,0.000501221683107199);
#6110=CIRCLE('',#8606,0.000245919578439087);
#6111=CIRCLE('',#8607,0.0003184436719561);
#6112=CIRCLE('',#8608,0.000156977777080079);
#6113=CIRCLE('',#8609,0.000210525557999059);
#6114=CIRCLE('',#8610,0.000253442340902214);
#6115=CIRCLE('',#8611,9.6206089883473E-5);
#6116=CIRCLE('',#8612,7.95406214089226E-5);
#6117=CIRCLE('',#8613,0.000131068991883538);
#6118=CIRCLE('',#8614,0.00294771178516897);
#6119=CIRCLE('',#8615,0.00195764894844684);
#6120=CIRCLE('',#8616,0.000220433611128085);
#6121=CIRCLE('',#8617,0.000214258751966737);
#6122=CIRCLE('',#8618,0.000244382977695055);
#6123=CIRCLE('',#8619,0.00027728271168753);
#6124=CIRCLE('',#8620,0.000453765132572308);
#6125=CIRCLE('',#8621,0.000417346222222783);
#6126=CIRCLE('',#8622,0.000325605380514828);
#6127=CIRCLE('',#8623,0.000552864235184533);
#6128=CIRCLE('',#8624,0.000456910759432166);
#6129=CIRCLE('',#8625,0.000319769231959992);
#6130=CIRCLE('',#8626,0.000229113772039987);
#6131=CIRCLE('',#8627,0.000236098050111873);
#6132=CIRCLE('',#8628,0.000239854168075587);
#6133=CIRCLE('',#8629,0.000358583755599863);
#6134=CIRCLE('',#8630,0.00109703654727399);
#6135=CIRCLE('',#8631,0.00142750067061083);
#6136=CIRCLE('',#8632,0.00219841745945429);
#6137=CIRCLE('',#8633,0.000162821313732873);
#6138=CIRCLE('',#8634,0.000253014360614851);
#6139=CIRCLE('',#8635,0.000266354039046599);
#6140=CIRCLE('',#8636,0.000229670867907713);
#6141=CIRCLE('',#8637,0.000364128496899484);
#6142=CIRCLE('',#8638,0.000284165096944259);
#6143=CIRCLE('',#8639,0.000577358078947912);
#6144=CIRCLE('',#8640,0.000531724788855664);
#6145=CIRCLE('',#8641,0.000241612069461455);
#6146=CIRCLE('',#8642,0.000231494772925259);
#6147=CIRCLE('',#8643,0.000898911837031107);
#6148=CIRCLE('',#8644,0.00242264446307123);
#6149=CIRCLE('',#8645,0.000326723669423428);
#6150=CIRCLE('',#8646,0.000321737195942713);
#6151=CIRCLE('',#8647,0.000308246180208063);
#6152=CIRCLE('',#8648,0.000307441086450316);
#6153=CIRCLE('',#8649,0.000289148603355439);
#6154=CIRCLE('',#8650,0.000212495557669794);
#6155=CIRCLE('',#8651,0.000311254534100158);
#6156=CIRCLE('',#8652,0.000266169007703778);
#6157=CIRCLE('',#8653,0.000310081982544767);
#6158=CIRCLE('',#8654,0.000425754927722426);
#6159=CIRCLE('',#8655,0.000122607160153844);
#6160=CIRCLE('',#8656,0.000162183408063503);
#6161=CIRCLE('',#8657,0.000205087966854606);
#6162=CIRCLE('',#8658,0.000273745236546699);
#6163=CIRCLE('',#8659,0.000254071145076969);
#6164=CIRCLE('',#8660,0.000137388507178003);
#6165=CIRCLE('',#8661,0.000213725998991712);
#6166=CIRCLE('',#8662,0.000185098311972717);
#6167=CIRCLE('',#8663,0.000555726616726925);
#6168=CIRCLE('',#8668,0.000611655698894872);
#6169=CIRCLE('',#8669,0.000147817596912361);
#6170=CIRCLE('',#8670,0.00018421453501419);
#6171=CIRCLE('',#8671,0.000173304591702351);
#6172=CIRCLE('',#8672,0.00028196538908576);
#6173=CIRCLE('',#8676,0.000684732060791726);
#6174=CIRCLE('',#8677,0.00067966806507961);
#6175=CIRCLE('',#8678,0.000156462771897904);
#6176=CIRCLE('',#8679,0.000170556766617979);
#6177=CIRCLE('',#8680,0.000684614263979861);
#6178=CIRCLE('',#8681,0.000683881524518521);
#6179=CIRCLE('',#8682,0.0001693666130003);
#6180=CIRCLE('',#8683,0.000169602104620349);
#6181=CIRCLE('',#8686,0.000631731722494131);
#6182=CIRCLE('',#8688,0.000631731722498129);
#6183=CIRCLE('',#8690,0.000568899324694225);
#6184=CIRCLE('',#8692,0.000626212040425838);
#6185=CIRCLE('',#8694,0.000623573866391876);
#6186=CIRCLE('',#8696,0.000575775313798987);
#6187=CIRCLE('',#8698,0.00062371983397864);
#6188=CIRCLE('',#8700,0.000623415120072624);
#6189=CIRCLE('',#8702,0.000572767357768951);
#6190=CIRCLE('',#8704,0.000625836032589578);
#6191=CIRCLE('',#8706,0.000628444456159323);
#6192=CIRCLE('',#8708,0.000566080804867195);
#6193=CIRCLE('',#8711,0.000325605380501161);
#6194=CIRCLE('',#8713,0.000417346222220657);
#6195=CIRCLE('',#8715,0.00045376513577446);
#6196=CIRCLE('',#8717,0.000277282711694477);
#6197=CIRCLE('',#8719,0.00024438297769903);
#6198=CIRCLE('',#8721,0.000214258751969734);
#6199=CIRCLE('',#8723,0.000220433611128867);
#6200=CIRCLE('',#8725,0.00195764894791313);
#6201=CIRCLE('',#8727,0.00294771178516844);
#6202=CIRCLE('',#8729,0.000131068991875866);
#6203=CIRCLE('',#8731,7.95406214061677E-5);
#6204=CIRCLE('',#8733,9.62060898862471E-5);
#6205=CIRCLE('',#8735,0.000253442340904816);
#6206=CIRCLE('',#8737,0.000210525557855025);
#6207=CIRCLE('',#8739,0.000156977777083857);
#6208=CIRCLE('',#8742,0.000318443671947393);
#6209=CIRCLE('',#8744,0.000245919578432461);
#6210=CIRCLE('',#8746,0.000501221683107198);
#6211=CIRCLE('',#8748,0.000446368473566599);
#6212=CIRCLE('',#8750,0.000308320650473253);
#6213=CIRCLE('',#8752,0.000238052582206209);
#6214=CIRCLE('',#8754,0.000222924974511101);
#6215=CIRCLE('',#8756,0.000218038202847982);
#6216=CIRCLE('',#8758,0.000217782732230032);
#6217=CIRCLE('',#8760,0.00148895674571822);
#6218=CIRCLE('',#8762,0.000741424996267907);
#6219=CIRCLE('',#8764,8.68937306111985E-5);
#6220=CIRCLE('',#8766,0.000120314249032508);
#6221=CIRCLE('',#8768,0.000238980374410266);
#6222=CIRCLE('',#8770,0.000244365947583069);
#6223=CIRCLE('',#8772,0.000198497047035768);
#6224=CIRCLE('',#8775,0.000325605380514828);
#6225=CIRCLE('',#8777,0.000417346222222783);
#6226=CIRCLE('',#8779,0.000453765132572308);
#6227=CIRCLE('',#8781,0.00027728271168753);
#6228=CIRCLE('',#8783,0.000244382977695055);
#6229=CIRCLE('',#8785,0.000214258751966737);
#6230=CIRCLE('',#8787,0.000220433611128085);
#6231=CIRCLE('',#8789,0.00195764894844684);
#6232=CIRCLE('',#8791,0.00294771178516897);
#6233=CIRCLE('',#8793,0.000131068991883538);
#6234=CIRCLE('',#8795,7.95406214089226E-5);
#6235=CIRCLE('',#8797,9.6206089883473E-5);
#6236=CIRCLE('',#8799,0.000253442340902214);
#6237=CIRCLE('',#8801,0.000210525557999059);
#6238=CIRCLE('',#8803,0.000156977777080079);
#6239=CIRCLE('',#8806,0.0003184436719561);
#6240=CIRCLE('',#8808,0.000245919578439087);
#6241=CIRCLE('',#8810,0.000501221683107199);
#6242=CIRCLE('',#8812,0.000446368473185619);
#6243=CIRCLE('',#8814,0.00030832065045907);
#6244=CIRCLE('',#8816,0.000238052582215898);
#6245=CIRCLE('',#8818,0.000222924974511101);
#6246=CIRCLE('',#8820,0.00021803820284798);
#6247=CIRCLE('',#8822,0.000217782732236516);
#6248=CIRCLE('',#8824,0.001488956746618);
#6249=CIRCLE('',#8826,0.000741425002642707);
#6250=CIRCLE('',#8828,8.68937305930743E-5);
#6251=CIRCLE('',#8830,0.000120314249031764);
#6252=CIRCLE('',#8832,0.000238980375033236);
#6253=CIRCLE('',#8834,0.000244365947460175);
#6254=CIRCLE('',#8836,0.000198497047031946);
#6255=CIRCLE('',#8838,0.000552864235184533);
#6256=CIRCLE('',#8840,0.000321737195942713);
#6257=CIRCLE('',#8843,0.000326723669423428);
#6258=CIRCLE('',#8845,0.00242264446307123);
#6259=CIRCLE('',#8848,0.000898911837031107);
#6260=CIRCLE('',#8850,0.000231494772925259);
#6261=CIRCLE('',#8852,0.000241612069461455);
#6262=CIRCLE('',#8854,0.000531724788855664);
#6263=CIRCLE('',#8856,0.000577358078947912);
#6264=CIRCLE('',#8858,0.000284165096944259);
#6265=CIRCLE('',#8860,0.000364128496899484);
#6266=CIRCLE('',#8863,0.000229670867907713);
#6267=CIRCLE('',#8865,0.000266354039046599);
#6268=CIRCLE('',#8867,0.000253014360614851);
#6269=CIRCLE('',#8869,0.000162821313732873);
#6270=CIRCLE('',#8871,0.00219841745945429);
#6271=CIRCLE('',#8873,0.00142750067061083);
#6272=CIRCLE('',#8875,0.00109703654727399);
#6273=CIRCLE('',#8877,0.000358583755599863);
#6274=CIRCLE('',#8879,0.000239854168075587);
#6275=CIRCLE('',#8881,0.000236098050111873);
#6276=CIRCLE('',#8883,0.000229113772039987);
#6277=CIRCLE('',#8885,0.000319769231959992);
#6278=CIRCLE('',#8887,0.000456910759432166);
#6279=CIRCLE('',#8892,0.000555726616726925);
#6280=CIRCLE('',#8894,0.000185098311972717);
#6281=CIRCLE('',#8896,0.000213725998991712);
#6282=CIRCLE('',#8898,0.000137388507178003);
#6283=CIRCLE('',#8900,0.000254071145076969);
#6284=CIRCLE('',#8905,0.000273745236546699);
#6285=CIRCLE('',#8907,0.000205087966854606);
#6286=CIRCLE('',#8909,0.000162183408063503);
#6287=CIRCLE('',#8911,0.000122607160153844);
#6288=CIRCLE('',#8913,0.000425754927722426);
#6289=CIRCLE('',#8918,0.000310081982544767);
#6290=CIRCLE('',#8920,0.000266169007703778);
#6291=CIRCLE('',#8922,0.000311254534100158);
#6292=CIRCLE('',#8924,0.000212495557669794);
#6293=CIRCLE('',#8926,0.000289148603355439);
#6294=CIRCLE('',#8928,0.000307441086450316);
#6295=CIRCLE('',#8930,0.000308246180208063);
#6296=CIRCLE('',#8945,0.000611655698894872);
#6297=CIRCLE('',#8947,0.000147817596912361);
#6298=CIRCLE('',#8949,0.00018421453501419);
#6299=CIRCLE('',#8951,0.000173304591702351);
#6300=CIRCLE('',#8953,0.00028196538908576);
#6301=CIRCLE('',#8955,0.000684732060791726);
#6302=CIRCLE('',#8957,0.00067966806507961);
#6303=CIRCLE('',#8959,0.000156462771897904);
#6304=CIRCLE('',#8961,0.000170556766617979);
#6305=CIRCLE('',#8963,0.000684614263979861);
#6306=CIRCLE('',#8965,0.000683881524518521);
#6307=CIRCLE('',#8967,0.0001693666130003);
#6308=CIRCLE('',#8969,0.000169602104620349);
#6309=CIRCLE('',#8971,0.000524652226784398);
#6310=CIRCLE('',#8972,0.000525412130985197);
#6311=CIRCLE('',#8973,0.000474142049068893);
#6312=CIRCLE('',#8974,0.000523021321371247);
#6313=CIRCLE('',#8975,0.000519728592045346);
#6314=CIRCLE('',#8976,0.000481275021302447);
#6315=CIRCLE('',#8977,0.000518164992844347);
#6316=CIRCLE('',#8978,0.000518164992842574);
#6317=CIRCLE('',#8979,0.000484227491440666);
#6318=CIRCLE('',#8980,0.000517478995289876);
#6319=CIRCLE('',#8981,0.000520808428187589);
#6320=CIRCLE('',#8982,0.000477714318164888);
#6321=CIRCLE('',#8986,0.00111656678810771);
#6322=CIRCLE('',#8987,0.000367990957463247);
#6323=CIRCLE('',#8988,0.000228964263182057);
#6324=CIRCLE('',#8989,0.000303802905062819);
#6325=CIRCLE('',#8990,0.000195028210537158);
#6326=CIRCLE('',#8991,0.000124682537898896);
#6327=CIRCLE('',#8992,0.000124913368839571);
#6328=CIRCLE('',#8993,0.000127632497169545);
#6329=CIRCLE('',#8994,0.000592320917416908);
#6330=CIRCLE('',#8997,0.00153766489068022);
#6331=CIRCLE('',#8998,0.00338018954009695);
#6332=CIRCLE('',#9002,0.000524652226784398);
#6333=CIRCLE('',#9004,0.000525412130985197);
#6334=CIRCLE('',#9006,0.000474142049068893);
#6335=CIRCLE('',#9008,0.000523021321371247);
#6336=CIRCLE('',#9010,0.000519728592045346);
#6337=CIRCLE('',#9012,0.000481275021302447);
#6338=CIRCLE('',#9014,0.000518164992844347);
#6339=CIRCLE('',#9016,0.000518164992842574);
#6340=CIRCLE('',#9018,0.000484227491440666);
#6341=CIRCLE('',#9020,0.000517478995289876);
#6342=CIRCLE('',#9022,0.000520808428187589);
#6343=CIRCLE('',#9024,0.000477714318164888);
#6344=CIRCLE('',#9026,0.00111656678810771);
#6345=CIRCLE('',#9029,0.000367990957463247);
#6346=CIRCLE('',#9031,0.000228964263182057);
#6347=CIRCLE('',#9033,0.000303802905062819);
#6348=CIRCLE('',#9035,0.000195028210537158);
#6349=CIRCLE('',#9037,0.000124682537898896);
#6350=CIRCLE('',#9039,0.000124913368839571);
#6351=CIRCLE('',#9041,0.000127632497169545);
#6352=CIRCLE('',#9043,0.000592320917416908);
#6353=CIRCLE('',#9047,0.00153766489068022);
#6354=CIRCLE('',#9049,0.00338018954009695);
#6355=CIRCLE('',#9052,0.000586557871483367);
#6356=CIRCLE('',#9053,0.000163847466543831);
#6357=CIRCLE('',#9054,0.000172221665126953);
#6358=CIRCLE('',#9055,0.000178493166235631);
#6359=CIRCLE('',#9056,0.000204491653530154);
#6360=CIRCLE('',#9057,0.000183580364672321);
#6361=CIRCLE('',#9058,0.000793440081608798);
#6362=CIRCLE('',#9059,0.000590476075498887);
#6363=CIRCLE('',#9060,0.000140613117687542);
#6364=CIRCLE('',#9068,0.000140613117687542);
#6365=CIRCLE('',#9070,0.000590476075498887);
#6366=CIRCLE('',#9075,0.000793440081608798);
#6367=CIRCLE('',#9077,0.000183580364672321);
#6368=CIRCLE('',#9079,0.000204491653530154);
#6369=CIRCLE('',#9081,0.000178493166235631);
#6370=CIRCLE('',#9083,0.000172221665126953);
#6371=CIRCLE('',#9085,0.000163847466543831);
#6372=CIRCLE('',#9087,0.000586557871483367);
#6373=CIRCLE('',#9090,0.000361570727961917);
#6374=CIRCLE('',#9091,9.75632749201896E-5);
#6375=CIRCLE('',#9092,9.14427756890144E-5);
#6376=CIRCLE('',#9093,9.18489678860674E-5);
#6377=CIRCLE('',#9094,0.000220652335255735);
#6378=CIRCLE('',#9099,0.000361570727961917);
#6379=CIRCLE('',#9101,9.75632749201896E-5);
#6380=CIRCLE('',#9103,9.14427756890144E-5);
#6381=CIRCLE('',#9105,9.18489678860674E-5);
#6382=CIRCLE('',#9107,0.000220652335255735);
#6383=EDGE_LOOP('',(#1388));
#6384=EDGE_LOOP('',(#1389));
#6385=EDGE_LOOP('',(#1390));
#6386=EDGE_LOOP('',(#1391));
#6387=EDGE_LOOP('',(#1392));
#6388=EDGE_LOOP('',(#1393));
#6389=EDGE_LOOP('',(#1394));
#6390=EDGE_LOOP('',(#1395));
#6391=EDGE_LOOP('',(#1396));
#6392=EDGE_LOOP('',(#1397));
#6393=EDGE_LOOP('',(#1398));
#6394=EDGE_LOOP('',(#1399));
#6395=EDGE_LOOP('',(#1400));
#6396=EDGE_LOOP('',(#1401));
#6397=EDGE_LOOP('',(#1402));
#6398=EDGE_LOOP('',(#1403));
#6399=EDGE_LOOP('',(#1404));
#6400=EDGE_LOOP('',(#1405));
#6401=EDGE_LOOP('',(#1406));
#6402=EDGE_LOOP('',(#1407));
#6403=EDGE_LOOP('',(#1408));
#6404=EDGE_LOOP('',(#1409));
#6405=EDGE_LOOP('',(#1410));
#6406=EDGE_LOOP('',(#1411));
#6407=EDGE_LOOP('',(#1412));
#6408=EDGE_LOOP('',(#1413));
#6409=EDGE_LOOP('',(#1414));
#6410=EDGE_LOOP('',(#1415));
#6411=EDGE_LOOP('',(#1416));
#6412=EDGE_LOOP('',(#1417));
#6413=EDGE_LOOP('',(#1418));
#6414=EDGE_LOOP('',(#1419));
#6415=EDGE_LOOP('',(#1420));
#6416=EDGE_LOOP('',(#1421));
#6417=EDGE_LOOP('',(#1422,#1423,#1424,#1425,#1426,#1427,#1428,#1429));
#6418=EDGE_LOOP('',(#1430,#1431,#1432,#1433,#1434,#1435,#1436,#1437,#1438,
#1439,#1440,#1441));
#6419=EDGE_LOOP('',(#1442,#1443,#1444,#1445));
#6420=EDGE_LOOP('',(#1446,#1447,#1448,#1449));
#6421=EDGE_LOOP('',(#1450,#1451,#1452,#1453));
#6422=EDGE_LOOP('',(#1454,#1455,#1456,#1457));
#6423=EDGE_LOOP('',(#1458,#1459,#1460,#1461));
#6424=EDGE_LOOP('',(#1462,#1463,#1464,#1465));
#6425=EDGE_LOOP('',(#1466,#1467,#1468,#1469));
#6426=EDGE_LOOP('',(#1470,#1471,#1472,#1473));
#6427=EDGE_LOOP('',(#1474,#1475,#1476,#1477));
#6428=EDGE_LOOP('',(#1478,#1479,#1480,#1481));
#6429=EDGE_LOOP('',(#1482,#1483,#1484,#1485));
#6430=EDGE_LOOP('',(#1486,#1487,#1488,#1489));
#6431=EDGE_LOOP('',(#1490,#1491,#1492));
#6432=EDGE_LOOP('',(#1493,#1494,#1495));
#6433=EDGE_LOOP('',(#1496,#1497,#1498));
#6434=EDGE_LOOP('',(#1499,#1500,#1501));
#6435=EDGE_LOOP('',(#1502,#1503,#1504,#1505,#1506,#1507,#1508,#1509,#1510,
#1511,#1512,#1513,#1514,#1515,#1516,#1517));
#6436=EDGE_LOOP('',(#1518,#1519,#1520,#1521,#1522,#1523,#1524,#1525,#1526,
#1527,#1528,#1529,#1530,#1531,#1532,#1533));
#6437=EDGE_LOOP('',(#1534,#1535,#1536,#1537,#1538,#1539));
#6438=EDGE_LOOP('',(#1540,#1541,#1542,#1543,#1544,#1545,#1546,#1547));
#6439=EDGE_LOOP('',(#1548,#1549,#1550,#1551,#1552,#1553,#1554,#1555));
#6440=EDGE_LOOP('',(#1556,#1557,#1558,#1559,#1560,#1561,#1562,#1563));
#6441=EDGE_LOOP('',(#1564,#1565,#1566,#1567,#1568,#1569));
#6442=EDGE_LOOP('',(#1570,#1571,#1572,#1573,#1574,#1575));
#6443=EDGE_LOOP('',(#1576,#1577,#1578,#1579));
#6444=EDGE_LOOP('',(#1580,#1581,#1582,#1583));
#6445=EDGE_LOOP('',(#1584,#1585,#1586,#1587));
#6446=EDGE_LOOP('',(#1588,#1589,#1590,#1591));
#6447=EDGE_LOOP('',(#1592,#1593,#1594,#1595));
#6448=EDGE_LOOP('',(#1596,#1597,#1598,#1599));
#6449=EDGE_LOOP('',(#1600,#1601,#1602,#1603,#1604,#1605));
#6450=EDGE_LOOP('',(#1606,#1607,#1608,#1609,#1610,#1611));
#6451=EDGE_LOOP('',(#1612,#1613,#1614,#1615,#1616,#1617));
#6452=EDGE_LOOP('',(#1618));
#6453=EDGE_LOOP('',(#1619));
#6454=EDGE_LOOP('',(#1620,#1621,#1622,#1623));
#6455=EDGE_LOOP('',(#1624,#1625,#1626,#1627));
#6456=EDGE_LOOP('',(#1628,#1629,#1630,#1631));
#6457=EDGE_LOOP('',(#1632,#1633,#1634,#1635));
#6458=EDGE_LOOP('',(#1636,#1637,#1638,#1639));
#6459=EDGE_LOOP('',(#1640,#1641,#1642,#1643));
#6460=EDGE_LOOP('',(#1644,#1645,#1646,#1647));
#6461=EDGE_LOOP('',(#1648,#1649,#1650,#1651));
#6462=EDGE_LOOP('',(#1652,#1653,#1654,#1655));
#6463=EDGE_LOOP('',(#1656,#1657,#1658,#1659));
#6464=EDGE_LOOP('',(#1660,#1661,#1662,#1663));
#6465=EDGE_LOOP('',(#1664,#1665,#1666,#1667));
#6466=EDGE_LOOP('',(#1668,#1669,#1670,#1671));
#6467=EDGE_LOOP('',(#1672,#1673,#1674,#1675));
#6468=EDGE_LOOP('',(#1676,#1677,#1678,#1679));
#6469=EDGE_LOOP('',(#1680,#1681,#1682,#1683));
#6470=EDGE_LOOP('',(#1684,#1685,#1686,#1687,#1688,#1689,#1690,#1691));
#6471=EDGE_LOOP('',(#1692,#1693,#1694,#1695,#1696,#1697,#1698,#1699));
#6472=EDGE_LOOP('',(#1700,#1701,#1702,#1703,#1704,#1705));
#6473=EDGE_LOOP('',(#1706,#1707,#1708,#1709));
#6474=EDGE_LOOP('',(#1710,#1711,#1712,#1713));
#6475=EDGE_LOOP('',(#1714,#1715,#1716,#1717));
#6476=EDGE_LOOP('',(#1718,#1719,#1720,#1721));
#6477=EDGE_LOOP('',(#1722,#1723,#1724,#1725));
#6478=EDGE_LOOP('',(#1726,#1727,#1728,#1729));
#6479=EDGE_LOOP('',(#1730,#1731,#1732,#1733));
#6480=EDGE_LOOP('',(#1734,#1735,#1736,#1737));
#6481=EDGE_LOOP('',(#1738,#1739,#1740,#1741,#1742,#1743));
#6482=EDGE_LOOP('',(#1744));
#6483=EDGE_LOOP('',(#1745,#1746,#1747,#1748,#1749,#1750));
#6484=EDGE_LOOP('',(#1751));
#6485=EDGE_LOOP('',(#1752,#1753,#1754,#1755));
#6486=EDGE_LOOP('',(#1756,#1757,#1758,#1759,#1760,#1761,#1762,#1763));
#6487=EDGE_LOOP('',(#1764));
#6488=EDGE_LOOP('',(#1765,#1766,#1767,#1768,#1769,#1770,#1771,#1772));
#6489=EDGE_LOOP('',(#1773));
#6490=EDGE_LOOP('',(#1774,#1775,#1776,#1777));
#6491=EDGE_LOOP('',(#1778,#1779,#1780,#1781));
#6492=EDGE_LOOP('',(#1782,#1783,#1784,#1785));
#6493=EDGE_LOOP('',(#1786,#1787,#1788,#1789,#1790,#1791));
#6494=EDGE_LOOP('',(#1792));
#6495=EDGE_LOOP('',(#1793));
#6496=EDGE_LOOP('',(#1794));
#6497=EDGE_LOOP('',(#1795));
#6498=EDGE_LOOP('',(#1796,#1797,#1798,#1799,#1800,#1801,#1802,#1803,#1804,
#1805,#1806,#1807,#1808,#1809,#1810,#1811));
#6499=EDGE_LOOP('',(#1812,#1813,#1814,#1815,#1816,#1817,#1818,#1819,#1820,
#1821,#1822,#1823,#1824,#1825,#1826,#1827));
#6500=EDGE_LOOP('',(#1828,#1829,#1830,#1831,#1832,#1833,#1834,#1835));
#6501=EDGE_LOOP('',(#1836,#1837,#1838,#1839,#1840,#1841,#1842,#1843,#1844,
#1845,#1846,#1847,#1848,#1849,#1850,#1851,#1852,#1853,#1854,#1855,#1856,
#1857,#1858,#1859,#1860,#1861,#1862,#1863,#1864,#1865));
#6502=EDGE_LOOP('',(#1866,#1867,#1868,#1869,#1870,#1871,#1872,#1873,#1874,
#1875,#1876));
#6503=EDGE_LOOP('',(#1877,#1878,#1879,#1880,#1881,#1882,#1883,#1884,#1885,
#1886,#1887,#1888,#1889,#1890,#1891,#1892,#1893,#1894,#1895));
#6504=EDGE_LOOP('',(#1896,#1897,#1898,#1899,#1900,#1901,#1902,#1903,#1904,
#1905,#1906,#1907,#1908,#1909,#1910));
#6505=EDGE_LOOP('',(#1911,#1912,#1913,#1914,#1915,#1916,#1917,#1918,#1919,
#1920,#1921,#1922));
#6506=EDGE_LOOP('',(#1923,#1924,#1925,#1926));
#6507=EDGE_LOOP('',(#1927,#1928,#1929,#1930,#1931));
#6508=EDGE_LOOP('',(#1932,#1933,#1934,#1935));
#6509=EDGE_LOOP('',(#1936,#1937,#1938,#1939,#1940));
#6510=EDGE_LOOP('',(#1941,#1942,#1943,#1944,#1945));
#6511=EDGE_LOOP('',(#1946,#1947,#1948,#1949));
#6512=EDGE_LOOP('',(#1950,#1951,#1952,#1953,#1954));
#6513=EDGE_LOOP('',(#1955,#1956,#1957,#1958));
#6514=EDGE_LOOP('',(#1959,#1960,#1961,#1962,#1963,#1964,#1965,#1966));
#6515=EDGE_LOOP('',(#1967));
#6516=EDGE_LOOP('',(#1968));
#6517=EDGE_LOOP('',(#1969,#1970,#1971,#1972));
#6518=EDGE_LOOP('',(#1973));
#6519=EDGE_LOOP('',(#1974));
#6520=EDGE_LOOP('',(#1975,#1976,#1977,#1978));
#6521=EDGE_LOOP('',(#1979));
#6522=EDGE_LOOP('',(#1980));
#6523=EDGE_LOOP('',(#1981,#1982,#1983,#1984));
#6524=EDGE_LOOP('',(#1985,#1986,#1987,#1988));
#6525=EDGE_LOOP('',(#1989,#1990,#1991,#1992));
#6526=EDGE_LOOP('',(#1993,#1994,#1995,#1996));
#6527=EDGE_LOOP('',(#1997,#1998,#1999,#2000));
#6528=EDGE_LOOP('',(#2001,#2002,#2003,#2004));
#6529=EDGE_LOOP('',(#2005,#2006,#2007,#2008));
#6530=EDGE_LOOP('',(#2009,#2010,#2011,#2012));
#6531=EDGE_LOOP('',(#2013,#2014,#2015,#2016));
#6532=EDGE_LOOP('',(#2017,#2018,#2019,#2020));
#6533=EDGE_LOOP('',(#2021,#2022,#2023,#2024));
#6534=EDGE_LOOP('',(#2025,#2026,#2027,#2028));
#6535=EDGE_LOOP('',(#2029,#2030,#2031,#2032));
#6536=EDGE_LOOP('',(#2033,#2034,#2035,#2036));
#6537=EDGE_LOOP('',(#2037,#2038,#2039,#2040));
#6538=EDGE_LOOP('',(#2041,#2042,#2043,#2044));
#6539=EDGE_LOOP('',(#2045,#2046,#2047,#2048));
#6540=EDGE_LOOP('',(#2049,#2050,#2051,#2052));
#6541=EDGE_LOOP('',(#2053,#2054,#2055,#2056));
#6542=EDGE_LOOP('',(#2057,#2058,#2059,#2060));
#6543=EDGE_LOOP('',(#2061,#2062,#2063,#2064));
#6544=EDGE_LOOP('',(#2065,#2066,#2067,#2068));
#6545=EDGE_LOOP('',(#2069,#2070,#2071,#2072));
#6546=EDGE_LOOP('',(#2073,#2074,#2075,#2076));
#6547=EDGE_LOOP('',(#2077,#2078,#2079,#2080));
#6548=EDGE_LOOP('',(#2081,#2082,#2083,#2084));
#6549=EDGE_LOOP('',(#2085,#2086,#2087,#2088));
#6550=EDGE_LOOP('',(#2089,#2090,#2091,#2092));
#6551=EDGE_LOOP('',(#2093,#2094,#2095,#2096));
#6552=EDGE_LOOP('',(#2097,#2098,#2099,#2100));
#6553=EDGE_LOOP('',(#2101,#2102,#2103,#2104));
#6554=EDGE_LOOP('',(#2105,#2106,#2107,#2108));
#6555=EDGE_LOOP('',(#2109,#2110,#2111,#2112));
#6556=EDGE_LOOP('',(#2113,#2114,#2115,#2116));
#6557=EDGE_LOOP('',(#2117,#2118,#2119,#2120));
#6558=EDGE_LOOP('',(#2121,#2122,#2123,#2124));
#6559=EDGE_LOOP('',(#2125,#2126,#2127,#2128));
#6560=EDGE_LOOP('',(#2129,#2130,#2131,#2132));
#6561=EDGE_LOOP('',(#2133,#2134,#2135,#2136));
#6562=EDGE_LOOP('',(#2137,#2138,#2139,#2140));
#6563=EDGE_LOOP('',(#2141,#2142,#2143,#2144));
#6564=EDGE_LOOP('',(#2145,#2146,#2147,#2148));
#6565=EDGE_LOOP('',(#2149,#2150,#2151,#2152));
#6566=EDGE_LOOP('',(#2153,#2154,#2155,#2156));
#6567=EDGE_LOOP('',(#2157,#2158,#2159,#2160));
#6568=EDGE_LOOP('',(#2161,#2162,#2163,#2164));
#6569=EDGE_LOOP('',(#2165,#2166,#2167,#2168));
#6570=EDGE_LOOP('',(#2169,#2170,#2171,#2172));
#6571=EDGE_LOOP('',(#2173,#2174,#2175,#2176));
#6572=EDGE_LOOP('',(#2177,#2178,#2179,#2180));
#6573=EDGE_LOOP('',(#2181,#2182,#2183,#2184));
#6574=EDGE_LOOP('',(#2185,#2186,#2187,#2188));
#6575=EDGE_LOOP('',(#2189,#2190,#2191,#2192));
#6576=EDGE_LOOP('',(#2193,#2194,#2195,#2196));
#6577=EDGE_LOOP('',(#2197,#2198,#2199,#2200));
#6578=EDGE_LOOP('',(#2201,#2202,#2203,#2204));
#6579=EDGE_LOOP('',(#2205,#2206,#2207,#2208));
#6580=EDGE_LOOP('',(#2209,#2210,#2211,#2212));
#6581=EDGE_LOOP('',(#2213,#2214,#2215,#2216));
#6582=EDGE_LOOP('',(#2217,#2218,#2219,#2220));
#6583=EDGE_LOOP('',(#2221,#2222,#2223,#2224));
#6584=EDGE_LOOP('',(#2225,#2226,#2227,#2228));
#6585=EDGE_LOOP('',(#2229,#2230,#2231,#2232));
#6586=EDGE_LOOP('',(#2233,#2234,#2235,#2236));
#6587=EDGE_LOOP('',(#2237,#2238,#2239,#2240));
#6588=EDGE_LOOP('',(#2241,#2242,#2243,#2244));
#6589=EDGE_LOOP('',(#2245,#2246,#2247,#2248));
#6590=EDGE_LOOP('',(#2249,#2250,#2251,#2252));
#6591=EDGE_LOOP('',(#2253,#2254,#2255,#2256));
#6592=EDGE_LOOP('',(#2257,#2258,#2259,#2260));
#6593=EDGE_LOOP('',(#2261,#2262,#2263,#2264));
#6594=EDGE_LOOP('',(#2265,#2266,#2267,#2268));
#6595=EDGE_LOOP('',(#2269,#2270,#2271,#2272));
#6596=EDGE_LOOP('',(#2273,#2274,#2275,#2276));
#6597=EDGE_LOOP('',(#2277,#2278,#2279,#2280));
#6598=EDGE_LOOP('',(#2281,#2282,#2283,#2284));
#6599=EDGE_LOOP('',(#2285,#2286,#2287,#2288));
#6600=EDGE_LOOP('',(#2289,#2290,#2291,#2292));
#6601=EDGE_LOOP('',(#2293,#2294,#2295,#2296));
#6602=EDGE_LOOP('',(#2297,#2298,#2299,#2300));
#6603=EDGE_LOOP('',(#2301,#2302,#2303,#2304));
#6604=EDGE_LOOP('',(#2305,#2306,#2307,#2308));
#6605=EDGE_LOOP('',(#2309,#2310,#2311,#2312));
#6606=EDGE_LOOP('',(#2313,#2314,#2315,#2316));
#6607=EDGE_LOOP('',(#2317,#2318,#2319,#2320));
#6608=EDGE_LOOP('',(#2321,#2322,#2323,#2324));
#6609=EDGE_LOOP('',(#2325,#2326,#2327,#2328));
#6610=EDGE_LOOP('',(#2329,#2330,#2331,#2332));
#6611=EDGE_LOOP('',(#2333,#2334,#2335,#2336));
#6612=EDGE_LOOP('',(#2337,#2338,#2339,#2340));
#6613=EDGE_LOOP('',(#2341,#2342,#2343,#2344));
#6614=EDGE_LOOP('',(#2345,#2346,#2347,#2348));
#6615=EDGE_LOOP('',(#2349,#2350,#2351,#2352));
#6616=EDGE_LOOP('',(#2353,#2354,#2355,#2356));
#6617=EDGE_LOOP('',(#2357,#2358,#2359,#2360));
#6618=EDGE_LOOP('',(#2361,#2362,#2363,#2364));
#6619=EDGE_LOOP('',(#2365,#2366,#2367,#2368));
#6620=EDGE_LOOP('',(#2369,#2370,#2371,#2372));
#6621=EDGE_LOOP('',(#2373,#2374,#2375,#2376));
#6622=EDGE_LOOP('',(#2377,#2378,#2379,#2380));
#6623=EDGE_LOOP('',(#2381,#2382,#2383,#2384));
#6624=EDGE_LOOP('',(#2385,#2386,#2387,#2388));
#6625=EDGE_LOOP('',(#2389,#2390,#2391,#2392));
#6626=EDGE_LOOP('',(#2393,#2394,#2395,#2396));
#6627=EDGE_LOOP('',(#2397,#2398,#2399,#2400));
#6628=EDGE_LOOP('',(#2401,#2402,#2403,#2404));
#6629=EDGE_LOOP('',(#2405,#2406,#2407,#2408));
#6630=EDGE_LOOP('',(#2409,#2410,#2411,#2412));
#6631=EDGE_LOOP('',(#2413,#2414,#2415,#2416));
#6632=EDGE_LOOP('',(#2417,#2418,#2419,#2420));
#6633=EDGE_LOOP('',(#2421,#2422,#2423,#2424));
#6634=EDGE_LOOP('',(#2425,#2426,#2427,#2428));
#6635=EDGE_LOOP('',(#2429,#2430,#2431,#2432));
#6636=EDGE_LOOP('',(#2433,#2434,#2435,#2436));
#6637=EDGE_LOOP('',(#2437,#2438,#2439,#2440));
#6638=EDGE_LOOP('',(#2441,#2442,#2443,#2444));
#6639=EDGE_LOOP('',(#2445,#2446,#2447,#2448,#2449,#2450,#2451,#2452));
#6640=EDGE_LOOP('',(#2453,#2454,#2455,#2456,#2457,#2458,#2459,#2460,#2461,
#2462,#2463,#2464));
#6641=EDGE_LOOP('',(#2465,#2466,#2467,#2468,#2469,#2470,#2471,#2472,#2473,
#2474,#2475,#2476,#2477,#2478,#2479,#2480,#2481,#2482,#2483,#2484,#2485,
#2486,#2487,#2488,#2489,#2490,#2491,#2492,#2493,#2494,#2495,#2496,#2497));
#6642=EDGE_LOOP('',(#2498,#2499,#2500,#2501,#2502,#2503,#2504,#2505,#2506,
#2507,#2508,#2509,#2510,#2511,#2512,#2513,#2514,#2515,#2516,#2517,#2518,
#2519,#2520,#2521,#2522,#2523,#2524,#2525,#2526,#2527,#2528,#2529,#2530));
#6643=EDGE_LOOP('',(#2531,#2532,#2533,#2534,#2535,#2536,#2537,#2538,#2539,
#2540,#2541,#2542,#2543,#2544,#2545,#2546,#2547,#2548,#2549,#2550,#2551,
#2552,#2553,#2554,#2555,#2556,#2557));
#6644=EDGE_LOOP('',(#2558,#2559,#2560,#2561,#2562,#2563,#2564,#2565,#2566,
#2567,#2568,#2569,#2570,#2571,#2572,#2573,#2574,#2575,#2576,#2577,#2578,
#2579,#2580,#2581,#2582,#2583,#2584,#2585));
#6645=EDGE_LOOP('',(#2586,#2587,#2588,#2589,#2590,#2591,#2592,#2593));
#6646=EDGE_LOOP('',(#2594,#2595,#2596,#2597,#2598,#2599,#2600,#2601,#2602,
#2603,#2604,#2605,#2606,#2607,#2608,#2609));
#6647=EDGE_LOOP('',(#2610,#2611,#2612,#2613,#2614,#2615,#2616,#2617));
#6648=EDGE_LOOP('',(#2618,#2619,#2620,#2621,#2622,#2623,#2624,#2625,#2626,
#2627,#2628,#2629,#2630,#2631,#2632,#2633,#2634,#2635,#2636,#2637,#2638,
#2639,#2640,#2641,#2642,#2643,#2644,#2645,#2646,#2647));
#6649=EDGE_LOOP('',(#2648,#2649,#2650,#2651,#2652,#2653,#2654,#2655,#2656,
#2657,#2658));
#6650=EDGE_LOOP('',(#2659,#2660,#2661,#2662,#2663,#2664,#2665,#2666));
#6651=EDGE_LOOP('',(#2667,#2668,#2669,#2670,#2671,#2672,#2673,#2674,#2675,
#2676,#2677,#2678,#2679,#2680,#2681,#2682,#2683,#2684,#2685));
#6652=EDGE_LOOP('',(#2686,#2687,#2688,#2689,#2690,#2691,#2692,#2693,#2694,
#2695,#2696,#2697,#2698,#2699,#2700));
#6653=EDGE_LOOP('',(#2701,#2702,#2703,#2704,#2705,#2706,#2707,#2708,#2709,
#2710,#2711,#2712));
#6654=EDGE_LOOP('',(#2713,#2714,#2715,#2716,#2717,#2718,#2719,#2720));
#6655=EDGE_LOOP('',(#2721,#2722,#2723,#2724));
#6656=EDGE_LOOP('',(#2725,#2726,#2727,#2728));
#6657=EDGE_LOOP('',(#2729,#2730,#2731,#2732));
#6658=EDGE_LOOP('',(#2733,#2734,#2735,#2736));
#6659=EDGE_LOOP('',(#2737,#2738,#2739,#2740));
#6660=EDGE_LOOP('',(#2741,#2742,#2743,#2744));
#6661=EDGE_LOOP('',(#2745,#2746,#2747,#2748));
#6662=EDGE_LOOP('',(#2749,#2750,#2751,#2752));
#6663=EDGE_LOOP('',(#2753,#2754,#2755,#2756));
#6664=EDGE_LOOP('',(#2757,#2758,#2759,#2760));
#6665=EDGE_LOOP('',(#2761,#2762,#2763,#2764));
#6666=EDGE_LOOP('',(#2765,#2766,#2767,#2768));
#6667=EDGE_LOOP('',(#2769,#2770,#2771,#2772));
#6668=EDGE_LOOP('',(#2773,#2774,#2775,#2776));
#6669=EDGE_LOOP('',(#2777,#2778,#2779,#2780));
#6670=EDGE_LOOP('',(#2781,#2782,#2783,#2784));
#6671=EDGE_LOOP('',(#2785,#2786,#2787,#2788));
#6672=EDGE_LOOP('',(#2789,#2790,#2791,#2792));
#6673=EDGE_LOOP('',(#2793,#2794,#2795,#2796));
#6674=EDGE_LOOP('',(#2797,#2798,#2799,#2800));
#6675=EDGE_LOOP('',(#2801,#2802,#2803,#2804));
#6676=EDGE_LOOP('',(#2805,#2806,#2807,#2808));
#6677=EDGE_LOOP('',(#2809,#2810,#2811,#2812));
#6678=EDGE_LOOP('',(#2813,#2814,#2815,#2816));
#6679=EDGE_LOOP('',(#2817,#2818,#2819,#2820));
#6680=EDGE_LOOP('',(#2821,#2822,#2823,#2824));
#6681=EDGE_LOOP('',(#2825,#2826,#2827,#2828));
#6682=EDGE_LOOP('',(#2829,#2830,#2831,#2832));
#6683=EDGE_LOOP('',(#2833,#2834,#2835,#2836));
#6684=EDGE_LOOP('',(#2837,#2838,#2839,#2840));
#6685=EDGE_LOOP('',(#2841,#2842,#2843,#2844));
#6686=EDGE_LOOP('',(#2845,#2846,#2847,#2848));
#6687=EDGE_LOOP('',(#2849,#2850,#2851,#2852));
#6688=EDGE_LOOP('',(#2853,#2854,#2855,#2856));
#6689=EDGE_LOOP('',(#2857,#2858,#2859,#2860));
#6690=EDGE_LOOP('',(#2861,#2862,#2863,#2864));
#6691=EDGE_LOOP('',(#2865,#2866,#2867,#2868));
#6692=EDGE_LOOP('',(#2869,#2870,#2871,#2872));
#6693=EDGE_LOOP('',(#2873,#2874,#2875,#2876));
#6694=EDGE_LOOP('',(#2877,#2878,#2879,#2880));
#6695=EDGE_LOOP('',(#2881,#2882,#2883,#2884));
#6696=EDGE_LOOP('',(#2885,#2886,#2887,#2888));
#6697=EDGE_LOOP('',(#2889,#2890,#2891,#2892));
#6698=EDGE_LOOP('',(#2893,#2894,#2895,#2896));
#6699=EDGE_LOOP('',(#2897,#2898,#2899,#2900));
#6700=EDGE_LOOP('',(#2901,#2902,#2903,#2904));
#6701=EDGE_LOOP('',(#2905,#2906,#2907,#2908));
#6702=EDGE_LOOP('',(#2909,#2910,#2911,#2912));
#6703=EDGE_LOOP('',(#2913,#2914,#2915,#2916));
#6704=EDGE_LOOP('',(#2917,#2918,#2919,#2920));
#6705=EDGE_LOOP('',(#2921,#2922,#2923,#2924));
#6706=EDGE_LOOP('',(#2925,#2926,#2927,#2928));
#6707=EDGE_LOOP('',(#2929,#2930,#2931,#2932));
#6708=EDGE_LOOP('',(#2933,#2934,#2935,#2936));
#6709=EDGE_LOOP('',(#2937,#2938,#2939,#2940));
#6710=EDGE_LOOP('',(#2941,#2942,#2943,#2944));
#6711=EDGE_LOOP('',(#2945,#2946,#2947,#2948));
#6712=EDGE_LOOP('',(#2949,#2950,#2951,#2952));
#6713=EDGE_LOOP('',(#2953,#2954,#2955,#2956));
#6714=EDGE_LOOP('',(#2957,#2958,#2959,#2960));
#6715=EDGE_LOOP('',(#2961,#2962,#2963,#2964));
#6716=EDGE_LOOP('',(#2965,#2966,#2967,#2968));
#6717=EDGE_LOOP('',(#2969,#2970,#2971,#2972));
#6718=EDGE_LOOP('',(#2973,#2974,#2975,#2976));
#6719=EDGE_LOOP('',(#2977,#2978,#2979,#2980));
#6720=EDGE_LOOP('',(#2981,#2982,#2983,#2984));
#6721=EDGE_LOOP('',(#2985,#2986,#2987,#2988));
#6722=EDGE_LOOP('',(#2989,#2990,#2991,#2992));
#6723=EDGE_LOOP('',(#2993,#2994,#2995,#2996));
#6724=EDGE_LOOP('',(#2997,#2998,#2999,#3000));
#6725=EDGE_LOOP('',(#3001,#3002,#3003,#3004));
#6726=EDGE_LOOP('',(#3005,#3006,#3007,#3008));
#6727=EDGE_LOOP('',(#3009,#3010,#3011,#3012));
#6728=EDGE_LOOP('',(#3013,#3014,#3015,#3016));
#6729=EDGE_LOOP('',(#3017,#3018,#3019,#3020));
#6730=EDGE_LOOP('',(#3021,#3022,#3023,#3024));
#6731=EDGE_LOOP('',(#3025,#3026,#3027,#3028));
#6732=EDGE_LOOP('',(#3029,#3030,#3031,#3032));
#6733=EDGE_LOOP('',(#3033,#3034,#3035,#3036));
#6734=EDGE_LOOP('',(#3037,#3038,#3039,#3040));
#6735=EDGE_LOOP('',(#3041,#3042,#3043,#3044));
#6736=EDGE_LOOP('',(#3045,#3046,#3047,#3048));
#6737=EDGE_LOOP('',(#3049,#3050,#3051,#3052));
#6738=EDGE_LOOP('',(#3053,#3054,#3055,#3056));
#6739=EDGE_LOOP('',(#3057,#3058,#3059,#3060));
#6740=EDGE_LOOP('',(#3061,#3062,#3063,#3064));
#6741=EDGE_LOOP('',(#3065,#3066,#3067,#3068));
#6742=EDGE_LOOP('',(#3069,#3070,#3071,#3072));
#6743=EDGE_LOOP('',(#3073,#3074,#3075,#3076));
#6744=EDGE_LOOP('',(#3077,#3078,#3079,#3080));
#6745=EDGE_LOOP('',(#3081,#3082,#3083,#3084));
#6746=EDGE_LOOP('',(#3085,#3086,#3087,#3088));
#6747=EDGE_LOOP('',(#3089,#3090,#3091,#3092));
#6748=EDGE_LOOP('',(#3093,#3094,#3095,#3096));
#6749=EDGE_LOOP('',(#3097,#3098,#3099,#3100));
#6750=EDGE_LOOP('',(#3101,#3102,#3103,#3104));
#6751=EDGE_LOOP('',(#3105,#3106,#3107,#3108));
#6752=EDGE_LOOP('',(#3109,#3110,#3111,#3112));
#6753=EDGE_LOOP('',(#3113,#3114,#3115,#3116));
#6754=EDGE_LOOP('',(#3117,#3118,#3119,#3120));
#6755=EDGE_LOOP('',(#3121,#3122,#3123,#3124));
#6756=EDGE_LOOP('',(#3125,#3126,#3127,#3128));
#6757=EDGE_LOOP('',(#3129,#3130,#3131,#3132));
#6758=EDGE_LOOP('',(#3133,#3134,#3135,#3136));
#6759=EDGE_LOOP('',(#3137,#3138,#3139,#3140));
#6760=EDGE_LOOP('',(#3141,#3142,#3143,#3144));
#6761=EDGE_LOOP('',(#3145,#3146,#3147,#3148));
#6762=EDGE_LOOP('',(#3149,#3150,#3151,#3152));
#6763=EDGE_LOOP('',(#3153,#3154,#3155,#3156));
#6764=EDGE_LOOP('',(#3157,#3158,#3159,#3160));
#6765=EDGE_LOOP('',(#3161,#3162,#3163,#3164));
#6766=EDGE_LOOP('',(#3165,#3166,#3167,#3168));
#6767=EDGE_LOOP('',(#3169,#3170,#3171,#3172));
#6768=EDGE_LOOP('',(#3173,#3174,#3175,#3176));
#6769=EDGE_LOOP('',(#3177,#3178,#3179,#3180));
#6770=EDGE_LOOP('',(#3181,#3182,#3183,#3184));
#6771=EDGE_LOOP('',(#3185,#3186,#3187,#3188));
#6772=EDGE_LOOP('',(#3189,#3190,#3191,#3192));
#6773=EDGE_LOOP('',(#3193,#3194,#3195,#3196));
#6774=EDGE_LOOP('',(#3197,#3198,#3199,#3200));
#6775=EDGE_LOOP('',(#3201,#3202,#3203,#3204));
#6776=EDGE_LOOP('',(#3205,#3206,#3207,#3208));
#6777=EDGE_LOOP('',(#3209,#3210,#3211,#3212));
#6778=EDGE_LOOP('',(#3213,#3214,#3215,#3216));
#6779=EDGE_LOOP('',(#3217,#3218,#3219,#3220));
#6780=EDGE_LOOP('',(#3221,#3222,#3223,#3224));
#6781=EDGE_LOOP('',(#3225,#3226,#3227,#3228));
#6782=EDGE_LOOP('',(#3229,#3230,#3231,#3232));
#6783=EDGE_LOOP('',(#3233,#3234,#3235,#3236));
#6784=EDGE_LOOP('',(#3237,#3238,#3239,#3240));
#6785=EDGE_LOOP('',(#3241,#3242,#3243,#3244));
#6786=EDGE_LOOP('',(#3245,#3246,#3247,#3248));
#6787=EDGE_LOOP('',(#3249,#3250,#3251,#3252));
#6788=EDGE_LOOP('',(#3253,#3254,#3255,#3256));
#6789=EDGE_LOOP('',(#3257,#3258,#3259,#3260));
#6790=EDGE_LOOP('',(#3261,#3262,#3263,#3264));
#6791=EDGE_LOOP('',(#3265,#3266,#3267,#3268));
#6792=EDGE_LOOP('',(#3269,#3270,#3271,#3272));
#6793=EDGE_LOOP('',(#3273,#3274,#3275,#3276));
#6794=EDGE_LOOP('',(#3277,#3278,#3279,#3280));
#6795=EDGE_LOOP('',(#3281,#3282,#3283,#3284));
#6796=EDGE_LOOP('',(#3285,#3286,#3287,#3288));
#6797=EDGE_LOOP('',(#3289,#3290,#3291,#3292));
#6798=EDGE_LOOP('',(#3293,#3294,#3295,#3296));
#6799=EDGE_LOOP('',(#3297,#3298,#3299,#3300));
#6800=EDGE_LOOP('',(#3301,#3302,#3303,#3304));
#6801=EDGE_LOOP('',(#3305,#3306,#3307,#3308));
#6802=EDGE_LOOP('',(#3309,#3310,#3311,#3312));
#6803=EDGE_LOOP('',(#3313,#3314,#3315,#3316));
#6804=EDGE_LOOP('',(#3317,#3318,#3319,#3320));
#6805=EDGE_LOOP('',(#3321,#3322,#3323,#3324));
#6806=EDGE_LOOP('',(#3325,#3326,#3327,#3328));
#6807=EDGE_LOOP('',(#3329,#3330,#3331,#3332));
#6808=EDGE_LOOP('',(#3333,#3334,#3335,#3336));
#6809=EDGE_LOOP('',(#3337,#3338,#3339,#3340));
#6810=EDGE_LOOP('',(#3341,#3342,#3343,#3344));
#6811=EDGE_LOOP('',(#3345,#3346,#3347,#3348));
#6812=EDGE_LOOP('',(#3349,#3350,#3351,#3352));
#6813=EDGE_LOOP('',(#3353,#3354,#3355,#3356,#3357,#3358,#3359,#3360,#3361,
#3362,#3363,#3364));
#6814=EDGE_LOOP('',(#3365,#3366,#3367,#3368,#3369,#3370,#3371,#3372,#3373,
#3374,#3375,#3376));
#6815=EDGE_LOOP('',(#3377,#3378,#3379,#3380,#3381,#3382,#3383,#3384,#3385,
#3386,#3387,#3388,#3389,#3390,#3391,#3392,#3393,#3394,#3395,#3396,#3397,
#3398,#3399,#3400,#3401,#3402,#3403,#3404,#3405,#3406,#3407,#3408,#3409));
#6816=EDGE_LOOP('',(#3410,#3411,#3412,#3413,#3414,#3415,#3416,#3417,#3418,
#3419,#3420,#3421,#3422,#3423,#3424,#3425,#3426,#3427,#3428,#3429,#3430,
#3431,#3432,#3433,#3434,#3435,#3436,#3437,#3438,#3439,#3440,#3441,#3442));
#6817=EDGE_LOOP('',(#3443,#3444,#3445,#3446,#3447,#3448,#3449,#3450,#3451,
#3452,#3453,#3454,#3455,#3456,#3457,#3458,#3459,#3460,#3461,#3462,#3463,
#3464,#3465,#3466,#3467,#3468,#3469));
#6818=EDGE_LOOP('',(#3470,#3471,#3472,#3473,#3474,#3475,#3476,#3477,#3478,
#3479));
#6819=EDGE_LOOP('',(#3480,#3481,#3482,#3483,#3484,#3485,#3486,#3487,#3488,
#3489,#3490,#3491,#3492,#3493,#3494,#3495,#3496,#3497,#3498,#3499,#3500,
#3501,#3502,#3503,#3504,#3505,#3506,#3507));
#6820=EDGE_LOOP('',(#3508,#3509,#3510,#3511,#3512,#3513,#3514,#3515));
#6821=EDGE_LOOP('',(#3516,#3517,#3518,#3519,#3520));
#6822=EDGE_LOOP('',(#3521,#3522,#3523,#3524,#3525,#3526,#3527,#3528));
#6823=EDGE_LOOP('',(#3529,#3530,#3531,#3532,#3533,#3534,#3535,#3536));
#6824=EDGE_LOOP('',(#3537,#3538,#3539,#3540));
#6825=EDGE_LOOP('',(#3541,#3542,#3543,#3544));
#6826=EDGE_LOOP('',(#3545,#3546,#3547,#3548));
#6827=EDGE_LOOP('',(#3549,#3550,#3551,#3552));
#6828=EDGE_LOOP('',(#3553,#3554,#3555,#3556));
#6829=EDGE_LOOP('',(#3557,#3558,#3559,#3560));
#6830=EDGE_LOOP('',(#3561,#3562,#3563,#3564));
#6831=EDGE_LOOP('',(#3565,#3566,#3567,#3568));
#6832=EDGE_LOOP('',(#3569,#3570,#3571,#3572));
#6833=EDGE_LOOP('',(#3573,#3574,#3575,#3576));
#6834=EDGE_LOOP('',(#3577,#3578,#3579,#3580));
#6835=EDGE_LOOP('',(#3581,#3582,#3583,#3584));
#6836=EDGE_LOOP('',(#3585,#3586,#3587,#3588));
#6837=EDGE_LOOP('',(#3589,#3590,#3591,#3592));
#6838=EDGE_LOOP('',(#3593,#3594,#3595,#3596));
#6839=EDGE_LOOP('',(#3597,#3598,#3599,#3600));
#6840=EDGE_LOOP('',(#3601,#3602,#3603,#3604));
#6841=EDGE_LOOP('',(#3605,#3606,#3607,#3608));
#6842=EDGE_LOOP('',(#3609,#3610,#3611,#3612));
#6843=EDGE_LOOP('',(#3613,#3614,#3615,#3616));
#6844=EDGE_LOOP('',(#3617,#3618,#3619,#3620));
#6845=EDGE_LOOP('',(#3621,#3622,#3623,#3624));
#6846=EDGE_LOOP('',(#3625,#3626,#3627,#3628));
#6847=EDGE_LOOP('',(#3629,#3630,#3631,#3632));
#6848=EDGE_LOOP('',(#3633,#3634,#3635,#3636));
#6849=EDGE_LOOP('',(#3637,#3638,#3639,#3640));
#6850=EDGE_LOOP('',(#3641,#3642,#3643,#3644));
#6851=EDGE_LOOP('',(#3645,#3646,#3647,#3648,#3649,#3650,#3651,#3652,#3653,
#3654,#3655,#3656));
#6852=EDGE_LOOP('',(#3657,#3658,#3659,#3660,#3661,#3662,#3663,#3664,#3665,
#3666,#3667,#3668,#3669,#3670,#3671,#3672,#3673));
#6853=EDGE_LOOP('',(#3674,#3675,#3676,#3677,#3678,#3679,#3680,#3681,#3682,
#3683));
#6854=EDGE_LOOP('',(#3684,#3685,#3686,#3687,#3688));
#6855=EDGE_LOOP('',(#3689,#3690,#3691,#3692));
#6856=EDGE_LOOP('',(#3693,#3694,#3695,#3696));
#6857=EDGE_LOOP('',(#3697,#3698,#3699,#3700));
#6858=EDGE_LOOP('',(#3701,#3702,#3703,#3704));
#6859=EDGE_LOOP('',(#3705,#3706,#3707,#3708));
#6860=EDGE_LOOP('',(#3709,#3710,#3711,#3712));
#6861=EDGE_LOOP('',(#3713,#3714,#3715,#3716));
#6862=EDGE_LOOP('',(#3717,#3718,#3719,#3720));
#6863=EDGE_LOOP('',(#3721,#3722,#3723,#3724));
#6864=EDGE_LOOP('',(#3725,#3726,#3727,#3728));
#6865=EDGE_LOOP('',(#3729,#3730,#3731,#3732));
#6866=EDGE_LOOP('',(#3733,#3734,#3735,#3736));
#6867=EDGE_LOOP('',(#3737,#3738,#3739,#3740));
#6868=EDGE_LOOP('',(#3741,#3742,#3743,#3744));
#6869=EDGE_LOOP('',(#3745,#3746,#3747,#3748));
#6870=EDGE_LOOP('',(#3749,#3750,#3751,#3752));
#6871=EDGE_LOOP('',(#3753,#3754,#3755,#3756));
#6872=EDGE_LOOP('',(#3757,#3758,#3759,#3760,#3761,#3762,#3763,#3764,#3765,
#3766,#3767,#3768,#3769,#3770,#3771,#3772,#3773));
#6873=EDGE_LOOP('',(#3774,#3775,#3776,#3777,#3778,#3779,#3780,#3781));
#6874=EDGE_LOOP('',(#3782,#3783,#3784,#3785));
#6875=EDGE_LOOP('',(#3786,#3787,#3788,#3789));
#6876=EDGE_LOOP('',(#3790,#3791,#3792,#3793));
#6877=EDGE_LOOP('',(#3794,#3795,#3796,#3797));
#6878=EDGE_LOOP('',(#3798,#3799,#3800,#3801));
#6879=EDGE_LOOP('',(#3802,#3803,#3804,#3805));
#6880=EDGE_LOOP('',(#3806,#3807,#3808,#3809));
#6881=EDGE_LOOP('',(#3810,#3811,#3812,#3813));
#6882=EDGE_LOOP('',(#3814,#3815,#3816,#3817,#3818,#3819,#3820,#3821));
#6883=FACE_BOUND('',#6383,.T.);
#6884=FACE_BOUND('',#6384,.T.);
#6885=FACE_BOUND('',#6385,.T.);
#6886=FACE_BOUND('',#6386,.T.);
#6887=FACE_BOUND('',#6387,.T.);
#6888=FACE_BOUND('',#6388,.T.);
#6889=FACE_BOUND('',#6389,.T.);
#6890=FACE_BOUND('',#6390,.T.);
#6891=FACE_BOUND('',#6391,.T.);
#6892=FACE_BOUND('',#6392,.T.);
#6893=FACE_BOUND('',#6393,.T.);
#6894=FACE_BOUND('',#6394,.T.);
#6895=FACE_BOUND('',#6395,.T.);
#6896=FACE_BOUND('',#6396,.T.);
#6897=FACE_BOUND('',#6397,.T.);
#6898=FACE_BOUND('',#6398,.T.);
#6899=FACE_BOUND('',#6399,.T.);
#6900=FACE_BOUND('',#6400,.T.);
#6901=FACE_BOUND('',#6401,.T.);
#6902=FACE_BOUND('',#6402,.T.);
#6903=FACE_BOUND('',#6403,.T.);
#6904=FACE_BOUND('',#6404,.T.);
#6905=FACE_BOUND('',#6405,.T.);
#6906=FACE_BOUND('',#6406,.T.);
#6907=FACE_BOUND('',#6407,.T.);
#6908=FACE_BOUND('',#6408,.T.);
#6909=FACE_BOUND('',#6409,.T.);
#6910=FACE_BOUND('',#6410,.T.);
#6911=FACE_BOUND('',#6411,.T.);
#6912=FACE_BOUND('',#6412,.T.);
#6913=FACE_BOUND('',#6413,.T.);
#6914=FACE_BOUND('',#6414,.T.);
#6915=FACE_BOUND('',#6415,.T.);
#6916=FACE_BOUND('',#6416,.T.);
#6917=FACE_BOUND('',#6417,.T.);
#6918=FACE_BOUND('',#6418,.T.);
#6919=FACE_BOUND('',#6419,.T.);
#6920=FACE_BOUND('',#6420,.T.);
#6921=FACE_BOUND('',#6421,.T.);
#6922=FACE_BOUND('',#6422,.T.);
#6923=FACE_BOUND('',#6423,.T.);
#6924=FACE_BOUND('',#6424,.T.);
#6925=FACE_BOUND('',#6425,.T.);
#6926=FACE_BOUND('',#6426,.T.);
#6927=FACE_BOUND('',#6427,.T.);
#6928=FACE_BOUND('',#6428,.T.);
#6929=FACE_BOUND('',#6429,.T.);
#6930=FACE_BOUND('',#6430,.T.);
#6931=FACE_BOUND('',#6431,.T.);
#6932=FACE_BOUND('',#6432,.T.);
#6933=FACE_BOUND('',#6433,.T.);
#6934=FACE_BOUND('',#6434,.T.);
#6935=FACE_BOUND('',#6435,.T.);
#6936=FACE_BOUND('',#6436,.T.);
#6937=FACE_BOUND('',#6437,.T.);
#6938=FACE_BOUND('',#6438,.T.);
#6939=FACE_BOUND('',#6439,.T.);
#6940=FACE_BOUND('',#6440,.T.);
#6941=FACE_BOUND('',#6441,.T.);
#6942=FACE_BOUND('',#6442,.T.);
#6943=FACE_BOUND('',#6443,.T.);
#6944=FACE_BOUND('',#6444,.T.);
#6945=FACE_BOUND('',#6445,.T.);
#6946=FACE_BOUND('',#6446,.T.);
#6947=FACE_BOUND('',#6447,.T.);
#6948=FACE_BOUND('',#6448,.T.);
#6949=FACE_BOUND('',#6449,.T.);
#6950=FACE_BOUND('',#6450,.T.);
#6951=FACE_BOUND('',#6451,.T.);
#6952=FACE_BOUND('',#6452,.T.);
#6953=FACE_BOUND('',#6453,.T.);
#6954=FACE_BOUND('',#6454,.T.);
#6955=FACE_BOUND('',#6455,.T.);
#6956=FACE_BOUND('',#6456,.T.);
#6957=FACE_BOUND('',#6457,.T.);
#6958=FACE_BOUND('',#6458,.T.);
#6959=FACE_BOUND('',#6459,.T.);
#6960=FACE_BOUND('',#6460,.T.);
#6961=FACE_BOUND('',#6461,.T.);
#6962=FACE_BOUND('',#6462,.T.);
#6963=FACE_BOUND('',#6463,.T.);
#6964=FACE_BOUND('',#6464,.T.);
#6965=FACE_BOUND('',#6465,.T.);
#6966=FACE_BOUND('',#6466,.T.);
#6967=FACE_BOUND('',#6467,.T.);
#6968=FACE_BOUND('',#6468,.T.);
#6969=FACE_BOUND('',#6469,.T.);
#6970=FACE_BOUND('',#6470,.T.);
#6971=FACE_BOUND('',#6471,.T.);
#6972=FACE_BOUND('',#6472,.T.);
#6973=FACE_BOUND('',#6473,.T.);
#6974=FACE_BOUND('',#6474,.T.);
#6975=FACE_BOUND('',#6475,.T.);
#6976=FACE_BOUND('',#6476,.T.);
#6977=FACE_BOUND('',#6477,.T.);
#6978=FACE_BOUND('',#6478,.T.);
#6979=FACE_BOUND('',#6479,.T.);
#6980=FACE_BOUND('',#6480,.T.);
#6981=FACE_BOUND('',#6481,.T.);
#6982=FACE_BOUND('',#6482,.T.);
#6983=FACE_BOUND('',#6483,.T.);
#6984=FACE_BOUND('',#6484,.T.);
#6985=FACE_BOUND('',#6485,.T.);
#6986=FACE_BOUND('',#6486,.T.);
#6987=FACE_BOUND('',#6487,.T.);
#6988=FACE_BOUND('',#6488,.T.);
#6989=FACE_BOUND('',#6489,.T.);
#6990=FACE_BOUND('',#6490,.T.);
#6991=FACE_BOUND('',#6491,.T.);
#6992=FACE_BOUND('',#6492,.T.);
#6993=FACE_BOUND('',#6493,.T.);
#6994=FACE_BOUND('',#6494,.T.);
#6995=FACE_BOUND('',#6495,.T.);
#6996=FACE_BOUND('',#6496,.T.);
#6997=FACE_BOUND('',#6497,.T.);
#6998=FACE_BOUND('',#6498,.T.);
#6999=FACE_BOUND('',#6499,.T.);
#7000=FACE_BOUND('',#6500,.T.);
#7001=FACE_BOUND('',#6501,.T.);
#7002=FACE_BOUND('',#6502,.T.);
#7003=FACE_BOUND('',#6503,.T.);
#7004=FACE_BOUND('',#6504,.T.);
#7005=FACE_BOUND('',#6505,.T.);
#7006=FACE_BOUND('',#6506,.T.);
#7007=FACE_BOUND('',#6507,.T.);
#7008=FACE_BOUND('',#6508,.T.);
#7009=FACE_BOUND('',#6509,.T.);
#7010=FACE_BOUND('',#6510,.T.);
#7011=FACE_BOUND('',#6511,.T.);
#7012=FACE_BOUND('',#6512,.T.);
#7013=FACE_BOUND('',#6513,.T.);
#7014=FACE_BOUND('',#6514,.T.);
#7015=FACE_BOUND('',#6515,.T.);
#7016=FACE_BOUND('',#6516,.T.);
#7017=FACE_BOUND('',#6517,.T.);
#7018=FACE_BOUND('',#6518,.T.);
#7019=FACE_BOUND('',#6519,.T.);
#7020=FACE_BOUND('',#6520,.T.);
#7021=FACE_BOUND('',#6521,.T.);
#7022=FACE_BOUND('',#6522,.T.);
#7023=FACE_BOUND('',#6523,.T.);
#7024=FACE_BOUND('',#6524,.T.);
#7025=FACE_BOUND('',#6525,.T.);
#7026=FACE_BOUND('',#6526,.T.);
#7027=FACE_BOUND('',#6527,.T.);
#7028=FACE_BOUND('',#6528,.T.);
#7029=FACE_BOUND('',#6529,.T.);
#7030=FACE_BOUND('',#6530,.T.);
#7031=FACE_BOUND('',#6531,.T.);
#7032=FACE_BOUND('',#6532,.T.);
#7033=FACE_BOUND('',#6533,.T.);
#7034=FACE_BOUND('',#6534,.T.);
#7035=FACE_BOUND('',#6535,.T.);
#7036=FACE_BOUND('',#6536,.T.);
#7037=FACE_BOUND('',#6537,.T.);
#7038=FACE_BOUND('',#6538,.T.);
#7039=FACE_BOUND('',#6539,.T.);
#7040=FACE_BOUND('',#6540,.T.);
#7041=FACE_BOUND('',#6541,.T.);
#7042=FACE_BOUND('',#6542,.T.);
#7043=FACE_BOUND('',#6543,.T.);
#7044=FACE_BOUND('',#6544,.T.);
#7045=FACE_BOUND('',#6545,.T.);
#7046=FACE_BOUND('',#6546,.T.);
#7047=FACE_BOUND('',#6547,.T.);
#7048=FACE_BOUND('',#6548,.T.);
#7049=FACE_BOUND('',#6549,.T.);
#7050=FACE_BOUND('',#6550,.T.);
#7051=FACE_BOUND('',#6551,.T.);
#7052=FACE_BOUND('',#6552,.T.);
#7053=FACE_BOUND('',#6553,.T.);
#7054=FACE_BOUND('',#6554,.T.);
#7055=FACE_BOUND('',#6555,.T.);
#7056=FACE_BOUND('',#6556,.T.);
#7057=FACE_BOUND('',#6557,.T.);
#7058=FACE_BOUND('',#6558,.T.);
#7059=FACE_BOUND('',#6559,.T.);
#7060=FACE_BOUND('',#6560,.T.);
#7061=FACE_BOUND('',#6561,.T.);
#7062=FACE_BOUND('',#6562,.T.);
#7063=FACE_BOUND('',#6563,.T.);
#7064=FACE_BOUND('',#6564,.T.);
#7065=FACE_BOUND('',#6565,.T.);
#7066=FACE_BOUND('',#6566,.T.);
#7067=FACE_BOUND('',#6567,.T.);
#7068=FACE_BOUND('',#6568,.T.);
#7069=FACE_BOUND('',#6569,.T.);
#7070=FACE_BOUND('',#6570,.T.);
#7071=FACE_BOUND('',#6571,.T.);
#7072=FACE_BOUND('',#6572,.T.);
#7073=FACE_BOUND('',#6573,.T.);
#7074=FACE_BOUND('',#6574,.T.);
#7075=FACE_BOUND('',#6575,.T.);
#7076=FACE_BOUND('',#6576,.T.);
#7077=FACE_BOUND('',#6577,.T.);
#7078=FACE_BOUND('',#6578,.T.);
#7079=FACE_BOUND('',#6579,.T.);
#7080=FACE_BOUND('',#6580,.T.);
#7081=FACE_BOUND('',#6581,.T.);
#7082=FACE_BOUND('',#6582,.T.);
#7083=FACE_BOUND('',#6583,.T.);
#7084=FACE_BOUND('',#6584,.T.);
#7085=FACE_BOUND('',#6585,.T.);
#7086=FACE_BOUND('',#6586,.T.);
#7087=FACE_BOUND('',#6587,.T.);
#7088=FACE_BOUND('',#6588,.T.);
#7089=FACE_BOUND('',#6589,.T.);
#7090=FACE_BOUND('',#6590,.T.);
#7091=FACE_BOUND('',#6591,.T.);
#7092=FACE_BOUND('',#6592,.T.);
#7093=FACE_BOUND('',#6593,.T.);
#7094=FACE_BOUND('',#6594,.T.);
#7095=FACE_BOUND('',#6595,.T.);
#7096=FACE_BOUND('',#6596,.T.);
#7097=FACE_BOUND('',#6597,.T.);
#7098=FACE_BOUND('',#6598,.T.);
#7099=FACE_BOUND('',#6599,.T.);
#7100=FACE_BOUND('',#6600,.T.);
#7101=FACE_BOUND('',#6601,.T.);
#7102=FACE_BOUND('',#6602,.T.);
#7103=FACE_BOUND('',#6603,.T.);
#7104=FACE_BOUND('',#6604,.T.);
#7105=FACE_BOUND('',#6605,.T.);
#7106=FACE_BOUND('',#6606,.T.);
#7107=FACE_BOUND('',#6607,.T.);
#7108=FACE_BOUND('',#6608,.T.);
#7109=FACE_BOUND('',#6609,.T.);
#7110=FACE_BOUND('',#6610,.T.);
#7111=FACE_BOUND('',#6611,.T.);
#7112=FACE_BOUND('',#6612,.T.);
#7113=FACE_BOUND('',#6613,.T.);
#7114=FACE_BOUND('',#6614,.T.);
#7115=FACE_BOUND('',#6615,.T.);
#7116=FACE_BOUND('',#6616,.T.);
#7117=FACE_BOUND('',#6617,.T.);
#7118=FACE_BOUND('',#6618,.T.);
#7119=FACE_BOUND('',#6619,.T.);
#7120=FACE_BOUND('',#6620,.T.);
#7121=FACE_BOUND('',#6621,.T.);
#7122=FACE_BOUND('',#6622,.T.);
#7123=FACE_BOUND('',#6623,.T.);
#7124=FACE_BOUND('',#6624,.T.);
#7125=FACE_BOUND('',#6625,.T.);
#7126=FACE_BOUND('',#6626,.T.);
#7127=FACE_BOUND('',#6627,.T.);
#7128=FACE_BOUND('',#6628,.T.);
#7129=FACE_BOUND('',#6629,.T.);
#7130=FACE_BOUND('',#6630,.T.);
#7131=FACE_BOUND('',#6631,.T.);
#7132=FACE_BOUND('',#6632,.T.);
#7133=FACE_BOUND('',#6633,.T.);
#7134=FACE_BOUND('',#6634,.T.);
#7135=FACE_BOUND('',#6635,.T.);
#7136=FACE_BOUND('',#6636,.T.);
#7137=FACE_BOUND('',#6637,.T.);
#7138=FACE_BOUND('',#6638,.T.);
#7139=FACE_BOUND('',#6639,.T.);
#7140=FACE_BOUND('',#6640,.T.);
#7141=FACE_BOUND('',#6641,.T.);
#7142=FACE_BOUND('',#6642,.T.);
#7143=FACE_BOUND('',#6643,.T.);
#7144=FACE_BOUND('',#6644,.T.);
#7145=FACE_BOUND('',#6645,.T.);
#7146=FACE_BOUND('',#6646,.T.);
#7147=FACE_BOUND('',#6647,.T.);
#7148=FACE_BOUND('',#6648,.T.);
#7149=FACE_BOUND('',#6649,.T.);
#7150=FACE_BOUND('',#6650,.T.);
#7151=FACE_BOUND('',#6651,.T.);
#7152=FACE_BOUND('',#6652,.T.);
#7153=FACE_BOUND('',#6653,.T.);
#7154=FACE_BOUND('',#6654,.T.);
#7155=FACE_BOUND('',#6655,.T.);
#7156=FACE_BOUND('',#6656,.T.);
#7157=FACE_BOUND('',#6657,.T.);
#7158=FACE_BOUND('',#6658,.T.);
#7159=FACE_BOUND('',#6659,.T.);
#7160=FACE_BOUND('',#6660,.T.);
#7161=FACE_BOUND('',#6661,.T.);
#7162=FACE_BOUND('',#6662,.T.);
#7163=FACE_BOUND('',#6663,.T.);
#7164=FACE_BOUND('',#6664,.T.);
#7165=FACE_BOUND('',#6665,.T.);
#7166=FACE_BOUND('',#6666,.T.);
#7167=FACE_BOUND('',#6667,.T.);
#7168=FACE_BOUND('',#6668,.T.);
#7169=FACE_BOUND('',#6669,.T.);
#7170=FACE_BOUND('',#6670,.T.);
#7171=FACE_BOUND('',#6671,.T.);
#7172=FACE_BOUND('',#6672,.T.);
#7173=FACE_BOUND('',#6673,.T.);
#7174=FACE_BOUND('',#6674,.T.);
#7175=FACE_BOUND('',#6675,.T.);
#7176=FACE_BOUND('',#6676,.T.);
#7177=FACE_BOUND('',#6677,.T.);
#7178=FACE_BOUND('',#6678,.T.);
#7179=FACE_BOUND('',#6679,.T.);
#7180=FACE_BOUND('',#6680,.T.);
#7181=FACE_BOUND('',#6681,.T.);
#7182=FACE_BOUND('',#6682,.T.);
#7183=FACE_BOUND('',#6683,.T.);
#7184=FACE_BOUND('',#6684,.T.);
#7185=FACE_BOUND('',#6685,.T.);
#7186=FACE_BOUND('',#6686,.T.);
#7187=FACE_BOUND('',#6687,.T.);
#7188=FACE_BOUND('',#6688,.T.);
#7189=FACE_BOUND('',#6689,.T.);
#7190=FACE_BOUND('',#6690,.T.);
#7191=FACE_BOUND('',#6691,.T.);
#7192=FACE_BOUND('',#6692,.T.);
#7193=FACE_BOUND('',#6693,.T.);
#7194=FACE_BOUND('',#6694,.T.);
#7195=FACE_BOUND('',#6695,.T.);
#7196=FACE_BOUND('',#6696,.T.);
#7197=FACE_BOUND('',#6697,.T.);
#7198=FACE_BOUND('',#6698,.T.);
#7199=FACE_BOUND('',#6699,.T.);
#7200=FACE_BOUND('',#6700,.T.);
#7201=FACE_BOUND('',#6701,.T.);
#7202=FACE_BOUND('',#6702,.T.);
#7203=FACE_BOUND('',#6703,.T.);
#7204=FACE_BOUND('',#6704,.T.);
#7205=FACE_BOUND('',#6705,.T.);
#7206=FACE_BOUND('',#6706,.T.);
#7207=FACE_BOUND('',#6707,.T.);
#7208=FACE_BOUND('',#6708,.T.);
#7209=FACE_BOUND('',#6709,.T.);
#7210=FACE_BOUND('',#6710,.T.);
#7211=FACE_BOUND('',#6711,.T.);
#7212=FACE_BOUND('',#6712,.T.);
#7213=FACE_BOUND('',#6713,.T.);
#7214=FACE_BOUND('',#6714,.T.);
#7215=FACE_BOUND('',#6715,.T.);
#7216=FACE_BOUND('',#6716,.T.);
#7217=FACE_BOUND('',#6717,.T.);
#7218=FACE_BOUND('',#6718,.T.);
#7219=FACE_BOUND('',#6719,.T.);
#7220=FACE_BOUND('',#6720,.T.);
#7221=FACE_BOUND('',#6721,.T.);
#7222=FACE_BOUND('',#6722,.T.);
#7223=FACE_BOUND('',#6723,.T.);
#7224=FACE_BOUND('',#6724,.T.);
#7225=FACE_BOUND('',#6725,.T.);
#7226=FACE_BOUND('',#6726,.T.);
#7227=FACE_BOUND('',#6727,.T.);
#7228=FACE_BOUND('',#6728,.T.);
#7229=FACE_BOUND('',#6729,.T.);
#7230=FACE_BOUND('',#6730,.T.);
#7231=FACE_BOUND('',#6731,.T.);
#7232=FACE_BOUND('',#6732,.T.);
#7233=FACE_BOUND('',#6733,.T.);
#7234=FACE_BOUND('',#6734,.T.);
#7235=FACE_BOUND('',#6735,.T.);
#7236=FACE_BOUND('',#6736,.T.);
#7237=FACE_BOUND('',#6737,.T.);
#7238=FACE_BOUND('',#6738,.T.);
#7239=FACE_BOUND('',#6739,.T.);
#7240=FACE_BOUND('',#6740,.T.);
#7241=FACE_BOUND('',#6741,.T.);
#7242=FACE_BOUND('',#6742,.T.);
#7243=FACE_BOUND('',#6743,.T.);
#7244=FACE_BOUND('',#6744,.T.);
#7245=FACE_BOUND('',#6745,.T.);
#7246=FACE_BOUND('',#6746,.T.);
#7247=FACE_BOUND('',#6747,.T.);
#7248=FACE_BOUND('',#6748,.T.);
#7249=FACE_BOUND('',#6749,.T.);
#7250=FACE_BOUND('',#6750,.T.);
#7251=FACE_BOUND('',#6751,.T.);
#7252=FACE_BOUND('',#6752,.T.);
#7253=FACE_BOUND('',#6753,.T.);
#7254=FACE_BOUND('',#6754,.T.);
#7255=FACE_BOUND('',#6755,.T.);
#7256=FACE_BOUND('',#6756,.T.);
#7257=FACE_BOUND('',#6757,.T.);
#7258=FACE_BOUND('',#6758,.T.);
#7259=FACE_BOUND('',#6759,.T.);
#7260=FACE_BOUND('',#6760,.T.);
#7261=FACE_BOUND('',#6761,.T.);
#7262=FACE_BOUND('',#6762,.T.);
#7263=FACE_BOUND('',#6763,.T.);
#7264=FACE_BOUND('',#6764,.T.);
#7265=FACE_BOUND('',#6765,.T.);
#7266=FACE_BOUND('',#6766,.T.);
#7267=FACE_BOUND('',#6767,.T.);
#7268=FACE_BOUND('',#6768,.T.);
#7269=FACE_BOUND('',#6769,.T.);
#7270=FACE_BOUND('',#6770,.T.);
#7271=FACE_BOUND('',#6771,.T.);
#7272=FACE_BOUND('',#6772,.T.);
#7273=FACE_BOUND('',#6773,.T.);
#7274=FACE_BOUND('',#6774,.T.);
#7275=FACE_BOUND('',#6775,.T.);
#7276=FACE_BOUND('',#6776,.T.);
#7277=FACE_BOUND('',#6777,.T.);
#7278=FACE_BOUND('',#6778,.T.);
#7279=FACE_BOUND('',#6779,.T.);
#7280=FACE_BOUND('',#6780,.T.);
#7281=FACE_BOUND('',#6781,.T.);
#7282=FACE_BOUND('',#6782,.T.);
#7283=FACE_BOUND('',#6783,.T.);
#7284=FACE_BOUND('',#6784,.T.);
#7285=FACE_BOUND('',#6785,.T.);
#7286=FACE_BOUND('',#6786,.T.);
#7287=FACE_BOUND('',#6787,.T.);
#7288=FACE_BOUND('',#6788,.T.);
#7289=FACE_BOUND('',#6789,.T.);
#7290=FACE_BOUND('',#6790,.T.);
#7291=FACE_BOUND('',#6791,.T.);
#7292=FACE_BOUND('',#6792,.T.);
#7293=FACE_BOUND('',#6793,.T.);
#7294=FACE_BOUND('',#6794,.T.);
#7295=FACE_BOUND('',#6795,.T.);
#7296=FACE_BOUND('',#6796,.T.);
#7297=FACE_BOUND('',#6797,.T.);
#7298=FACE_BOUND('',#6798,.T.);
#7299=FACE_BOUND('',#6799,.T.);
#7300=FACE_BOUND('',#6800,.T.);
#7301=FACE_BOUND('',#6801,.T.);
#7302=FACE_BOUND('',#6802,.T.);
#7303=FACE_BOUND('',#6803,.T.);
#7304=FACE_BOUND('',#6804,.T.);
#7305=FACE_BOUND('',#6805,.T.);
#7306=FACE_BOUND('',#6806,.T.);
#7307=FACE_BOUND('',#6807,.T.);
#7308=FACE_BOUND('',#6808,.T.);
#7309=FACE_BOUND('',#6809,.T.);
#7310=FACE_BOUND('',#6810,.T.);
#7311=FACE_BOUND('',#6811,.T.);
#7312=FACE_BOUND('',#6812,.T.);
#7313=FACE_BOUND('',#6813,.T.);
#7314=FACE_BOUND('',#6814,.T.);
#7315=FACE_BOUND('',#6815,.T.);
#7316=FACE_BOUND('',#6816,.T.);
#7317=FACE_BOUND('',#6817,.T.);
#7318=FACE_BOUND('',#6818,.T.);
#7319=FACE_BOUND('',#6819,.T.);
#7320=FACE_BOUND('',#6820,.T.);
#7321=FACE_BOUND('',#6821,.T.);
#7322=FACE_BOUND('',#6822,.T.);
#7323=FACE_BOUND('',#6823,.T.);
#7324=FACE_BOUND('',#6824,.T.);
#7325=FACE_BOUND('',#6825,.T.);
#7326=FACE_BOUND('',#6826,.T.);
#7327=FACE_BOUND('',#6827,.T.);
#7328=FACE_BOUND('',#6828,.T.);
#7329=FACE_BOUND('',#6829,.T.);
#7330=FACE_BOUND('',#6830,.T.);
#7331=FACE_BOUND('',#6831,.T.);
#7332=FACE_BOUND('',#6832,.T.);
#7333=FACE_BOUND('',#6833,.T.);
#7334=FACE_BOUND('',#6834,.T.);
#7335=FACE_BOUND('',#6835,.T.);
#7336=FACE_BOUND('',#6836,.T.);
#7337=FACE_BOUND('',#6837,.T.);
#7338=FACE_BOUND('',#6838,.T.);
#7339=FACE_BOUND('',#6839,.T.);
#7340=FACE_BOUND('',#6840,.T.);
#7341=FACE_BOUND('',#6841,.T.);
#7342=FACE_BOUND('',#6842,.T.);
#7343=FACE_BOUND('',#6843,.T.);
#7344=FACE_BOUND('',#6844,.T.);
#7345=FACE_BOUND('',#6845,.T.);
#7346=FACE_BOUND('',#6846,.T.);
#7347=FACE_BOUND('',#6847,.T.);
#7348=FACE_BOUND('',#6848,.T.);
#7349=FACE_BOUND('',#6849,.T.);
#7350=FACE_BOUND('',#6850,.T.);
#7351=FACE_BOUND('',#6851,.T.);
#7352=FACE_BOUND('',#6852,.T.);
#7353=FACE_BOUND('',#6853,.T.);
#7354=FACE_BOUND('',#6854,.T.);
#7355=FACE_BOUND('',#6855,.T.);
#7356=FACE_BOUND('',#6856,.T.);
#7357=FACE_BOUND('',#6857,.T.);
#7358=FACE_BOUND('',#6858,.T.);
#7359=FACE_BOUND('',#6859,.T.);
#7360=FACE_BOUND('',#6860,.T.);
#7361=FACE_BOUND('',#6861,.T.);
#7362=FACE_BOUND('',#6862,.T.);
#7363=FACE_BOUND('',#6863,.T.);
#7364=FACE_BOUND('',#6864,.T.);
#7365=FACE_BOUND('',#6865,.T.);
#7366=FACE_BOUND('',#6866,.T.);
#7367=FACE_BOUND('',#6867,.T.);
#7368=FACE_BOUND('',#6868,.T.);
#7369=FACE_BOUND('',#6869,.T.);
#7370=FACE_BOUND('',#6870,.T.);
#7371=FACE_BOUND('',#6871,.T.);
#7372=FACE_BOUND('',#6872,.T.);
#7373=FACE_BOUND('',#6873,.T.);
#7374=FACE_BOUND('',#6874,.T.);
#7375=FACE_BOUND('',#6875,.T.);
#7376=FACE_BOUND('',#6876,.T.);
#7377=FACE_BOUND('',#6877,.T.);
#7378=FACE_BOUND('',#6878,.T.);
#7379=FACE_BOUND('',#6879,.T.);
#7380=FACE_BOUND('',#6880,.T.);
#7381=FACE_BOUND('',#6881,.T.);
#7382=FACE_BOUND('',#6882,.T.);
#7383=CYLINDRICAL_SURFACE('',#8129,0.00045);
#7384=CYLINDRICAL_SURFACE('',#8137,0.00075);
#7385=CYLINDRICAL_SURFACE('',#8145,0.001);
#7386=CYLINDRICAL_SURFACE('',#8149,0.001);
#7387=CYLINDRICAL_SURFACE('',#8153,0.00125);
#7388=CYLINDRICAL_SURFACE('',#8157,0.001027852);
#7389=CYLINDRICAL_SURFACE('',#8161,0.00125);
#7390=CYLINDRICAL_SURFACE('',#8165,0.000982387);
#7391=CYLINDRICAL_SURFACE('',#8220,0.0004);
#7392=CYLINDRICAL_SURFACE('',#8222,0.0004);
#7393=CYLINDRICAL_SURFACE('',#8226,0.0004);
#7394=CYLINDRICAL_SURFACE('',#8228,0.0004);
#7395=CYLINDRICAL_SURFACE('',#8237,0.000404798);
#7396=CYLINDRICAL_SURFACE('',#8240,0.000233537);
#7397=CYLINDRICAL_SURFACE('',#8243,0.000241322);
#7398=CYLINDRICAL_SURFACE('',#8246,0.000358091);
#7399=CYLINDRICAL_SURFACE('',#8249,0.000358091);
#7400=CYLINDRICAL_SURFACE('',#8252,0.000241322);
#7401=CYLINDRICAL_SURFACE('',#8255,0.000233537);
#7402=CYLINDRICAL_SURFACE('',#8258,0.000404798);
#7403=CYLINDRICAL_SURFACE('',#8261,0.0008);
#7404=CYLINDRICAL_SURFACE('',#8262,0.0008);
#7405=CYLINDRICAL_SURFACE('',#8271,0.0004);
#7406=CYLINDRICAL_SURFACE('',#8274,0.00034258);
#7407=CYLINDRICAL_SURFACE('',#8284,0.000597233293671);
#7408=CYLINDRICAL_SURFACE('',#8293,0.000597233293671);
#7409=CYLINDRICAL_SURFACE('',#8294,0.000597233293671);
#7410=CYLINDRICAL_SURFACE('',#8295,0.000597233293671);
#7411=CYLINDRICAL_SURFACE('',#8299,0.00125);
#7412=CYLINDRICAL_SURFACE('',#8301,0.00125);
#7413=CYLINDRICAL_SURFACE('',#8360,0.000722888411063);
#7414=CYLINDRICAL_SURFACE('',#8363,0.000722888411063);
#7415=CYLINDRICAL_SURFACE('',#8365,0.000722888411063);
#7416=CYLINDRICAL_SURFACE('',#8368,0.000722888411063);
#7417=CYLINDRICAL_SURFACE('',#8373,0.00043785);
#7418=CYLINDRICAL_SURFACE('',#8375,0.000482133);
#7419=CYLINDRICAL_SURFACE('',#8381,0.00152951808552137);
#7420=CYLINDRICAL_SURFACE('',#8383,0.00130767510868671);
#7421=CYLINDRICAL_SURFACE('',#8391,0.00173030628542442);
#7422=CYLINDRICAL_SURFACE('',#8393,0.00186488387817656);
#7423=CYLINDRICAL_SURFACE('',#8406,0.000277737917758392);
#7424=CYLINDRICAL_SURFACE('',#8408,0.00017694431763066);
#7425=CYLINDRICAL_SURFACE('',#8410,0.000197388471275319);
#7426=CYLINDRICAL_SURFACE('',#8412,0.000202308412752485);
#7427=CYLINDRICAL_SURFACE('',#8414,0.000188198672392022);
#7428=CYLINDRICAL_SURFACE('',#8416,0.000190234992270733);
#7429=CYLINDRICAL_SURFACE('',#8418,0.000359170857997296);
#7430=CYLINDRICAL_SURFACE('',#8421,0.000192415077327813);
#7431=CYLINDRICAL_SURFACE('',#8423,0.000252874089328672);
#7432=CYLINDRICAL_SURFACE('',#8425,0.000139022403234564);
#7433=CYLINDRICAL_SURFACE('',#8427,0.000148043424008171);
#7434=CYLINDRICAL_SURFACE('',#8429,0.00016239910018347);
#7435=CYLINDRICAL_SURFACE('',#8431,0.000166966182648296);
#7436=CYLINDRICAL_SURFACE('',#8433,0.000227614756303528);
#7437=CYLINDRICAL_SURFACE('',#8436,0.000317910586501733);
#7438=CYLINDRICAL_SURFACE('',#8438,0.000294424693265015);
#7439=CYLINDRICAL_SURFACE('',#8440,0.000325934337390373);
#7440=CYLINDRICAL_SURFACE('',#8442,0.000253788823945105);
#7441=CYLINDRICAL_SURFACE('',#8444,0.000246238891241789);
#7442=CYLINDRICAL_SURFACE('',#8446,0.000211142548871583);
#7443=CYLINDRICAL_SURFACE('',#8448,0.000237767548515049);
#7444=CYLINDRICAL_SURFACE('',#8450,0.000231423783853025);
#7445=CYLINDRICAL_SURFACE('',#8452,0.00026014377153699);
#7446=CYLINDRICAL_SURFACE('',#8454,0.000295402247004609);
#7447=CYLINDRICAL_SURFACE('',#8456,0.000334441017095168);
#7448=CYLINDRICAL_SURFACE('',#8458,0.000312557718197352);
#7449=CYLINDRICAL_SURFACE('',#8460,0.000305092256881469);
#7450=CYLINDRICAL_SURFACE('',#8464,0.000947115199964091);
#7451=CYLINDRICAL_SURFACE('',#8466,0.000302466610722994);
#7452=CYLINDRICAL_SURFACE('',#8468,0.000244461842156374);
#7453=CYLINDRICAL_SURFACE('',#8470,0.000305324175370975);
#7454=CYLINDRICAL_SURFACE('',#8472,0.000306083845520675);
#7455=CYLINDRICAL_SURFACE('',#8474,0.000404258531189822);
#7456=CYLINDRICAL_SURFACE('',#8482,0.00341439727271626);
#7457=CYLINDRICAL_SURFACE('',#8483,0.0123913490795766);
#7458=CYLINDRICAL_SURFACE('',#8488,0.00269291858372256);
#7459=CYLINDRICAL_SURFACE('',#8490,0.00494400685596823);
#7460=CYLINDRICAL_SURFACE('',#8497,0.00386889697551982);
#7461=CYLINDRICAL_SURFACE('',#8499,0.0024668482369346);
#7462=CYLINDRICAL_SURFACE('',#8506,0.00781769020877552);
#7463=CYLINDRICAL_SURFACE('',#8508,0.00721040308899785);
#7464=CYLINDRICAL_SURFACE('',#8520,0.00035745536097272);
#7465=CYLINDRICAL_SURFACE('',#8522,0.000276803721318874);
#7466=CYLINDRICAL_SURFACE('',#8524,0.000294818943022391);
#7467=CYLINDRICAL_SURFACE('',#8526,0.0002698189840511);
#7468=CYLINDRICAL_SURFACE('',#8528,0.000505194933775902);
#7469=CYLINDRICAL_SURFACE('',#8530,0.0010196568999817);
#7470=CYLINDRICAL_SURFACE('',#8532,0.000941329502987492);
#7471=CYLINDRICAL_SURFACE('',#8534,0.000357317607896704);
#7472=CYLINDRICAL_SURFACE('',#8536,0.000276736750961012);
#7473=CYLINDRICAL_SURFACE('',#8538,0.000272995198856912);
#7474=CYLINDRICAL_SURFACE('',#8540,0.000686788045718321);
#7475=CYLINDRICAL_SURFACE('',#8542,0.000939607788823924);
#7476=CYLINDRICAL_SURFACE('',#8685,0.000631731722494131);
#7477=CYLINDRICAL_SURFACE('',#8687,0.000631731722498129);
#7478=CYLINDRICAL_SURFACE('',#8689,0.000568899324694225);
#7479=CYLINDRICAL_SURFACE('',#8691,0.000626212040425838);
#7480=CYLINDRICAL_SURFACE('',#8693,0.000623573866391876);
#7481=CYLINDRICAL_SURFACE('',#8695,0.000575775313798987);
#7482=CYLINDRICAL_SURFACE('',#8697,0.00062371983397864);
#7483=CYLINDRICAL_SURFACE('',#8699,0.000623415120072624);
#7484=CYLINDRICAL_SURFACE('',#8701,0.000572767357768951);
#7485=CYLINDRICAL_SURFACE('',#8703,0.000625836032589578);
#7486=CYLINDRICAL_SURFACE('',#8705,0.000628444456159323);
#7487=CYLINDRICAL_SURFACE('',#8707,0.000566080804867195);
#7488=CYLINDRICAL_SURFACE('',#8710,0.000325605380501161);
#7489=CYLINDRICAL_SURFACE('',#8712,0.000417346222220657);
#7490=CYLINDRICAL_SURFACE('',#8714,0.00045376513577446);
#7491=CYLINDRICAL_SURFACE('',#8716,0.000277282711694477);
#7492=CYLINDRICAL_SURFACE('',#8718,0.00024438297769903);
#7493=CYLINDRICAL_SURFACE('',#8720,0.000214258751969734);
#7494=CYLINDRICAL_SURFACE('',#8722,0.000220433611128867);
#7495=CYLINDRICAL_SURFACE('',#8724,0.00195764894791313);
#7496=CYLINDRICAL_SURFACE('',#8726,0.00294771178516844);
#7497=CYLINDRICAL_SURFACE('',#8728,0.000131068991875866);
#7498=CYLINDRICAL_SURFACE('',#8730,7.95406214061677E-5);
#7499=CYLINDRICAL_SURFACE('',#8732,9.62060898862471E-5);
#7500=CYLINDRICAL_SURFACE('',#8734,0.000253442340904816);
#7501=CYLINDRICAL_SURFACE('',#8736,0.000210525557855025);
#7502=CYLINDRICAL_SURFACE('',#8738,0.000156977777083857);
#7503=CYLINDRICAL_SURFACE('',#8741,0.000318443671947393);
#7504=CYLINDRICAL_SURFACE('',#8743,0.000245919578432461);
#7505=CYLINDRICAL_SURFACE('',#8745,0.000501221683107198);
#7506=CYLINDRICAL_SURFACE('',#8747,0.000446368473566599);
#7507=CYLINDRICAL_SURFACE('',#8749,0.000308320650473253);
#7508=CYLINDRICAL_SURFACE('',#8751,0.000238052582206209);
#7509=CYLINDRICAL_SURFACE('',#8753,0.000222924974511101);
#7510=CYLINDRICAL_SURFACE('',#8755,0.000218038202847982);
#7511=CYLINDRICAL_SURFACE('',#8757,0.000217782732230032);
#7512=CYLINDRICAL_SURFACE('',#8759,0.00148895674571822);
#7513=CYLINDRICAL_SURFACE('',#8761,0.000741424996267907);
#7514=CYLINDRICAL_SURFACE('',#8763,8.68937306111985E-5);
#7515=CYLINDRICAL_SURFACE('',#8765,0.000120314249032508);
#7516=CYLINDRICAL_SURFACE('',#8767,0.000238980374410266);
#7517=CYLINDRICAL_SURFACE('',#8769,0.000244365947583069);
#7518=CYLINDRICAL_SURFACE('',#8771,0.000198497047035768);
#7519=CYLINDRICAL_SURFACE('',#8774,0.000325605380514828);
#7520=CYLINDRICAL_SURFACE('',#8776,0.000417346222222783);
#7521=CYLINDRICAL_SURFACE('',#8778,0.000453765132572308);
#7522=CYLINDRICAL_SURFACE('',#8780,0.00027728271168753);
#7523=CYLINDRICAL_SURFACE('',#8782,0.000244382977695055);
#7524=CYLINDRICAL_SURFACE('',#8784,0.000214258751966737);
#7525=CYLINDRICAL_SURFACE('',#8786,0.000220433611128085);
#7526=CYLINDRICAL_SURFACE('',#8788,0.00195764894844684);
#7527=CYLINDRICAL_SURFACE('',#8790,0.00294771178516897);
#7528=CYLINDRICAL_SURFACE('',#8792,0.000131068991883538);
#7529=CYLINDRICAL_SURFACE('',#8794,7.95406214089226E-5);
#7530=CYLINDRICAL_SURFACE('',#8796,9.6206089883473E-5);
#7531=CYLINDRICAL_SURFACE('',#8798,0.000253442340902214);
#7532=CYLINDRICAL_SURFACE('',#8800,0.000210525557999059);
#7533=CYLINDRICAL_SURFACE('',#8802,0.000156977777080079);
#7534=CYLINDRICAL_SURFACE('',#8805,0.0003184436719561);
#7535=CYLINDRICAL_SURFACE('',#8807,0.000245919578439087);
#7536=CYLINDRICAL_SURFACE('',#8809,0.000501221683107199);
#7537=CYLINDRICAL_SURFACE('',#8811,0.000446368473185619);
#7538=CYLINDRICAL_SURFACE('',#8813,0.00030832065045907);
#7539=CYLINDRICAL_SURFACE('',#8815,0.000238052582215898);
#7540=CYLINDRICAL_SURFACE('',#8817,0.000222924974511101);
#7541=CYLINDRICAL_SURFACE('',#8819,0.00021803820284798);
#7542=CYLINDRICAL_SURFACE('',#8821,0.000217782732236516);
#7543=CYLINDRICAL_SURFACE('',#8823,0.001488956746618);
#7544=CYLINDRICAL_SURFACE('',#8825,0.000741425002642707);
#7545=CYLINDRICAL_SURFACE('',#8827,8.68937305930743E-5);
#7546=CYLINDRICAL_SURFACE('',#8829,0.000120314249031764);
#7547=CYLINDRICAL_SURFACE('',#8831,0.000238980375033236);
#7548=CYLINDRICAL_SURFACE('',#8833,0.000244365947460175);
#7549=CYLINDRICAL_SURFACE('',#8835,0.000198497047031946);
#7550=CYLINDRICAL_SURFACE('',#8837,0.000552864235184533);
#7551=CYLINDRICAL_SURFACE('',#8839,0.000321737195942713);
#7552=CYLINDRICAL_SURFACE('',#8842,0.000326723669423428);
#7553=CYLINDRICAL_SURFACE('',#8844,0.00242264446307123);
#7554=CYLINDRICAL_SURFACE('',#8847,0.000898911837031107);
#7555=CYLINDRICAL_SURFACE('',#8849,0.000231494772925259);
#7556=CYLINDRICAL_SURFACE('',#8851,0.000241612069461455);
#7557=CYLINDRICAL_SURFACE('',#8853,0.000531724788855664);
#7558=CYLINDRICAL_SURFACE('',#8855,0.000577358078947912);
#7559=CYLINDRICAL_SURFACE('',#8857,0.000284165096944259);
#7560=CYLINDRICAL_SURFACE('',#8859,0.000364128496899484);
#7561=CYLINDRICAL_SURFACE('',#8862,0.000229670867907713);
#7562=CYLINDRICAL_SURFACE('',#8864,0.000266354039046599);
#7563=CYLINDRICAL_SURFACE('',#8866,0.000253014360614851);
#7564=CYLINDRICAL_SURFACE('',#8868,0.000162821313732873);
#7565=CYLINDRICAL_SURFACE('',#8870,0.00219841745945429);
#7566=CYLINDRICAL_SURFACE('',#8872,0.00142750067061083);
#7567=CYLINDRICAL_SURFACE('',#8874,0.00109703654727399);
#7568=CYLINDRICAL_SURFACE('',#8876,0.000358583755599863);
#7569=CYLINDRICAL_SURFACE('',#8878,0.000239854168075587);
#7570=CYLINDRICAL_SURFACE('',#8880,0.000236098050111873);
#7571=CYLINDRICAL_SURFACE('',#8882,0.000229113772039987);
#7572=CYLINDRICAL_SURFACE('',#8884,0.000319769231959992);
#7573=CYLINDRICAL_SURFACE('',#8886,0.000456910759432166);
#7574=CYLINDRICAL_SURFACE('',#8891,0.000555726616726925);
#7575=CYLINDRICAL_SURFACE('',#8893,0.000185098311972717);
#7576=CYLINDRICAL_SURFACE('',#8895,0.000213725998991712);
#7577=CYLINDRICAL_SURFACE('',#8897,0.000137388507178003);
#7578=CYLINDRICAL_SURFACE('',#8899,0.000254071145076969);
#7579=CYLINDRICAL_SURFACE('',#8904,0.000273745236546699);
#7580=CYLINDRICAL_SURFACE('',#8906,0.000205087966854606);
#7581=CYLINDRICAL_SURFACE('',#8908,0.000162183408063503);
#7582=CYLINDRICAL_SURFACE('',#8910,0.000122607160153844);
#7583=CYLINDRICAL_SURFACE('',#8912,0.000425754927722426);
#7584=CYLINDRICAL_SURFACE('',#8917,0.000310081982544767);
#7585=CYLINDRICAL_SURFACE('',#8919,0.000266169007703778);
#7586=CYLINDRICAL_SURFACE('',#8921,0.000311254534100158);
#7587=CYLINDRICAL_SURFACE('',#8923,0.000212495557669794);
#7588=CYLINDRICAL_SURFACE('',#8925,0.000289148603355439);
#7589=CYLINDRICAL_SURFACE('',#8927,0.000307441086450316);
#7590=CYLINDRICAL_SURFACE('',#8929,0.000308246180208063);
#7591=CYLINDRICAL_SURFACE('',#8944,0.000611655698894872);
#7592=CYLINDRICAL_SURFACE('',#8946,0.000147817596912361);
#7593=CYLINDRICAL_SURFACE('',#8948,0.00018421453501419);
#7594=CYLINDRICAL_SURFACE('',#8950,0.000173304591702351);
#7595=CYLINDRICAL_SURFACE('',#8952,0.00028196538908576);
#7596=CYLINDRICAL_SURFACE('',#8954,0.000684732060791726);
#7597=CYLINDRICAL_SURFACE('',#8956,0.00067966806507961);
#7598=CYLINDRICAL_SURFACE('',#8958,0.000156462771897904);
#7599=CYLINDRICAL_SURFACE('',#8960,0.000170556766617979);
#7600=CYLINDRICAL_SURFACE('',#8962,0.000684614263979861);
#7601=CYLINDRICAL_SURFACE('',#8964,0.000683881524518521);
#7602=CYLINDRICAL_SURFACE('',#8966,0.0001693666130003);
#7603=CYLINDRICAL_SURFACE('',#8968,0.000169602104620349);
#7604=CYLINDRICAL_SURFACE('',#9001,0.000524652226784398);
#7605=CYLINDRICAL_SURFACE('',#9003,0.000525412130985197);
#7606=CYLINDRICAL_SURFACE('',#9005,0.000474142049068893);
#7607=CYLINDRICAL_SURFACE('',#9007,0.000523021321371247);
#7608=CYLINDRICAL_SURFACE('',#9009,0.000519728592045346);
#7609=CYLINDRICAL_SURFACE('',#9011,0.000481275021302447);
#7610=CYLINDRICAL_SURFACE('',#9013,0.000518164992844347);
#7611=CYLINDRICAL_SURFACE('',#9015,0.000518164992842574);
#7612=CYLINDRICAL_SURFACE('',#9017,0.000484227491440666);
#7613=CYLINDRICAL_SURFACE('',#9019,0.000517478995289876);
#7614=CYLINDRICAL_SURFACE('',#9021,0.000520808428187589);
#7615=CYLINDRICAL_SURFACE('',#9023,0.000477714318164888);
#7616=CYLINDRICAL_SURFACE('',#9025,0.00111656678810771);
#7617=CYLINDRICAL_SURFACE('',#9028,0.000367990957463247);
#7618=CYLINDRICAL_SURFACE('',#9030,0.000228964263182057);
#7619=CYLINDRICAL_SURFACE('',#9032,0.000303802905062819);
#7620=CYLINDRICAL_SURFACE('',#9034,0.000195028210537158);
#7621=CYLINDRICAL_SURFACE('',#9036,0.000124682537898896);
#7622=CYLINDRICAL_SURFACE('',#9038,0.000124913368839571);
#7623=CYLINDRICAL_SURFACE('',#9040,0.000127632497169545);
#7624=CYLINDRICAL_SURFACE('',#9042,0.000592320917416908);
#7625=CYLINDRICAL_SURFACE('',#9046,0.00153766489068022);
#7626=CYLINDRICAL_SURFACE('',#9048,0.00338018954009695);
#7627=CYLINDRICAL_SURFACE('',#9067,0.000140613117687542);
#7628=CYLINDRICAL_SURFACE('',#9069,0.000590476075498887);
#7629=CYLINDRICAL_SURFACE('',#9074,0.000793440081608798);
#7630=CYLINDRICAL_SURFACE('',#9076,0.000183580364672321);
#7631=CYLINDRICAL_SURFACE('',#9078,0.000204491653530154);
#7632=CYLINDRICAL_SURFACE('',#9080,0.000178493166235631);
#7633=CYLINDRICAL_SURFACE('',#9082,0.000172221665126953);
#7634=CYLINDRICAL_SURFACE('',#9084,0.000163847466543831);
#7635=CYLINDRICAL_SURFACE('',#9086,0.000586557871483367);
#7636=CYLINDRICAL_SURFACE('',#9098,0.000361570727961917);
#7637=CYLINDRICAL_SURFACE('',#9100,9.75632749201896E-5);
#7638=CYLINDRICAL_SURFACE('',#9102,9.14427756890144E-5);
#7639=CYLINDRICAL_SURFACE('',#9104,9.18489678860674E-5);
#7640=CYLINDRICAL_SURFACE('',#9106,0.000220652335255735);
#7641=ADVANCED_FACE('',(#6883,#6884),#7383,.T.);
#7642=ADVANCED_FACE('',(#6885,#6886),#1382,.T.);
#7643=ADVANCED_FACE('',(#6887),#1202,.T.);
#7644=ADVANCED_FACE('',(#6888),#1203,.F.);
#7645=ADVANCED_FACE('',(#6889,#6890),#7384,.T.);
#7646=ADVANCED_FACE('',(#6891,#6892),#1383,.T.);
#7647=ADVANCED_FACE('',(#6893,#6894),#1204,.T.);
#7648=ADVANCED_FACE('',(#6895),#1205,.F.);
#7649=ADVANCED_FACE('',(#6896,#6897),#7385,.T.);
#7650=ADVANCED_FACE('',(#6898,#6899),#1175,.T.);
#7651=ADVANCED_FACE('',(#6900,#6901),#7386,.T.);
#7652=ADVANCED_FACE('',(#6902,#6903),#1206,.F.);
#7653=ADVANCED_FACE('',(#6904,#6905),#7387,.T.);
#7654=ADVANCED_FACE('',(#6906,#6907),#1207,.T.);
#7655=ADVANCED_FACE('',(#6908,#6909),#7388,.T.);
#7656=ADVANCED_FACE('',(#6910,#6911),#1208,.F.);
#7657=ADVANCED_FACE('',(#6912,#6913),#7389,.T.);
#7658=ADVANCED_FACE('',(#6914,#6915),#1209,.T.);
#7659=ADVANCED_FACE('',(#6916,#6917),#7390,.T.);
#7660=ADVANCED_FACE('',(#6918),#1210,.T.);
#7661=ADVANCED_FACE('',(#6919),#1384,.T.);
#7662=ADVANCED_FACE('',(#6920),#1385,.T.);
#7663=ADVANCED_FACE('',(#6921),#1386,.T.);
#7664=ADVANCED_FACE('',(#6922),#1387,.T.);
#7665=ADVANCED_FACE('',(#6923),#1211,.T.);
#7666=ADVANCED_FACE('',(#6924),#1212,.T.);
#7667=ADVANCED_FACE('',(#6925),#1213,.T.);
#7668=ADVANCED_FACE('',(#6926),#1214,.T.);
#7669=ADVANCED_FACE('',(#6927),#1215,.T.);
#7670=ADVANCED_FACE('',(#6928),#1216,.T.);
#7671=ADVANCED_FACE('',(#6929),#1217,.T.);
#7672=ADVANCED_FACE('',(#6930),#1218,.T.);
#7673=ADVANCED_FACE('',(#6931),#10,.T.);
#7674=ADVANCED_FACE('',(#6932),#11,.T.);
#7675=ADVANCED_FACE('',(#6933),#12,.T.);
#7676=ADVANCED_FACE('',(#6934),#13,.T.);
#7677=ADVANCED_FACE('',(#6935,#6936),#1219,.T.);
#7678=ADVANCED_FACE('',(#6937,#6938),#1220,.F.);
#7679=ADVANCED_FACE('',(#6939),#1221,.T.);
#7680=ADVANCED_FACE('',(#6940),#1222,.T.);
#7681=ADVANCED_FACE('',(#6941),#1223,.T.);
#7682=ADVANCED_FACE('',(#6942),#1224,.T.);
#7683=ADVANCED_FACE('',(#6943),#7391,.T.);
#7684=ADVANCED_FACE('',(#6944),#7392,.T.);
#7685=ADVANCED_FACE('',(#6945),#1225,.F.);
#7686=ADVANCED_FACE('',(#6946),#1226,.T.);
#7687=ADVANCED_FACE('',(#6947),#7393,.T.);
#7688=ADVANCED_FACE('',(#6948),#7394,.T.);
#7689=ADVANCED_FACE('',(#6949),#1227,.T.);
#7690=ADVANCED_FACE('',(#6950),#1228,.T.);
#7691=ADVANCED_FACE('',(#6951,#6952,#6953),#1229,.T.);
#7692=ADVANCED_FACE('',(#6954),#7395,.F.);
#7693=ADVANCED_FACE('',(#6955),#1230,.F.);
#7694=ADVANCED_FACE('',(#6956),#7396,.F.);
#7695=ADVANCED_FACE('',(#6957),#1231,.F.);
#7696=ADVANCED_FACE('',(#6958),#7397,.T.);
#7697=ADVANCED_FACE('',(#6959),#1232,.F.);
#7698=ADVANCED_FACE('',(#6960),#7398,.F.);
#7699=ADVANCED_FACE('',(#6961),#1233,.F.);
#7700=ADVANCED_FACE('',(#6962),#7399,.F.);
#7701=ADVANCED_FACE('',(#6963),#1234,.T.);
#7702=ADVANCED_FACE('',(#6964),#7400,.T.);
#7703=ADVANCED_FACE('',(#6965),#1235,.T.);
#7704=ADVANCED_FACE('',(#6966),#7401,.F.);
#7705=ADVANCED_FACE('',(#6967),#1236,.T.);
#7706=ADVANCED_FACE('',(#6968),#7402,.F.);
#7707=ADVANCED_FACE('',(#6969),#1237,.F.);
#7708=ADVANCED_FACE('',(#6970),#7403,.T.);
#7709=ADVANCED_FACE('',(#6971),#7404,.T.);
#7710=ADVANCED_FACE('',(#6972),#1238,.T.);
#7711=ADVANCED_FACE('',(#6973),#1239,.T.);
#7712=ADVANCED_FACE('',(#6974),#1240,.T.);
#7713=ADVANCED_FACE('',(#6975),#1241,.T.);
#7714=ADVANCED_FACE('',(#6976),#1242,.T.);
#7715=ADVANCED_FACE('',(#6977),#1243,.T.);
#7716=ADVANCED_FACE('',(#6978),#7405,.F.);
#7717=ADVANCED_FACE('',(#6979),#1244,.T.);
#7718=ADVANCED_FACE('',(#6980),#7406,.F.);
#7719=ADVANCED_FACE('',(#6981,#6982),#1245,.T.);
#7720=ADVANCED_FACE('',(#6983,#6984),#1246,.T.);
#7721=ADVANCED_FACE('',(#6985),#7407,.T.);
#7722=ADVANCED_FACE('',(#6986,#6987),#1247,.T.);
#7723=ADVANCED_FACE('',(#6988,#6989),#1248,.T.);
#7724=ADVANCED_FACE('',(#6990),#7408,.T.);
#7725=ADVANCED_FACE('',(#6991),#7409,.T.);
#7726=ADVANCED_FACE('',(#6992),#7410,.T.);
#7727=ADVANCED_FACE('',(#6993),#1249,.T.);
#7728=ADVANCED_FACE('',(#6994,#6995),#7411,.F.);
#7729=ADVANCED_FACE('',(#6996,#6997),#7412,.F.);
#7730=ADVANCED_FACE('',(#6998,#6999,#7000,#7001,#7002,#7003,#7004,#7005,
#7006),#1250,.F.);
#7731=ADVANCED_FACE('',(#7007),#7413,.F.);
#7732=ADVANCED_FACE('',(#7008),#1251,.F.);
#7733=ADVANCED_FACE('',(#7009),#7414,.F.);
#7734=ADVANCED_FACE('',(#7010),#7415,.F.);
#7735=ADVANCED_FACE('',(#7011),#1252,.F.);
#7736=ADVANCED_FACE('',(#7012),#7416,.F.);
#7737=ADVANCED_FACE('',(#7013),#1253,.F.);
#7738=ADVANCED_FACE('',(#7014,#7015,#7016),#1254,.F.);
#7739=ADVANCED_FACE('',(#7017),#1255,.F.);
#7740=ADVANCED_FACE('',(#7018,#7019),#7417,.F.);
#7741=ADVANCED_FACE('',(#7020),#1256,.T.);
#7742=ADVANCED_FACE('',(#7021,#7022),#7418,.F.);
#7743=ADVANCED_FACE('',(#7023),#1257,.F.);
#7744=ADVANCED_FACE('',(#7024),#1258,.T.);
#7745=ADVANCED_FACE('',(#7025),#1259,.T.);
#7746=ADVANCED_FACE('',(#7026),#1260,.T.);
#7747=ADVANCED_FACE('',(#7027),#1261,.T.);
#7748=ADVANCED_FACE('',(#7028),#7419,.T.);
#7749=ADVANCED_FACE('',(#7029),#7420,.T.);
#7750=ADVANCED_FACE('',(#7030),#1262,.T.);
#7751=ADVANCED_FACE('',(#7031),#1263,.T.);
#7752=ADVANCED_FACE('',(#7032),#1264,.T.);
#7753=ADVANCED_FACE('',(#7033),#1265,.T.);
#7754=ADVANCED_FACE('',(#7034),#1266,.T.);
#7755=ADVANCED_FACE('',(#7035),#1267,.T.);
#7756=ADVANCED_FACE('',(#7036),#7421,.T.);
#7757=ADVANCED_FACE('',(#7037),#7422,.T.);
#7758=ADVANCED_FACE('',(#7038),#1268,.T.);
#7759=ADVANCED_FACE('',(#7039),#1269,.T.);
#7760=ADVANCED_FACE('',(#7040),#1270,.T.);
#7761=ADVANCED_FACE('',(#7041),#1271,.T.);
#7762=ADVANCED_FACE('',(#7042),#1272,.T.);
#7763=ADVANCED_FACE('',(#7043),#1273,.T.);
#7764=ADVANCED_FACE('',(#7044),#1274,.T.);
#7765=ADVANCED_FACE('',(#7045),#1275,.T.);
#7766=ADVANCED_FACE('',(#7046),#1276,.T.);
#7767=ADVANCED_FACE('',(#7047),#1277,.T.);
#7768=ADVANCED_FACE('',(#7048),#1278,.T.);
#7769=ADVANCED_FACE('',(#7049),#7423,.F.);
#7770=ADVANCED_FACE('',(#7050),#7424,.F.);
#7771=ADVANCED_FACE('',(#7051),#7425,.F.);
#7772=ADVANCED_FACE('',(#7052),#7426,.F.);
#7773=ADVANCED_FACE('',(#7053),#7427,.F.);
#7774=ADVANCED_FACE('',(#7054),#7428,.F.);
#7775=ADVANCED_FACE('',(#7055),#7429,.F.);
#7776=ADVANCED_FACE('',(#7056),#1279,.T.);
#7777=ADVANCED_FACE('',(#7057),#7430,.F.);
#7778=ADVANCED_FACE('',(#7058),#7431,.F.);
#7779=ADVANCED_FACE('',(#7059),#7432,.F.);
#7780=ADVANCED_FACE('',(#7060),#7433,.F.);
#7781=ADVANCED_FACE('',(#7061),#7434,.F.);
#7782=ADVANCED_FACE('',(#7062),#7435,.F.);
#7783=ADVANCED_FACE('',(#7063),#7436,.F.);
#7784=ADVANCED_FACE('',(#7064),#1280,.T.);
#7785=ADVANCED_FACE('',(#7065),#7437,.T.);
#7786=ADVANCED_FACE('',(#7066),#7438,.T.);
#7787=ADVANCED_FACE('',(#7067),#7439,.T.);
#7788=ADVANCED_FACE('',(#7068),#7440,.T.);
#7789=ADVANCED_FACE('',(#7069),#7441,.T.);
#7790=ADVANCED_FACE('',(#7070),#7442,.T.);
#7791=ADVANCED_FACE('',(#7071),#7443,.T.);
#7792=ADVANCED_FACE('',(#7072),#7444,.T.);
#7793=ADVANCED_FACE('',(#7073),#7445,.T.);
#7794=ADVANCED_FACE('',(#7074),#7446,.T.);
#7795=ADVANCED_FACE('',(#7075),#7447,.T.);
#7796=ADVANCED_FACE('',(#7076),#7448,.T.);
#7797=ADVANCED_FACE('',(#7077),#7449,.T.);
#7798=ADVANCED_FACE('',(#7078),#1281,.T.);
#7799=ADVANCED_FACE('',(#7079),#1282,.T.);
#7800=ADVANCED_FACE('',(#7080),#7450,.T.);
#7801=ADVANCED_FACE('',(#7081),#7451,.T.);
#7802=ADVANCED_FACE('',(#7082),#7452,.T.);
#7803=ADVANCED_FACE('',(#7083),#7453,.T.);
#7804=ADVANCED_FACE('',(#7084),#7454,.T.);
#7805=ADVANCED_FACE('',(#7085),#7455,.T.);
#7806=ADVANCED_FACE('',(#7086),#1283,.T.);
#7807=ADVANCED_FACE('',(#7087),#1284,.T.);
#7808=ADVANCED_FACE('',(#7088),#1285,.T.);
#7809=ADVANCED_FACE('',(#7089),#1286,.T.);
#7810=ADVANCED_FACE('',(#7090),#1287,.T.);
#7811=ADVANCED_FACE('',(#7091),#1288,.T.);
#7812=ADVANCED_FACE('',(#7092),#7456,.T.);
#7813=ADVANCED_FACE('',(#7093),#7457,.T.);
#7814=ADVANCED_FACE('',(#7094),#1289,.T.);
#7815=ADVANCED_FACE('',(#7095),#1290,.T.);
#7816=ADVANCED_FACE('',(#7096),#1291,.T.);
#7817=ADVANCED_FACE('',(#7097),#7458,.T.);
#7818=ADVANCED_FACE('',(#7098),#7459,.T.);
#7819=ADVANCED_FACE('',(#7099),#1292,.T.);
#7820=ADVANCED_FACE('',(#7100),#1293,.T.);
#7821=ADVANCED_FACE('',(#7101),#1294,.T.);
#7822=ADVANCED_FACE('',(#7102),#1295,.T.);
#7823=ADVANCED_FACE('',(#7103),#1296,.T.);
#7824=ADVANCED_FACE('',(#7104),#7460,.T.);
#7825=ADVANCED_FACE('',(#7105),#7461,.T.);
#7826=ADVANCED_FACE('',(#7106),#1297,.T.);
#7827=ADVANCED_FACE('',(#7107),#1298,.T.);
#7828=ADVANCED_FACE('',(#7108),#1299,.T.);
#7829=ADVANCED_FACE('',(#7109),#1300,.T.);
#7830=ADVANCED_FACE('',(#7110),#1301,.T.);
#7831=ADVANCED_FACE('',(#7111),#7462,.T.);
#7832=ADVANCED_FACE('',(#7112),#7463,.T.);
#7833=ADVANCED_FACE('',(#7113),#1302,.T.);
#7834=ADVANCED_FACE('',(#7114),#1303,.T.);
#7835=ADVANCED_FACE('',(#7115),#1304,.T.);
#7836=ADVANCED_FACE('',(#7116),#1305,.T.);
#7837=ADVANCED_FACE('',(#7117),#1306,.T.);
#7838=ADVANCED_FACE('',(#7118),#1307,.T.);
#7839=ADVANCED_FACE('',(#7119),#1308,.T.);
#7840=ADVANCED_FACE('',(#7120),#1309,.T.);
#7841=ADVANCED_FACE('',(#7121),#1310,.T.);
#7842=ADVANCED_FACE('',(#7122),#1311,.T.);
#7843=ADVANCED_FACE('',(#7123),#7464,.T.);
#7844=ADVANCED_FACE('',(#7124),#7465,.T.);
#7845=ADVANCED_FACE('',(#7125),#7466,.T.);
#7846=ADVANCED_FACE('',(#7126),#7467,.T.);
#7847=ADVANCED_FACE('',(#7127),#7468,.T.);
#7848=ADVANCED_FACE('',(#7128),#7469,.T.);
#7849=ADVANCED_FACE('',(#7129),#7470,.T.);
#7850=ADVANCED_FACE('',(#7130),#7471,.T.);
#7851=ADVANCED_FACE('',(#7131),#7472,.T.);
#7852=ADVANCED_FACE('',(#7132),#7473,.T.);
#7853=ADVANCED_FACE('',(#7133),#7474,.T.);
#7854=ADVANCED_FACE('',(#7134),#7475,.T.);
#7855=ADVANCED_FACE('',(#7135),#1312,.T.);
#7856=ADVANCED_FACE('',(#7136),#1313,.T.);
#7857=ADVANCED_FACE('',(#7137),#1314,.T.);
#7858=ADVANCED_FACE('',(#7138),#1315,.T.);
#7859=ADVANCED_FACE('',(#7139,#7140,#7141,#7142,#7143,#7144,#7145),#1316,
 .T.);
#7860=ADVANCED_FACE('',(#7146),#1317,.T.);
#7861=ADVANCED_FACE('',(#7147),#1318,.T.);
#7862=ADVANCED_FACE('',(#7148),#1319,.T.);
#7863=ADVANCED_FACE('',(#7149,#7150),#1320,.T.);
#7864=ADVANCED_FACE('',(#7151),#1321,.T.);
#7865=ADVANCED_FACE('',(#7152),#1322,.T.);
#7866=ADVANCED_FACE('',(#7153,#7154),#1323,.T.);
#7867=ADVANCED_FACE('',(#7155),#1324,.T.);
#7868=ADVANCED_FACE('',(#7156),#7476,.T.);
#7869=ADVANCED_FACE('',(#7157),#7477,.T.);
#7870=ADVANCED_FACE('',(#7158),#7478,.T.);
#7871=ADVANCED_FACE('',(#7159),#7479,.T.);
#7872=ADVANCED_FACE('',(#7160),#7480,.T.);
#7873=ADVANCED_FACE('',(#7161),#7481,.T.);
#7874=ADVANCED_FACE('',(#7162),#7482,.T.);
#7875=ADVANCED_FACE('',(#7163),#7483,.T.);
#7876=ADVANCED_FACE('',(#7164),#7484,.T.);
#7877=ADVANCED_FACE('',(#7165),#7485,.T.);
#7878=ADVANCED_FACE('',(#7166),#7486,.T.);
#7879=ADVANCED_FACE('',(#7167),#7487,.T.);
#7880=ADVANCED_FACE('',(#7168),#1325,.T.);
#7881=ADVANCED_FACE('',(#7169),#7488,.T.);
#7882=ADVANCED_FACE('',(#7170),#7489,.T.);
#7883=ADVANCED_FACE('',(#7171),#7490,.T.);
#7884=ADVANCED_FACE('',(#7172),#7491,.T.);
#7885=ADVANCED_FACE('',(#7173),#7492,.T.);
#7886=ADVANCED_FACE('',(#7174),#7493,.T.);
#7887=ADVANCED_FACE('',(#7175),#7494,.T.);
#7888=ADVANCED_FACE('',(#7176),#7495,.T.);
#7889=ADVANCED_FACE('',(#7177),#7496,.F.);
#7890=ADVANCED_FACE('',(#7178),#7497,.F.);
#7891=ADVANCED_FACE('',(#7179),#7498,.F.);
#7892=ADVANCED_FACE('',(#7180),#7499,.F.);
#7893=ADVANCED_FACE('',(#7181),#7500,.F.);
#7894=ADVANCED_FACE('',(#7182),#7501,.F.);
#7895=ADVANCED_FACE('',(#7183),#7502,.F.);
#7896=ADVANCED_FACE('',(#7184),#1326,.T.);
#7897=ADVANCED_FACE('',(#7185),#7503,.T.);
#7898=ADVANCED_FACE('',(#7186),#7504,.T.);
#7899=ADVANCED_FACE('',(#7187),#7505,.T.);
#7900=ADVANCED_FACE('',(#7188),#7506,.T.);
#7901=ADVANCED_FACE('',(#7189),#7507,.T.);
#7902=ADVANCED_FACE('',(#7190),#7508,.T.);
#7903=ADVANCED_FACE('',(#7191),#7509,.T.);
#7904=ADVANCED_FACE('',(#7192),#7510,.T.);
#7905=ADVANCED_FACE('',(#7193),#7511,.T.);
#7906=ADVANCED_FACE('',(#7194),#7512,.T.);
#7907=ADVANCED_FACE('',(#7195),#7513,.F.);
#7908=ADVANCED_FACE('',(#7196),#7514,.F.);
#7909=ADVANCED_FACE('',(#7197),#7515,.F.);
#7910=ADVANCED_FACE('',(#7198),#7516,.F.);
#7911=ADVANCED_FACE('',(#7199),#7517,.F.);
#7912=ADVANCED_FACE('',(#7200),#7518,.F.);
#7913=ADVANCED_FACE('',(#7201),#1327,.T.);
#7914=ADVANCED_FACE('',(#7202),#7519,.T.);
#7915=ADVANCED_FACE('',(#7203),#7520,.T.);
#7916=ADVANCED_FACE('',(#7204),#7521,.T.);
#7917=ADVANCED_FACE('',(#7205),#7522,.T.);
#7918=ADVANCED_FACE('',(#7206),#7523,.T.);
#7919=ADVANCED_FACE('',(#7207),#7524,.T.);
#7920=ADVANCED_FACE('',(#7208),#7525,.T.);
#7921=ADVANCED_FACE('',(#7209),#7526,.T.);
#7922=ADVANCED_FACE('',(#7210),#7527,.F.);
#7923=ADVANCED_FACE('',(#7211),#7528,.F.);
#7924=ADVANCED_FACE('',(#7212),#7529,.F.);
#7925=ADVANCED_FACE('',(#7213),#7530,.F.);
#7926=ADVANCED_FACE('',(#7214),#7531,.F.);
#7927=ADVANCED_FACE('',(#7215),#7532,.F.);
#7928=ADVANCED_FACE('',(#7216),#7533,.F.);
#7929=ADVANCED_FACE('',(#7217),#1328,.T.);
#7930=ADVANCED_FACE('',(#7218),#7534,.T.);
#7931=ADVANCED_FACE('',(#7219),#7535,.T.);
#7932=ADVANCED_FACE('',(#7220),#7536,.T.);
#7933=ADVANCED_FACE('',(#7221),#7537,.T.);
#7934=ADVANCED_FACE('',(#7222),#7538,.T.);
#7935=ADVANCED_FACE('',(#7223),#7539,.T.);
#7936=ADVANCED_FACE('',(#7224),#7540,.T.);
#7937=ADVANCED_FACE('',(#7225),#7541,.T.);
#7938=ADVANCED_FACE('',(#7226),#7542,.T.);
#7939=ADVANCED_FACE('',(#7227),#7543,.T.);
#7940=ADVANCED_FACE('',(#7228),#7544,.F.);
#7941=ADVANCED_FACE('',(#7229),#7545,.F.);
#7942=ADVANCED_FACE('',(#7230),#7546,.F.);
#7943=ADVANCED_FACE('',(#7231),#7547,.F.);
#7944=ADVANCED_FACE('',(#7232),#7548,.F.);
#7945=ADVANCED_FACE('',(#7233),#7549,.F.);
#7946=ADVANCED_FACE('',(#7234),#7550,.T.);
#7947=ADVANCED_FACE('',(#7235),#7551,.T.);
#7948=ADVANCED_FACE('',(#7236),#1329,.T.);
#7949=ADVANCED_FACE('',(#7237),#7552,.F.);
#7950=ADVANCED_FACE('',(#7238),#7553,.F.);
#7951=ADVANCED_FACE('',(#7239),#1330,.T.);
#7952=ADVANCED_FACE('',(#7240),#7554,.T.);
#7953=ADVANCED_FACE('',(#7241),#7555,.T.);
#7954=ADVANCED_FACE('',(#7242),#7556,.T.);
#7955=ADVANCED_FACE('',(#7243),#7557,.T.);
#7956=ADVANCED_FACE('',(#7244),#7558,.T.);
#7957=ADVANCED_FACE('',(#7245),#7559,.T.);
#7958=ADVANCED_FACE('',(#7246),#7560,.T.);
#7959=ADVANCED_FACE('',(#7247),#1331,.T.);
#7960=ADVANCED_FACE('',(#7248),#7561,.F.);
#7961=ADVANCED_FACE('',(#7249),#7562,.F.);
#7962=ADVANCED_FACE('',(#7250),#7563,.F.);
#7963=ADVANCED_FACE('',(#7251),#7564,.F.);
#7964=ADVANCED_FACE('',(#7252),#7565,.F.);
#7965=ADVANCED_FACE('',(#7253),#7566,.F.);
#7966=ADVANCED_FACE('',(#7254),#7567,.T.);
#7967=ADVANCED_FACE('',(#7255),#7568,.T.);
#7968=ADVANCED_FACE('',(#7256),#7569,.T.);
#7969=ADVANCED_FACE('',(#7257),#7570,.T.);
#7970=ADVANCED_FACE('',(#7258),#7571,.T.);
#7971=ADVANCED_FACE('',(#7259),#7572,.T.);
#7972=ADVANCED_FACE('',(#7260),#7573,.T.);
#7973=ADVANCED_FACE('',(#7261),#1332,.T.);
#7974=ADVANCED_FACE('',(#7262),#1333,.T.);
#7975=ADVANCED_FACE('',(#7263),#1334,.T.);
#7976=ADVANCED_FACE('',(#7264),#7574,.F.);
#7977=ADVANCED_FACE('',(#7265),#7575,.F.);
#7978=ADVANCED_FACE('',(#7266),#7576,.F.);
#7979=ADVANCED_FACE('',(#7267),#7577,.F.);
#7980=ADVANCED_FACE('',(#7268),#7578,.F.);
#7981=ADVANCED_FACE('',(#7269),#1335,.T.);
#7982=ADVANCED_FACE('',(#7270),#1336,.T.);
#7983=ADVANCED_FACE('',(#7271),#1337,.T.);
#7984=ADVANCED_FACE('',(#7272),#7579,.F.);
#7985=ADVANCED_FACE('',(#7273),#7580,.F.);
#7986=ADVANCED_FACE('',(#7274),#7581,.F.);
#7987=ADVANCED_FACE('',(#7275),#7582,.F.);
#7988=ADVANCED_FACE('',(#7276),#7583,.F.);
#7989=ADVANCED_FACE('',(#7277),#1338,.T.);
#7990=ADVANCED_FACE('',(#7278),#1339,.T.);
#7991=ADVANCED_FACE('',(#7279),#1340,.T.);
#7992=ADVANCED_FACE('',(#7280),#7584,.T.);
#7993=ADVANCED_FACE('',(#7281),#7585,.T.);
#7994=ADVANCED_FACE('',(#7282),#7586,.T.);
#7995=ADVANCED_FACE('',(#7283),#7587,.T.);
#7996=ADVANCED_FACE('',(#7284),#7588,.T.);
#7997=ADVANCED_FACE('',(#7285),#7589,.T.);
#7998=ADVANCED_FACE('',(#7286),#7590,.T.);
#7999=ADVANCED_FACE('',(#7287),#1341,.T.);
#8000=ADVANCED_FACE('',(#7288),#1342,.T.);
#8001=ADVANCED_FACE('',(#7289),#1343,.T.);
#8002=ADVANCED_FACE('',(#7290),#1344,.T.);
#8003=ADVANCED_FACE('',(#7291),#1345,.T.);
#8004=ADVANCED_FACE('',(#7292),#1346,.T.);
#8005=ADVANCED_FACE('',(#7293),#1347,.T.);
#8006=ADVANCED_FACE('',(#7294),#1348,.T.);
#8007=ADVANCED_FACE('',(#7295),#1349,.T.);
#8008=ADVANCED_FACE('',(#7296),#1350,.T.);
#8009=ADVANCED_FACE('',(#7297),#1351,.T.);
#8010=ADVANCED_FACE('',(#7298),#1352,.T.);
#8011=ADVANCED_FACE('',(#7299),#1353,.T.);
#8012=ADVANCED_FACE('',(#7300),#7591,.F.);
#8013=ADVANCED_FACE('',(#7301),#7592,.F.);
#8014=ADVANCED_FACE('',(#7302),#7593,.F.);
#8015=ADVANCED_FACE('',(#7303),#7594,.F.);
#8016=ADVANCED_FACE('',(#7304),#7595,.F.);
#8017=ADVANCED_FACE('',(#7305),#7596,.F.);
#8018=ADVANCED_FACE('',(#7306),#7597,.F.);
#8019=ADVANCED_FACE('',(#7307),#7598,.F.);
#8020=ADVANCED_FACE('',(#7308),#7599,.F.);
#8021=ADVANCED_FACE('',(#7309),#7600,.F.);
#8022=ADVANCED_FACE('',(#7310),#7601,.F.);
#8023=ADVANCED_FACE('',(#7311),#7602,.F.);
#8024=ADVANCED_FACE('',(#7312),#7603,.F.);
#8025=ADVANCED_FACE('',(#7313,#7314),#1354,.T.);
#8026=ADVANCED_FACE('',(#7315),#1355,.T.);
#8027=ADVANCED_FACE('',(#7316),#1356,.T.);
#8028=ADVANCED_FACE('',(#7317,#7318),#1357,.T.);
#8029=ADVANCED_FACE('',(#7319),#1358,.T.);
#8030=ADVANCED_FACE('',(#7320,#7321),#1359,.T.);
#8031=ADVANCED_FACE('',(#7322),#1360,.F.);
#8032=ADVANCED_FACE('',(#7323),#1361,.F.);
#8033=ADVANCED_FACE('',(#7324),#7604,.F.);
#8034=ADVANCED_FACE('',(#7325),#7605,.F.);
#8035=ADVANCED_FACE('',(#7326),#7606,.F.);
#8036=ADVANCED_FACE('',(#7327),#7607,.F.);
#8037=ADVANCED_FACE('',(#7328),#7608,.F.);
#8038=ADVANCED_FACE('',(#7329),#7609,.F.);
#8039=ADVANCED_FACE('',(#7330),#7610,.F.);
#8040=ADVANCED_FACE('',(#7331),#7611,.F.);
#8041=ADVANCED_FACE('',(#7332),#7612,.F.);
#8042=ADVANCED_FACE('',(#7333),#7613,.F.);
#8043=ADVANCED_FACE('',(#7334),#7614,.F.);
#8044=ADVANCED_FACE('',(#7335),#7615,.F.);
#8045=ADVANCED_FACE('',(#7336),#7616,.T.);
#8046=ADVANCED_FACE('',(#7337),#1362,.T.);
#8047=ADVANCED_FACE('',(#7338),#7617,.F.);
#8048=ADVANCED_FACE('',(#7339),#7618,.F.);
#8049=ADVANCED_FACE('',(#7340),#7619,.F.);
#8050=ADVANCED_FACE('',(#7341),#7620,.F.);
#8051=ADVANCED_FACE('',(#7342),#7621,.F.);
#8052=ADVANCED_FACE('',(#7343),#7622,.F.);
#8053=ADVANCED_FACE('',(#7344),#7623,.F.);
#8054=ADVANCED_FACE('',(#7345),#7624,.F.);
#8055=ADVANCED_FACE('',(#7346),#1363,.T.);
#8056=ADVANCED_FACE('',(#7347),#1364,.T.);
#8057=ADVANCED_FACE('',(#7348),#7625,.T.);
#8058=ADVANCED_FACE('',(#7349),#7626,.T.);
#8059=ADVANCED_FACE('',(#7350),#1365,.T.);
#8060=ADVANCED_FACE('',(#7351,#7352),#1366,.T.);
#8061=ADVANCED_FACE('',(#7353),#1367,.T.);
#8062=ADVANCED_FACE('',(#7354),#1368,.T.);
#8063=ADVANCED_FACE('',(#7355),#1369,.T.);
#8064=ADVANCED_FACE('',(#7356),#1370,.T.);
#8065=ADVANCED_FACE('',(#7357),#1371,.T.);
#8066=ADVANCED_FACE('',(#7358),#1372,.T.);
#8067=ADVANCED_FACE('',(#7359),#7627,.F.);
#8068=ADVANCED_FACE('',(#7360),#7628,.F.);
#8069=ADVANCED_FACE('',(#7361),#1373,.T.);
#8070=ADVANCED_FACE('',(#7362),#1374,.T.);
#8071=ADVANCED_FACE('',(#7363),#1375,.T.);
#8072=ADVANCED_FACE('',(#7364),#7629,.T.);
#8073=ADVANCED_FACE('',(#7365),#7630,.T.);
#8074=ADVANCED_FACE('',(#7366),#7631,.T.);
#8075=ADVANCED_FACE('',(#7367),#7632,.T.);
#8076=ADVANCED_FACE('',(#7368),#7633,.T.);
#8077=ADVANCED_FACE('',(#7369),#7634,.T.);
#8078=ADVANCED_FACE('',(#7370),#7635,.T.);
#8079=ADVANCED_FACE('',(#7371),#1376,.T.);
#8080=ADVANCED_FACE('',(#7372,#7373),#1377,.T.);
#8081=ADVANCED_FACE('',(#7374),#1378,.T.);
#8082=ADVANCED_FACE('',(#7375),#1379,.T.);
#8083=ADVANCED_FACE('',(#7376),#1380,.T.);
#8084=ADVANCED_FACE('',(#7377),#7636,.F.);
#8085=ADVANCED_FACE('',(#7378),#7637,.F.);
#8086=ADVANCED_FACE('',(#7379),#7638,.F.);
#8087=ADVANCED_FACE('',(#7380),#7639,.F.);
#8088=ADVANCED_FACE('',(#7381),#7640,.F.);
#8089=ADVANCED_FACE('',(#7382),#1381,.T.);
#8090=CLOSED_SHELL('',(#7641,#7642,#7643,#7644));
#8091=CLOSED_SHELL('',(#7645,#7646,#7647,#7648,#7649,#7650,#7651,#7652,
#7653,#7654,#7655,#7656,#7657,#7658,#7659,#7660,#7661,#7662,#7663,#7664,
#7665,#7666,#7667,#7668,#7669,#7670,#7671,#7672,#7673,#7674,#7675,#7676));
#8092=CLOSED_SHELL('',(#7677,#7678,#7679,#7680,#7681,#7682,#7683,#7684,
#7685,#7686,#7687,#7688,#7689,#7690,#7691,#7692,#7693,#7694,#7695,#7696,
#7697,#7698,#7699,#7700,#7701,#7702,#7703,#7704,#7705,#7706,#7707,#7708,
#7709,#7710,#7711,#7712,#7713,#7714,#7715,#7716,#7717,#7718,#7719,#7720,
#7721,#7722,#7723,#7724,#7725,#7726,#7727,#7728,#7729,#7730,#7731,#7732,
#7733,#7734,#7735,#7736,#7737,#7738,#7739,#7740,#7741,#7742,#7743,#7744,
#7745,#7746,#7747,#7748,#7749,#7750,#7751,#7752,#7753,#7754,#7755,#7756,
#7757,#7758,#7759,#7760,#7761,#7762,#7763,#7764,#7765,#7766,#7767,#7768,
#7769,#7770,#7771,#7772,#7773,#7774,#7775,#7776,#7777,#7778,#7779,#7780,
#7781,#7782,#7783,#7784,#7785,#7786,#7787,#7788,#7789,#7790,#7791,#7792,
#7793,#7794,#7795,#7796,#7797,#7798,#7799,#7800,#7801,#7802,#7803,#7804,
#7805,#7806,#7807,#7808,#7809,#7810,#7811,#7812,#7813,#7814,#7815,#7816,
#7817,#7818,#7819,#7820,#7821,#7822,#7823,#7824,#7825,#7826,#7827,#7828,
#7829,#7830,#7831,#7832,#7833,#7834,#7835,#7836,#7837,#7838,#7839,#7840,
#7841,#7842,#7843,#7844,#7845,#7846,#7847,#7848,#7849,#7850,#7851,#7852,
#7853,#7854,#7855,#7856,#7857,#7858,#7859,#7860,#7861,#7862,#7863,#7864,
#7865,#7866,#7867,#7868,#7869,#7870,#7871,#7872,#7873,#7874,#7875,#7876,
#7877,#7878,#7879,#7880,#7881,#7882,#7883,#7884,#7885,#7886,#7887,#7888,
#7889,#7890,#7891,#7892,#7893,#7894,#7895,#7896,#7897,#7898,#7899,#7900,
#7901,#7902,#7903,#7904,#7905,#7906,#7907,#7908,#7909,#7910,#7911,#7912,
#7913,#7914,#7915,#7916,#7917,#7918,#7919,#7920,#7921,#7922,#7923,#7924,
#7925,#7926,#7927,#7928,#7929,#7930,#7931,#7932,#7933,#7934,#7935,#7936,
#7937,#7938,#7939,#7940,#7941,#7942,#7943,#7944,#7945,#7946,#7947,#7948,
#7949,#7950,#7951,#7952,#7953,#7954,#7955,#7956,#7957,#7958,#7959,#7960,
#7961,#7962,#7963,#7964,#7965,#7966,#7967,#7968,#7969,#7970,#7971,#7972,
#7973,#7974,#7975,#7976,#7977,#7978,#7979,#7980,#7981,#7982,#7983,#7984,
#7985,#7986,#7987,#7988,#7989,#7990,#7991,#7992,#7993,#7994,#7995,#7996,
#7997,#7998,#7999,#8000,#8001,#8002,#8003,#8004,#8005,#8006,#8007,#8008,
#8009,#8010,#8011,#8012,#8013,#8014,#8015,#8016,#8017,#8018,#8019,#8020,
#8021,#8022,#8023,#8024,#8025,#8026,#8027,#8028,#8029,#8030,#8031,#8032,
#8033,#8034,#8035,#8036,#8037,#8038,#8039,#8040,#8041,#8042,#8043,#8044,
#8045,#8046,#8047,#8048,#8049,#8050,#8051,#8052,#8053,#8054,#8055,#8056,
#8057,#8058,#8059,#8060,#8061,#8062,#8063,#8064,#8065,#8066,#8067,#8068,
#8069,#8070,#8071,#8072,#8073,#8074,#8075,#8076,#8077,#8078,#8079,#8080,
#8081,#8082,#8083,#8084,#8085,#8086,#8087,#8088,#8089));
#8093=STYLED_ITEM('',(#8096),#8117);
#8094=STYLED_ITEM('',(#8097),#8118);
#8095=STYLED_ITEM('',(#8098),#8119);
#8096=PRESENTATION_STYLE_ASSIGNMENT((#8099));
#8097=PRESENTATION_STYLE_ASSIGNMENT((#8100));
#8098=PRESENTATION_STYLE_ASSIGNMENT((#8101));
#8099=SURFACE_STYLE_USAGE(.BOTH.,#8102);
#8100=SURFACE_STYLE_USAGE(.BOTH.,#8103);
#8101=SURFACE_STYLE_USAGE(.BOTH.,#8104);
#8102=SURFACE_SIDE_STYLE('',(#8105));
#8103=SURFACE_SIDE_STYLE('',(#8106));
#8104=SURFACE_SIDE_STYLE('',(#8107));
#8105=SURFACE_STYLE_FILL_AREA(#8108);
#8106=SURFACE_STYLE_FILL_AREA(#8109);
#8107=SURFACE_STYLE_FILL_AREA(#8110);
#8108=FILL_AREA_STYLE('',(#8111));
#8109=FILL_AREA_STYLE('',(#8112));
#8110=FILL_AREA_STYLE('',(#8113));
#8111=FILL_AREA_STYLE_COLOUR('',#8114);
#8112=FILL_AREA_STYLE_COLOUR('',#8115);
#8113=FILL_AREA_STYLE_COLOUR('',#8116);
#8114=COLOUR_RGB('',0.917647058823529,0.917647058823529,0.917647058823529);
#8115=COLOUR_RGB('',0.4,0.274509803921568,0.);
#8116=COLOUR_RGB('',0.92156862745098,0.666666666666667,0.);
#8117=MANIFOLD_SOLID_BREP('fixture_003',#8090);
#8118=MANIFOLD_SOLID_BREP('Pin_M_001',#8091);
#8119=MANIFOLD_SOLID_BREP('XT30PW-M_base',#8092);
#8120=SHAPE_DEFINITION_REPRESENTATION(#14703,#8124);
#8121=SHAPE_DEFINITION_REPRESENTATION(#14704,#8125);
#8122=SHAPE_DEFINITION_REPRESENTATION(#14706,#8126);
#8123=SHAPE_DEFINITION_REPRESENTATION(#14710,#8127);
#8124=SHAPE_REPRESENTATION('XT30PW-M',(#8128,#8136,#8195,#8196,#8197,#9109),
#14692);
#8125=SHAPE_REPRESENTATION('fixture_003',(#8128),#14693);
#8126=SHAPE_REPRESENTATION('Pin_M_001',(#8128),#14694);
#8127=SHAPE_REPRESENTATION('XT30PW-M_base',(#8128),#14695);
#8128=AXIS2_PLACEMENT_3D('',#11545,#9110,#9111);
#8129=AXIS2_PLACEMENT_3D('',#11546,#9112,#9113);
#8130=AXIS2_PLACEMENT_3D('',#11547,#9114,#9115);
#8131=AXIS2_PLACEMENT_3D('',#11549,#9116,#9117);
#8132=AXIS2_PLACEMENT_3D('',#11551,#9118,#9119);
#8133=AXIS2_PLACEMENT_3D('',#11552,#9120,#9121);
#8134=AXIS2_PLACEMENT_3D('',#11554,#9122,#9123);
#8135=AXIS2_PLACEMENT_3D('',#11555,#9124,#9125);
#8136=AXIS2_PLACEMENT_3D('',#11556,#9126,#9127);
#8137=AXIS2_PLACEMENT_3D('',#11557,#9128,#9129);
#8138=AXIS2_PLACEMENT_3D('',#11558,#9130,#9131);
#8139=AXIS2_PLACEMENT_3D('',#11560,#9132,#9133);
#8140=AXIS2_PLACEMENT_3D('',#11562,#9134,#9135);
#8141=AXIS2_PLACEMENT_3D('',#11563,#9136,#9137);
#8142=AXIS2_PLACEMENT_3D('',#11565,#9138,#9139);
#8143=AXIS2_PLACEMENT_3D('',#11566,#9140,#9141);
#8144=AXIS2_PLACEMENT_3D('',#11568,#9142,#9143);
#8145=AXIS2_PLACEMENT_3D('',#11569,#9144,#9145);
#8146=AXIS2_PLACEMENT_3D('',#11570,#9146,#9147);
#8147=AXIS2_PLACEMENT_3D('',#11572,#9148,#9149);
#8148=AXIS2_PLACEMENT_3D('',#11573,#9150,#9151);
#8149=AXIS2_PLACEMENT_3D('',#11575,#9152,#9153);
#8150=AXIS2_PLACEMENT_3D('',#11576,#9154,#9155);
#8151=AXIS2_PLACEMENT_3D('',#11578,#9156,#9157);
#8152=AXIS2_PLACEMENT_3D('',#11579,#9158,#9159);
#8153=AXIS2_PLACEMENT_3D('',#11581,#9160,#9161);
#8154=AXIS2_PLACEMENT_3D('',#11582,#9162,#9163);
#8155=AXIS2_PLACEMENT_3D('',#11584,#9164,#9165);
#8156=AXIS2_PLACEMENT_3D('',#11585,#9166,#9167);
#8157=AXIS2_PLACEMENT_3D('',#11587,#9168,#9169);
#8158=AXIS2_PLACEMENT_3D('',#11588,#9170,#9171);
#8159=AXIS2_PLACEMENT_3D('',#11590,#9172,#9173);
#8160=AXIS2_PLACEMENT_3D('',#11591,#9174,#9175);
#8161=AXIS2_PLACEMENT_3D('',#11593,#9176,#9177);
#8162=AXIS2_PLACEMENT_3D('',#11594,#9178,#9179);
#8163=AXIS2_PLACEMENT_3D('',#11596,#9180,#9181);
#8164=AXIS2_PLACEMENT_3D('',#11597,#9182,#9183);
#8165=AXIS2_PLACEMENT_3D('',#11599,#9184,#9185);
#8166=AXIS2_PLACEMENT_3D('',#11600,#9186,#9187);
#8167=AXIS2_PLACEMENT_3D('',#11603,#9188,#9189);
#8168=AXIS2_PLACEMENT_3D('',#11605,#9190,#9191);
#8169=AXIS2_PLACEMENT_3D('',#11607,#9192,#9193);
#8170=AXIS2_PLACEMENT_3D('',#11609,#9194,#9195);
#8171=AXIS2_PLACEMENT_3D('',#11611,#9196,#9197);
#8172=AXIS2_PLACEMENT_3D('',#11613,#9198,#9199);
#8173=AXIS2_PLACEMENT_3D('',#11615,#9200,#9201);
#8174=AXIS2_PLACEMENT_3D('',#11616,#9202,#9203);
#8175=AXIS2_PLACEMENT_3D('',#11629,#9212,#9213);
#8176=AXIS2_PLACEMENT_3D('',#11640,#9214,#9215);
#8177=AXIS2_PLACEMENT_3D('',#11641,#9216,#9217);
#8178=AXIS2_PLACEMENT_3D('',#11652,#9218,#9219);
#8179=AXIS2_PLACEMENT_3D('',#11653,#9220,#9221);
#8180=AXIS2_PLACEMENT_3D('',#11659,#9222,#9223);
#8181=AXIS2_PLACEMENT_3D('',#11665,#9224,#9225);
#8182=AXIS2_PLACEMENT_3D('',#11671,#9226,#9227);
#8183=AXIS2_PLACEMENT_3D('',#11677,#9228,#9229);
#8184=AXIS2_PLACEMENT_3D('',#11684,#9231,#9232);
#8185=AXIS2_PLACEMENT_3D('',#11689,#9233,#9234);
#8186=AXIS2_PLACEMENT_3D('',#11696,#9236,#9237);
#8187=AXIS2_PLACEMENT_3D('',#11701,#9238,#9239);
#8188=AXIS2_PLACEMENT_3D('',#11708,#9241,#9242);
#8189=AXIS2_PLACEMENT_3D('',#11713,#9243,#9244);
#8190=AXIS2_PLACEMENT_3D('',#11720,#9246,#9247);
#8191=AXIS2_PLACEMENT_3D('',#11725,#9248,#9249);
#8192=AXIS2_PLACEMENT_3D('',#11726,#9250,#9251);
#8193=AXIS2_PLACEMENT_3D('',#11727,#9252,#9253);
#8194=AXIS2_PLACEMENT_3D('',#11728,#9254,#9255);
#8195=AXIS2_PLACEMENT_3D('',#11729,#9256,#9257);
#8196=AXIS2_PLACEMENT_3D('',#11730,#9258,#9259);
#8197=AXIS2_PLACEMENT_3D('',#11731,#9260,#9261);
#8198=AXIS2_PLACEMENT_3D('',#11732,#9262,#9263);
#8199=AXIS2_PLACEMENT_3D('',#11740,#9267,#9268);
#8200=AXIS2_PLACEMENT_3D('',#11744,#9270,#9271);
#8201=AXIS2_PLACEMENT_3D('',#11756,#9277,#9278);
#8202=AXIS2_PLACEMENT_3D('',#11760,#9280,#9281);
#8203=AXIS2_PLACEMENT_3D('',#11765,#9284,#9285);
#8204=AXIS2_PLACEMENT_3D('',#11770,#9287,#9288);
#8205=AXIS2_PLACEMENT_3D('',#11774,#9290,#9291);
#8206=AXIS2_PLACEMENT_3D('',#11778,#9293,#9294);
#8207=AXIS2_PLACEMENT_3D('',#11782,#9296,#9297);
#8208=AXIS2_PLACEMENT_3D('',#11786,#9299,#9300);
#8209=AXIS2_PLACEMENT_3D('',#11790,#9302,#9303);
#8210=AXIS2_PLACEMENT_3D('',#11794,#9305,#9306);
#8211=AXIS2_PLACEMENT_3D('',#11797,#9308,#9309);
#8212=AXIS2_PLACEMENT_3D('',#11800,#9311,#9312);
#8213=AXIS2_PLACEMENT_3D('',#11804,#9314,#9315);
#8214=AXIS2_PLACEMENT_3D('',#11816,#9321,#9322);
#8215=AXIS2_PLACEMENT_3D('',#11820,#9324,#9325);
#8216=AXIS2_PLACEMENT_3D('',#11823,#9327,#9328);
#8217=AXIS2_PLACEMENT_3D('',#11832,#9334,#9335);
#8218=AXIS2_PLACEMENT_3D('',#11841,#9341,#9342);
#8219=AXIS2_PLACEMENT_3D('',#11849,#9347,#9348);
#8220=AXIS2_PLACEMENT_3D('',#11857,#9353,#9354);
#8221=AXIS2_PLACEMENT_3D('',#11858,#9355,#9356);
#8222=AXIS2_PLACEMENT_3D('',#11861,#9358,#9359);
#8223=AXIS2_PLACEMENT_3D('',#11862,#9360,#9361);
#8224=AXIS2_PLACEMENT_3D('',#11865,#9363,#9364);
#8225=AXIS2_PLACEMENT_3D('',#11869,#9367,#9368);
#8226=AXIS2_PLACEMENT_3D('',#11873,#9371,#9372);
#8227=AXIS2_PLACEMENT_3D('',#11874,#9373,#9374);
#8228=AXIS2_PLACEMENT_3D('',#11877,#9376,#9377);
#8229=AXIS2_PLACEMENT_3D('',#11878,#9378,#9379);
#8230=AXIS2_PLACEMENT_3D('',#11881,#9381,#9382);
#8231=AXIS2_PLACEMENT_3D('',#11887,#9386,#9387);
#8232=AXIS2_PLACEMENT_3D('',#11893,#9391,#9392);
#8233=AXIS2_PLACEMENT_3D('',#11894,#9393,#9394);
#8234=AXIS2_PLACEMENT_3D('',#11898,#9396,#9397);
#8235=AXIS2_PLACEMENT_3D('',#11899,#9398,#9399);
#8236=AXIS2_PLACEMENT_3D('',#11901,#9400,#9401);
#8237=AXIS2_PLACEMENT_3D('',#11903,#9402,#9403);
#8238=AXIS2_PLACEMENT_3D('',#11906,#9405,#9406);
#8239=AXIS2_PLACEMENT_3D('',#11909,#9408,#9409);
#8240=AXIS2_PLACEMENT_3D('',#11913,#9412,#9413);
#8241=AXIS2_PLACEMENT_3D('',#11916,#9415,#9416);
#8242=AXIS2_PLACEMENT_3D('',#11917,#9417,#9418);
#8243=AXIS2_PLACEMENT_3D('',#11921,#9421,#9422);
#8244=AXIS2_PLACEMENT_3D('',#11924,#9424,#9425);
#8245=AXIS2_PLACEMENT_3D('',#11925,#9426,#9427);
#8246=AXIS2_PLACEMENT_3D('',#11929,#9430,#9431);
#8247=AXIS2_PLACEMENT_3D('',#11932,#9433,#9434);
#8248=AXIS2_PLACEMENT_3D('',#11933,#9435,#9436);
#8249=AXIS2_PLACEMENT_3D('',#11937,#9439,#9440);
#8250=AXIS2_PLACEMENT_3D('',#11940,#9442,#9443);
#8251=AXIS2_PLACEMENT_3D('',#11941,#9444,#9445);
#8252=AXIS2_PLACEMENT_3D('',#11945,#9448,#9449);
#8253=AXIS2_PLACEMENT_3D('',#11948,#9451,#9452);
#8254=AXIS2_PLACEMENT_3D('',#11949,#9453,#9454);
#8255=AXIS2_PLACEMENT_3D('',#11953,#9457,#9458);
#8256=AXIS2_PLACEMENT_3D('',#11956,#9460,#9461);
#8257=AXIS2_PLACEMENT_3D('',#11957,#9462,#9463);
#8258=AXIS2_PLACEMENT_3D('',#11961,#9466,#9467);
#8259=AXIS2_PLACEMENT_3D('',#11964,#9469,#9470);
#8260=AXIS2_PLACEMENT_3D('',#11965,#9471,#9472);
#8261=AXIS2_PLACEMENT_3D('',#11967,#9474,#9475);
#8262=AXIS2_PLACEMENT_3D('',#11983,#9479,#9480);
#8263=AXIS2_PLACEMENT_3D('',#11999,#9484,#9485);
#8264=AXIS2_PLACEMENT_3D('',#12000,#9486,#9487);
#8265=AXIS2_PLACEMENT_3D('',#12004,#9489,#9490);
#8266=AXIS2_PLACEMENT_3D('',#12005,#9491,#9492);
#8267=AXIS2_PLACEMENT_3D('',#12011,#9496,#9497);
#8268=AXIS2_PLACEMENT_3D('',#12015,#9500,#9501);
#8269=AXIS2_PLACEMENT_3D('',#12019,#9504,#9505);
#8270=AXIS2_PLACEMENT_3D('',#12023,#9508,#9509);
#8271=AXIS2_PLACEMENT_3D('',#12027,#9512,#9513);
#8272=AXIS2_PLACEMENT_3D('',#12028,#9514,#9515);
#8273=AXIS2_PLACEMENT_3D('',#12031,#9517,#9518);
#8274=AXIS2_PLACEMENT_3D('',#12035,#9521,#9522);
#8275=AXIS2_PLACEMENT_3D('',#12036,#9523,#9524);
#8276=AXIS2_PLACEMENT_3D('',#12037,#9525,#9526);
#8277=AXIS2_PLACEMENT_3D('',#12038,#9527,#9528);
#8278=AXIS2_PLACEMENT_3D('',#12042,#9530,#9531);
#8279=AXIS2_PLACEMENT_3D('',#12043,#9532,#9533);
#8280=AXIS2_PLACEMENT_3D('',#12045,#9534,#9535);
#8281=AXIS2_PLACEMENT_3D('',#12046,#9536,#9537);
#8282=AXIS2_PLACEMENT_3D('',#12050,#9539,#9540);
#8283=AXIS2_PLACEMENT_3D('',#12051,#9541,#9542);
#8284=AXIS2_PLACEMENT_3D('',#12053,#9543,#9544);
#8285=AXIS2_PLACEMENT_3D('',#12054,#9545,#9546);
#8286=AXIS2_PLACEMENT_3D('',#12057,#9548,#9549);
#8287=AXIS2_PLACEMENT_3D('',#12060,#9551,#9552);
#8288=AXIS2_PLACEMENT_3D('',#12061,#9553,#9554);
#8289=AXIS2_PLACEMENT_3D('',#12063,#9555,#9556);
#8290=AXIS2_PLACEMENT_3D('',#12064,#9557,#9558);
#8291=AXIS2_PLACEMENT_3D('',#12068,#9560,#9561);
#8292=AXIS2_PLACEMENT_3D('',#12069,#9562,#9563);
#8293=AXIS2_PLACEMENT_3D('',#12071,#9564,#9565);
#8294=AXIS2_PLACEMENT_3D('',#12073,#9567,#9568);
#8295=AXIS2_PLACEMENT_3D('',#12075,#9570,#9571);
#8296=AXIS2_PLACEMENT_3D('',#12077,#9573,#9574);
#8297=AXIS2_PLACEMENT_3D('',#12078,#9575,#9576);
#8298=AXIS2_PLACEMENT_3D('',#12080,#9577,#9578);
#8299=AXIS2_PLACEMENT_3D('',#12083,#9580,#9581);
#8300=AXIS2_PLACEMENT_3D('',#12084,#9582,#9583);
#8301=AXIS2_PLACEMENT_3D('',#12086,#9584,#9585);
#8302=AXIS2_PLACEMENT_3D('',#12087,#9586,#9587);
#8303=AXIS2_PLACEMENT_3D('',#12089,#9588,#9589);
#8304=AXIS2_PLACEMENT_3D('',#12097,#9593,#9594);
#8305=AXIS2_PLACEMENT_3D('',#12099,#9595,#9596);
#8306=AXIS2_PLACEMENT_3D('',#12113,#9603,#9604);
#8307=AXIS2_PLACEMENT_3D('',#12115,#9605,#9606);
#8308=AXIS2_PLACEMENT_3D('',#12138,#9618,#9619);
#8309=AXIS2_PLACEMENT_3D('',#12141,#9620,#9621);
#8310=AXIS2_PLACEMENT_3D('',#12143,#9622,#9623);
#8311=AXIS2_PLACEMENT_3D('',#12145,#9624,#9625);
#8312=AXIS2_PLACEMENT_3D('',#12147,#9626,#9627);
#8313=AXIS2_PLACEMENT_3D('',#12149,#9628,#9629);
#8314=AXIS2_PLACEMENT_3D('',#12151,#9630,#9631);
#8315=AXIS2_PLACEMENT_3D('',#12155,#9633,#9634);
#8316=AXIS2_PLACEMENT_3D('',#12157,#9635,#9636);
#8317=AXIS2_PLACEMENT_3D('',#12159,#9637,#9638);
#8318=AXIS2_PLACEMENT_3D('',#12161,#9639,#9640);
#8319=AXIS2_PLACEMENT_3D('',#12163,#9641,#9642);
#8320=AXIS2_PLACEMENT_3D('',#12165,#9643,#9644);
#8321=AXIS2_PLACEMENT_3D('',#12167,#9645,#9646);
#8322=AXIS2_PLACEMENT_3D('',#12171,#9648,#9649);
#8323=AXIS2_PLACEMENT_3D('',#12173,#9650,#9651);
#8324=AXIS2_PLACEMENT_3D('',#12175,#9652,#9653);
#8325=AXIS2_PLACEMENT_3D('',#12177,#9654,#9655);
#8326=AXIS2_PLACEMENT_3D('',#12179,#9656,#9657);
#8327=AXIS2_PLACEMENT_3D('',#12181,#9658,#9659);
#8328=AXIS2_PLACEMENT_3D('',#12183,#9660,#9661);
#8329=AXIS2_PLACEMENT_3D('',#12185,#9662,#9663);
#8330=AXIS2_PLACEMENT_3D('',#12187,#9664,#9665);
#8331=AXIS2_PLACEMENT_3D('',#12189,#9666,#9667);
#8332=AXIS2_PLACEMENT_3D('',#12191,#9668,#9669);
#8333=AXIS2_PLACEMENT_3D('',#12193,#9670,#9671);
#8334=AXIS2_PLACEMENT_3D('',#12195,#9672,#9673);
#8335=AXIS2_PLACEMENT_3D('',#12201,#9676,#9677);
#8336=AXIS2_PLACEMENT_3D('',#12203,#9678,#9679);
#8337=AXIS2_PLACEMENT_3D('',#12205,#9680,#9681);
#8338=AXIS2_PLACEMENT_3D('',#12207,#9682,#9683);
#8339=AXIS2_PLACEMENT_3D('',#12209,#9684,#9685);
#8340=AXIS2_PLACEMENT_3D('',#12211,#9686,#9687);
#8341=AXIS2_PLACEMENT_3D('',#12230,#9694,#9695);
#8342=AXIS2_PLACEMENT_3D('',#12238,#9699,#9700);
#8343=AXIS2_PLACEMENT_3D('',#12240,#9701,#9702);
#8344=AXIS2_PLACEMENT_3D('',#12252,#9708,#9709);
#8345=AXIS2_PLACEMENT_3D('',#12254,#9710,#9711);
#8346=AXIS2_PLACEMENT_3D('',#12266,#9717,#9718);
#8347=AXIS2_PLACEMENT_3D('',#12268,#9719,#9720);
#8348=AXIS2_PLACEMENT_3D('',#12291,#9732,#9733);
#8349=AXIS2_PLACEMENT_3D('',#12294,#9734,#9735);
#8350=AXIS2_PLACEMENT_3D('',#12296,#9736,#9737);
#8351=AXIS2_PLACEMENT_3D('',#12298,#9738,#9739);
#8352=AXIS2_PLACEMENT_3D('',#12300,#9740,#9741);
#8353=AXIS2_PLACEMENT_3D('',#12302,#9742,#9743);
#8354=AXIS2_PLACEMENT_3D('',#12304,#9744,#9745);
#8355=AXIS2_PLACEMENT_3D('',#12306,#9746,#9747);
#8356=AXIS2_PLACEMENT_3D('',#12308,#9748,#9749);
#8357=AXIS2_PLACEMENT_3D('',#12310,#9750,#9751);
#8358=AXIS2_PLACEMENT_3D('',#12312,#9752,#9753);
#8359=AXIS2_PLACEMENT_3D('',#12314,#9754,#9755);
#8360=AXIS2_PLACEMENT_3D('',#12323,#9760,#9761);
#8361=AXIS2_PLACEMENT_3D('',#12326,#9763,#9764);
#8362=AXIS2_PLACEMENT_3D('',#12329,#9766,#9767);
#8363=AXIS2_PLACEMENT_3D('',#12333,#9770,#9771);
#8364=AXIS2_PLACEMENT_3D('',#12336,#9773,#9774);
#8365=AXIS2_PLACEMENT_3D('',#12337,#9775,#9776);
#8366=AXIS2_PLACEMENT_3D('',#12340,#9778,#9779);
#8367=AXIS2_PLACEMENT_3D('',#12343,#9781,#9782);
#8368=AXIS2_PLACEMENT_3D('',#12347,#9785,#9786);
#8369=AXIS2_PLACEMENT_3D('',#12350,#9788,#9789);
#8370=AXIS2_PLACEMENT_3D('',#12351,#9790,#9791);
#8371=AXIS2_PLACEMENT_3D('',#12353,#9793,#9794);
#8372=AXIS2_PLACEMENT_3D('',#12354,#9795,#9796);
#8373=AXIS2_PLACEMENT_3D('',#12355,#9797,#9798);
#8374=AXIS2_PLACEMENT_3D('',#12356,#9799,#9800);
#8375=AXIS2_PLACEMENT_3D('',#12357,#9801,#9802);
#8376=AXIS2_PLACEMENT_3D('',#12358,#9803,#9804);
#8377=AXIS2_PLACEMENT_3D('',#12360,#9806,#9807);
#8378=AXIS2_PLACEMENT_3D('',#12366,#9811,#9812);
#8379=AXIS2_PLACEMENT_3D('',#12370,#9815,#9816);
#8380=AXIS2_PLACEMENT_3D('',#12374,#9819,#9820);
#8381=AXIS2_PLACEMENT_3D('',#12381,#9822,#9823);
#8382=AXIS2_PLACEMENT_3D('',#12382,#9824,#9825);
#8383=AXIS2_PLACEMENT_3D('',#12385,#9827,#9828);
#8384=AXIS2_PLACEMENT_3D('',#12386,#9829,#9830);
#8385=AXIS2_PLACEMENT_3D('',#12392,#9831,#9832);
#8386=AXIS2_PLACEMENT_3D('',#12396,#9835,#9836);
#8387=AXIS2_PLACEMENT_3D('',#12400,#9839,#9840);
#8388=AXIS2_PLACEMENT_3D('',#12404,#9843,#9844);
#8389=AXIS2_PLACEMENT_3D('',#12408,#9847,#9848);
#8390=AXIS2_PLACEMENT_3D('',#12412,#9851,#9852);
#8391=AXIS2_PLACEMENT_3D('',#12419,#9854,#9855);
#8392=AXIS2_PLACEMENT_3D('',#12420,#9856,#9857);
#8393=AXIS2_PLACEMENT_3D('',#12423,#9859,#9860);
#8394=AXIS2_PLACEMENT_3D('',#12424,#9861,#9862);
#8395=AXIS2_PLACEMENT_3D('',#12430,#9863,#9864);
#8396=AXIS2_PLACEMENT_3D('',#12434,#9867,#9868);
#8397=AXIS2_PLACEMENT_3D('',#12436,#9870,#9871);
#8398=AXIS2_PLACEMENT_3D('',#12442,#9875,#9876);
#8399=AXIS2_PLACEMENT_3D('',#12446,#9879,#9880);
#8400=AXIS2_PLACEMENT_3D('',#12450,#9883,#9884);
#8401=AXIS2_PLACEMENT_3D('',#12454,#9887,#9888);
#8402=AXIS2_PLACEMENT_3D('',#12458,#9891,#9892);
#8403=AXIS2_PLACEMENT_3D('',#12462,#9895,#9896);
#8404=AXIS2_PLACEMENT_3D('',#12466,#9899,#9900);
#8405=AXIS2_PLACEMENT_3D('',#12468,#9902,#9903);
#8406=AXIS2_PLACEMENT_3D('',#12474,#9907,#9908);
#8407=AXIS2_PLACEMENT_3D('',#12475,#9909,#9910);
#8408=AXIS2_PLACEMENT_3D('',#12481,#9911,#9912);
#8409=AXIS2_PLACEMENT_3D('',#12482,#9913,#9914);
#8410=AXIS2_PLACEMENT_3D('',#12488,#9915,#9916);
#8411=AXIS2_PLACEMENT_3D('',#12489,#9917,#9918);
#8412=AXIS2_PLACEMENT_3D('',#12495,#9919,#9920);
#8413=AXIS2_PLACEMENT_3D('',#12496,#9921,#9922);
#8414=AXIS2_PLACEMENT_3D('',#12502,#9923,#9924);
#8415=AXIS2_PLACEMENT_3D('',#12503,#9925,#9926);
#8416=AXIS2_PLACEMENT_3D('',#12509,#9927,#9928);
#8417=AXIS2_PLACEMENT_3D('',#12510,#9929,#9930);
#8418=AXIS2_PLACEMENT_3D('',#12516,#9931,#9932);
#8419=AXIS2_PLACEMENT_3D('',#12517,#9933,#9934);
#8420=AXIS2_PLACEMENT_3D('',#12520,#9936,#9937);
#8421=AXIS2_PLACEMENT_3D('',#12524,#9940,#9941);
#8422=AXIS2_PLACEMENT_3D('',#12525,#9942,#9943);
#8423=AXIS2_PLACEMENT_3D('',#12531,#9944,#9945);
#8424=AXIS2_PLACEMENT_3D('',#12532,#9946,#9947);
#8425=AXIS2_PLACEMENT_3D('',#12538,#9948,#9949);
#8426=AXIS2_PLACEMENT_3D('',#12539,#9950,#9951);
#8427=AXIS2_PLACEMENT_3D('',#12545,#9952,#9953);
#8428=AXIS2_PLACEMENT_3D('',#12546,#9954,#9955);
#8429=AXIS2_PLACEMENT_3D('',#12552,#9956,#9957);
#8430=AXIS2_PLACEMENT_3D('',#12553,#9958,#9959);
#8431=AXIS2_PLACEMENT_3D('',#12559,#9960,#9961);
#8432=AXIS2_PLACEMENT_3D('',#12560,#9962,#9963);
#8433=AXIS2_PLACEMENT_3D('',#12566,#9964,#9965);
#8434=AXIS2_PLACEMENT_3D('',#12567,#9966,#9967);
#8435=AXIS2_PLACEMENT_3D('',#12570,#9969,#9970);
#8436=AXIS2_PLACEMENT_3D('',#12574,#9973,#9974);
#8437=AXIS2_PLACEMENT_3D('',#12575,#9975,#9976);
#8438=AXIS2_PLACEMENT_3D('',#12581,#9977,#9978);
#8439=AXIS2_PLACEMENT_3D('',#12582,#9979,#9980);
#8440=AXIS2_PLACEMENT_3D('',#12588,#9981,#9982);
#8441=AXIS2_PLACEMENT_3D('',#12589,#9983,#9984);
#8442=AXIS2_PLACEMENT_3D('',#12595,#9985,#9986);
#8443=AXIS2_PLACEMENT_3D('',#12596,#9987,#9988);
#8444=AXIS2_PLACEMENT_3D('',#12602,#9989,#9990);
#8445=AXIS2_PLACEMENT_3D('',#12603,#9991,#9992);
#8446=AXIS2_PLACEMENT_3D('',#12609,#9993,#9994);
#8447=AXIS2_PLACEMENT_3D('',#12610,#9995,#9996);
#8448=AXIS2_PLACEMENT_3D('',#12616,#9997,#9998);
#8449=AXIS2_PLACEMENT_3D('',#12617,#9999,#10000);
#8450=AXIS2_PLACEMENT_3D('',#12623,#10001,#10002);
#8451=AXIS2_PLACEMENT_3D('',#12624,#10003,#10004);
#8452=AXIS2_PLACEMENT_3D('',#12630,#10005,#10006);
#8453=AXIS2_PLACEMENT_3D('',#12631,#10007,#10008);
#8454=AXIS2_PLACEMENT_3D('',#12637,#10009,#10010);
#8455=AXIS2_PLACEMENT_3D('',#12638,#10011,#10012);
#8456=AXIS2_PLACEMENT_3D('',#12644,#10013,#10014);
#8457=AXIS2_PLACEMENT_3D('',#12645,#10015,#10016);
#8458=AXIS2_PLACEMENT_3D('',#12648,#10018,#10019);
#8459=AXIS2_PLACEMENT_3D('',#12649,#10020,#10021);
#8460=AXIS2_PLACEMENT_3D('',#12655,#10022,#10023);
#8461=AXIS2_PLACEMENT_3D('',#12656,#10024,#10025);
#8462=AXIS2_PLACEMENT_3D('',#12657,#10026,#10027);
#8463=AXIS2_PLACEMENT_3D('',#12663,#10031,#10032);
#8464=AXIS2_PLACEMENT_3D('',#12670,#10034,#10035);
#8465=AXIS2_PLACEMENT_3D('',#12671,#10036,#10037);
#8466=AXIS2_PLACEMENT_3D('',#12677,#10038,#10039);
#8467=AXIS2_PLACEMENT_3D('',#12678,#10040,#10041);
#8468=AXIS2_PLACEMENT_3D('',#12684,#10042,#10043);
#8469=AXIS2_PLACEMENT_3D('',#12685,#10044,#10045);
#8470=AXIS2_PLACEMENT_3D('',#12691,#10046,#10047);
#8471=AXIS2_PLACEMENT_3D('',#12692,#10048,#10049);
#8472=AXIS2_PLACEMENT_3D('',#12698,#10050,#10051);
#8473=AXIS2_PLACEMENT_3D('',#12699,#10052,#10053);
#8474=AXIS2_PLACEMENT_3D('',#12705,#10054,#10055);
#8475=AXIS2_PLACEMENT_3D('',#12706,#10056,#10057);
#8476=AXIS2_PLACEMENT_3D('',#12712,#10058,#10059);
#8477=AXIS2_PLACEMENT_3D('',#12716,#10062,#10063);
#8478=AXIS2_PLACEMENT_3D('',#12720,#10066,#10067);
#8479=AXIS2_PLACEMENT_3D('',#12722,#10069,#10070);
#8480=AXIS2_PLACEMENT_3D('',#12728,#10074,#10075);
#8481=AXIS2_PLACEMENT_3D('',#12732,#10078,#10079);
#8482=AXIS2_PLACEMENT_3D('',#12739,#10081,#10082);
#8483=AXIS2_PLACEMENT_3D('',#12746,#10084,#10085);
#8484=AXIS2_PLACEMENT_3D('',#12747,#10086,#10087);
#8485=AXIS2_PLACEMENT_3D('',#12753,#10088,#10089);
#8486=AXIS2_PLACEMENT_3D('',#12757,#10092,#10093);
#8487=AXIS2_PLACEMENT_3D('',#12761,#10096,#10097);
#8488=AXIS2_PLACEMENT_3D('',#12768,#10099,#10100);
#8489=AXIS2_PLACEMENT_3D('',#12769,#10101,#10102);
#8490=AXIS2_PLACEMENT_3D('',#12775,#10103,#10104);
#8491=AXIS2_PLACEMENT_3D('',#12776,#10105,#10106);
#8492=AXIS2_PLACEMENT_3D('',#12782,#10107,#10108);
#8493=AXIS2_PLACEMENT_3D('',#12786,#10111,#10112);
#8494=AXIS2_PLACEMENT_3D('',#12790,#10115,#10116);
#8495=AXIS2_PLACEMENT_3D('',#12794,#10119,#10120);
#8496=AXIS2_PLACEMENT_3D('',#12798,#10123,#10124);
#8497=AXIS2_PLACEMENT_3D('',#12805,#10126,#10127);
#8498=AXIS2_PLACEMENT_3D('',#12806,#10128,#10129);
#8499=AXIS2_PLACEMENT_3D('',#12809,#10131,#10132);
#8500=AXIS2_PLACEMENT_3D('',#12810,#10133,#10134);
#8501=AXIS2_PLACEMENT_3D('',#12816,#10135,#10136);
#8502=AXIS2_PLACEMENT_3D('',#12820,#10139,#10140);
#8503=AXIS2_PLACEMENT_3D('',#12822,#10142,#10143);
#8504=AXIS2_PLACEMENT_3D('',#12828,#10147,#10148);
#8505=AXIS2_PLACEMENT_3D('',#12832,#10151,#10152);
#8506=AXIS2_PLACEMENT_3D('',#12839,#10154,#10155);
#8507=AXIS2_PLACEMENT_3D('',#12840,#10156,#10157);
#8508=AXIS2_PLACEMENT_3D('',#12843,#10159,#10160);
#8509=AXIS2_PLACEMENT_3D('',#12844,#10161,#10162);
#8510=AXIS2_PLACEMENT_3D('',#12850,#10163,#10164);
#8511=AXIS2_PLACEMENT_3D('',#12854,#10167,#10168);
#8512=AXIS2_PLACEMENT_3D('',#12858,#10171,#10172);
#8513=AXIS2_PLACEMENT_3D('',#12862,#10175,#10176);
#8514=AXIS2_PLACEMENT_3D('',#12866,#10179,#10180);
#8515=AXIS2_PLACEMENT_3D('',#12870,#10183,#10184);
#8516=AXIS2_PLACEMENT_3D('',#12874,#10187,#10188);
#8517=AXIS2_PLACEMENT_3D('',#12878,#10191,#10192);
#8518=AXIS2_PLACEMENT_3D('',#12882,#10195,#10196);
#8519=AXIS2_PLACEMENT_3D('',#12886,#10199,#10200);
#8520=AXIS2_PLACEMENT_3D('',#12888,#10202,#10203);
#8521=AXIS2_PLACEMENT_3D('',#12894,#10204,#10205);
#8522=AXIS2_PLACEMENT_3D('',#12897,#10207,#10208);
#8523=AXIS2_PLACEMENT_3D('',#12898,#10209,#10210);
#8524=AXIS2_PLACEMENT_3D('',#12904,#10211,#10212);
#8525=AXIS2_PLACEMENT_3D('',#12905,#10213,#10214);
#8526=AXIS2_PLACEMENT_3D('',#12911,#10215,#10216);
#8527=AXIS2_PLACEMENT_3D('',#12912,#10217,#10218);
#8528=AXIS2_PLACEMENT_3D('',#12918,#10219,#10220);
#8529=AXIS2_PLACEMENT_3D('',#12919,#10221,#10222);
#8530=AXIS2_PLACEMENT_3D('',#12925,#10223,#10224);
#8531=AXIS2_PLACEMENT_3D('',#12926,#10225,#10226);
#8532=AXIS2_PLACEMENT_3D('',#12932,#10227,#10228);
#8533=AXIS2_PLACEMENT_3D('',#12933,#10229,#10230);
#8534=AXIS2_PLACEMENT_3D('',#12939,#10231,#10232);
#8535=AXIS2_PLACEMENT_3D('',#12940,#10233,#10234);
#8536=AXIS2_PLACEMENT_3D('',#12943,#10236,#10237);
#8537=AXIS2_PLACEMENT_3D('',#12944,#10238,#10239);
#8538=AXIS2_PLACEMENT_3D('',#12947,#10241,#10242);
#8539=AXIS2_PLACEMENT_3D('',#12948,#10243,#10244);
#8540=AXIS2_PLACEMENT_3D('',#12954,#10245,#10246);
#8541=AXIS2_PLACEMENT_3D('',#12955,#10247,#10248);
#8542=AXIS2_PLACEMENT_3D('',#12961,#10249,#10250);
#8543=AXIS2_PLACEMENT_3D('',#12962,#10251,#10252);
#8544=AXIS2_PLACEMENT_3D('',#12963,#10253,#10254);
#8545=AXIS2_PLACEMENT_3D('',#12969,#10258,#10259);
#8546=AXIS2_PLACEMENT_3D('',#12973,#10262,#10263);
#8547=AXIS2_PLACEMENT_3D('',#12977,#10266,#10267);
#8548=AXIS2_PLACEMENT_3D('',#12979,#10269,#10270);
#8549=AXIS2_PLACEMENT_3D('',#12980,#10271,#10272);
#8550=AXIS2_PLACEMENT_3D('',#12983,#10273,#10274);
#8551=AXIS2_PLACEMENT_3D('',#12985,#10275,#10276);
#8552=AXIS2_PLACEMENT_3D('',#12987,#10277,#10278);
#8553=AXIS2_PLACEMENT_3D('',#12989,#10279,#10280);
#8554=AXIS2_PLACEMENT_3D('',#12991,#10281,#10282);
#8555=AXIS2_PLACEMENT_3D('',#12993,#10283,#10284);
#8556=AXIS2_PLACEMENT_3D('',#12995,#10285,#10286);
#8557=AXIS2_PLACEMENT_3D('',#12997,#10287,#10288);
#8558=AXIS2_PLACEMENT_3D('',#12999,#10289,#10290);
#8559=AXIS2_PLACEMENT_3D('',#13001,#10291,#10292);
#8560=AXIS2_PLACEMENT_3D('',#13003,#10293,#10294);
#8561=AXIS2_PLACEMENT_3D('',#13007,#10296,#10297);
#8562=AXIS2_PLACEMENT_3D('',#13009,#10298,#10299);
#8563=AXIS2_PLACEMENT_3D('',#13011,#10300,#10301);
#8564=AXIS2_PLACEMENT_3D('',#13013,#10302,#10303);
#8565=AXIS2_PLACEMENT_3D('',#13015,#10304,#10305);
#8566=AXIS2_PLACEMENT_3D('',#13017,#10306,#10307);
#8567=AXIS2_PLACEMENT_3D('',#13019,#10308,#10309);
#8568=AXIS2_PLACEMENT_3D('',#13021,#10310,#10311);
#8569=AXIS2_PLACEMENT_3D('',#13023,#10312,#10313);
#8570=AXIS2_PLACEMENT_3D('',#13025,#10314,#10315);
#8571=AXIS2_PLACEMENT_3D('',#13027,#10316,#10317);
#8572=AXIS2_PLACEMENT_3D('',#13029,#10318,#10319);
#8573=AXIS2_PLACEMENT_3D('',#13031,#10320,#10321);
#8574=AXIS2_PLACEMENT_3D('',#13033,#10322,#10323);
#8575=AXIS2_PLACEMENT_3D('',#13035,#10324,#10325);
#8576=AXIS2_PLACEMENT_3D('',#13037,#10326,#10327);
#8577=AXIS2_PLACEMENT_3D('',#13041,#10329,#10330);
#8578=AXIS2_PLACEMENT_3D('',#13043,#10331,#10332);
#8579=AXIS2_PLACEMENT_3D('',#13045,#10333,#10334);
#8580=AXIS2_PLACEMENT_3D('',#13047,#10335,#10336);
#8581=AXIS2_PLACEMENT_3D('',#13049,#10337,#10338);
#8582=AXIS2_PLACEMENT_3D('',#13051,#10339,#10340);
#8583=AXIS2_PLACEMENT_3D('',#13053,#10341,#10342);
#8584=AXIS2_PLACEMENT_3D('',#13055,#10343,#10344);
#8585=AXIS2_PLACEMENT_3D('',#13057,#10345,#10346);
#8586=AXIS2_PLACEMENT_3D('',#13059,#10347,#10348);
#8587=AXIS2_PLACEMENT_3D('',#13061,#10349,#10350);
#8588=AXIS2_PLACEMENT_3D('',#13063,#10351,#10352);
#8589=AXIS2_PLACEMENT_3D('',#13065,#10353,#10354);
#8590=AXIS2_PLACEMENT_3D('',#13067,#10355,#10356);
#8591=AXIS2_PLACEMENT_3D('',#13069,#10357,#10358);
#8592=AXIS2_PLACEMENT_3D('',#13073,#10360,#10361);
#8593=AXIS2_PLACEMENT_3D('',#13075,#10362,#10363);
#8594=AXIS2_PLACEMENT_3D('',#13077,#10364,#10365);
#8595=AXIS2_PLACEMENT_3D('',#13079,#10366,#10367);
#8596=AXIS2_PLACEMENT_3D('',#13081,#10368,#10369);
#8597=AXIS2_PLACEMENT_3D('',#13083,#10370,#10371);
#8598=AXIS2_PLACEMENT_3D('',#13085,#10372,#10373);
#8599=AXIS2_PLACEMENT_3D('',#13087,#10374,#10375);
#8600=AXIS2_PLACEMENT_3D('',#13089,#10376,#10377);
#8601=AXIS2_PLACEMENT_3D('',#13091,#10378,#10379);
#8602=AXIS2_PLACEMENT_3D('',#13093,#10380,#10381);
#8603=AXIS2_PLACEMENT_3D('',#13095,#10382,#10383);
#8604=AXIS2_PLACEMENT_3D('',#13097,#10384,#10385);
#8605=AXIS2_PLACEMENT_3D('',#13099,#10386,#10387);
#8606=AXIS2_PLACEMENT_3D('',#13101,#10388,#10389);
#8607=AXIS2_PLACEMENT_3D('',#13103,#10390,#10391);
#8608=AXIS2_PLACEMENT_3D('',#13107,#10393,#10394);
#8609=AXIS2_PLACEMENT_3D('',#13109,#10395,#10396);
#8610=AXIS2_PLACEMENT_3D('',#13111,#10397,#10398);
#8611=AXIS2_PLACEMENT_3D('',#13113,#10399,#10400);
#8612=AXIS2_PLACEMENT_3D('',#13115,#10401,#10402);
#8613=AXIS2_PLACEMENT_3D('',#13117,#10403,#10404);
#8614=AXIS2_PLACEMENT_3D('',#13119,#10405,#10406);
#8615=AXIS2_PLACEMENT_3D('',#13121,#10407,#10408);
#8616=AXIS2_PLACEMENT_3D('',#13123,#10409,#10410);
#8617=AXIS2_PLACEMENT_3D('',#13125,#10411,#10412);
#8618=AXIS2_PLACEMENT_3D('',#13127,#10413,#10414);
#8619=AXIS2_PLACEMENT_3D('',#13129,#10415,#10416);
#8620=AXIS2_PLACEMENT_3D('',#13131,#10417,#10418);
#8621=AXIS2_PLACEMENT_3D('',#13133,#10419,#10420);
#8622=AXIS2_PLACEMENT_3D('',#13135,#10421,#10422);
#8623=AXIS2_PLACEMENT_3D('',#13136,#10423,#10424);
#8624=AXIS2_PLACEMENT_3D('',#13139,#10425,#10426);
#8625=AXIS2_PLACEMENT_3D('',#13141,#10427,#10428);
#8626=AXIS2_PLACEMENT_3D('',#13143,#10429,#10430);
#8627=AXIS2_PLACEMENT_3D('',#13145,#10431,#10432);
#8628=AXIS2_PLACEMENT_3D('',#13147,#10433,#10434);
#8629=AXIS2_PLACEMENT_3D('',#13149,#10435,#10436);
#8630=AXIS2_PLACEMENT_3D('',#13151,#10437,#10438);
#8631=AXIS2_PLACEMENT_3D('',#13153,#10439,#10440);
#8632=AXIS2_PLACEMENT_3D('',#13155,#10441,#10442);
#8633=AXIS2_PLACEMENT_3D('',#13157,#10443,#10444);
#8634=AXIS2_PLACEMENT_3D('',#13159,#10445,#10446);
#8635=AXIS2_PLACEMENT_3D('',#13161,#10447,#10448);
#8636=AXIS2_PLACEMENT_3D('',#13163,#10449,#10450);
#8637=AXIS2_PLACEMENT_3D('',#13167,#10452,#10453);
#8638=AXIS2_PLACEMENT_3D('',#13169,#10454,#10455);
#8639=AXIS2_PLACEMENT_3D('',#13171,#10456,#10457);
#8640=AXIS2_PLACEMENT_3D('',#13173,#10458,#10459);
#8641=AXIS2_PLACEMENT_3D('',#13175,#10460,#10461);
#8642=AXIS2_PLACEMENT_3D('',#13177,#10462,#10463);
#8643=AXIS2_PLACEMENT_3D('',#13179,#10464,#10465);
#8644=AXIS2_PLACEMENT_3D('',#13183,#10467,#10468);
#8645=AXIS2_PLACEMENT_3D('',#13185,#10469,#10470);
#8646=AXIS2_PLACEMENT_3D('',#13189,#10472,#10473);
#8647=AXIS2_PLACEMENT_3D('',#13197,#10477,#10478);
#8648=AXIS2_PLACEMENT_3D('',#13199,#10479,#10480);
#8649=AXIS2_PLACEMENT_3D('',#13201,#10481,#10482);
#8650=AXIS2_PLACEMENT_3D('',#13203,#10483,#10484);
#8651=AXIS2_PLACEMENT_3D('',#13205,#10485,#10486);
#8652=AXIS2_PLACEMENT_3D('',#13207,#10487,#10488);
#8653=AXIS2_PLACEMENT_3D('',#13209,#10489,#10490);
#8654=AXIS2_PLACEMENT_3D('',#13217,#10494,#10495);
#8655=AXIS2_PLACEMENT_3D('',#13219,#10496,#10497);
#8656=AXIS2_PLACEMENT_3D('',#13221,#10498,#10499);
#8657=AXIS2_PLACEMENT_3D('',#13223,#10500,#10501);
#8658=AXIS2_PLACEMENT_3D('',#13225,#10502,#10503);
#8659=AXIS2_PLACEMENT_3D('',#13233,#10507,#10508);
#8660=AXIS2_PLACEMENT_3D('',#13235,#10509,#10510);
#8661=AXIS2_PLACEMENT_3D('',#13237,#10511,#10512);
#8662=AXIS2_PLACEMENT_3D('',#13239,#10513,#10514);
#8663=AXIS2_PLACEMENT_3D('',#13241,#10515,#10516);
#8664=AXIS2_PLACEMENT_3D('',#13262,#10527,#10528);
#8665=AXIS2_PLACEMENT_3D('',#13263,#10529,#10530);
#8666=AXIS2_PLACEMENT_3D('',#13264,#10531,#10532);
#8667=AXIS2_PLACEMENT_3D('',#13265,#10533,#10534);
#8668=AXIS2_PLACEMENT_3D('',#13273,#10538,#10539);
#8669=AXIS2_PLACEMENT_3D('',#13275,#10540,#10541);
#8670=AXIS2_PLACEMENT_3D('',#13277,#10542,#10543);
#8671=AXIS2_PLACEMENT_3D('',#13279,#10544,#10545);
#8672=AXIS2_PLACEMENT_3D('',#13281,#10546,#10547);
#8673=AXIS2_PLACEMENT_3D('',#13282,#10548,#10549);
#8674=AXIS2_PLACEMENT_3D('',#13283,#10550,#10551);
#8675=AXIS2_PLACEMENT_3D('',#13284,#10552,#10553);
#8676=AXIS2_PLACEMENT_3D('',#13285,#10554,#10555);
#8677=AXIS2_PLACEMENT_3D('',#13288,#10556,#10557);
#8678=AXIS2_PLACEMENT_3D('',#13290,#10558,#10559);
#8679=AXIS2_PLACEMENT_3D('',#13292,#10560,#10561);
#8680=AXIS2_PLACEMENT_3D('',#13294,#10562,#10563);
#8681=AXIS2_PLACEMENT_3D('',#13296,#10564,#10565);
#8682=AXIS2_PLACEMENT_3D('',#13298,#10566,#10567);
#8683=AXIS2_PLACEMENT_3D('',#13300,#10568,#10569);
#8684=AXIS2_PLACEMENT_3D('',#13301,#10570,#10571);
#8685=AXIS2_PLACEMENT_3D('',#13302,#10572,#10573);
#8686=AXIS2_PLACEMENT_3D('',#13305,#10575,#10576);
#8687=AXIS2_PLACEMENT_3D('',#13311,#10577,#10578);
#8688=AXIS2_PLACEMENT_3D('',#13317,#10579,#10580);
#8689=AXIS2_PLACEMENT_3D('',#13318,#10581,#10582);
#8690=AXIS2_PLACEMENT_3D('',#13324,#10583,#10584);
#8691=AXIS2_PLACEMENT_3D('',#13325,#10585,#10586);
#8692=AXIS2_PLACEMENT_3D('',#13328,#10588,#10589);
#8693=AXIS2_PLACEMENT_3D('',#13329,#10590,#10591);
#8694=AXIS2_PLACEMENT_3D('',#13335,#10592,#10593);
#8695=AXIS2_PLACEMENT_3D('',#13336,#10594,#10595);
#8696=AXIS2_PLACEMENT_3D('',#13342,#10596,#10597);
#8697=AXIS2_PLACEMENT_3D('',#13343,#10598,#10599);
#8698=AXIS2_PLACEMENT_3D('',#13346,#10601,#10602);
#8699=AXIS2_PLACEMENT_3D('',#13347,#10603,#10604);
#8700=AXIS2_PLACEMENT_3D('',#13353,#10605,#10606);
#8701=AXIS2_PLACEMENT_3D('',#13354,#10607,#10608);
#8702=AXIS2_PLACEMENT_3D('',#13360,#10609,#10610);
#8703=AXIS2_PLACEMENT_3D('',#13361,#10611,#10612);
#8704=AXIS2_PLACEMENT_3D('',#13364,#10614,#10615);
#8705=AXIS2_PLACEMENT_3D('',#13365,#10616,#10617);
#8706=AXIS2_PLACEMENT_3D('',#13371,#10618,#10619);
#8707=AXIS2_PLACEMENT_3D('',#13372,#10620,#10621);
#8708=AXIS2_PLACEMENT_3D('',#13373,#10622,#10623);
#8709=AXIS2_PLACEMENT_3D('',#13374,#10624,#10625);
#8710=AXIS2_PLACEMENT_3D('',#13380,#10629,#10630);
#8711=AXIS2_PLACEMENT_3D('',#13386,#10631,#10632);
#8712=AXIS2_PLACEMENT_3D('',#13387,#10633,#10634);
#8713=AXIS2_PLACEMENT_3D('',#13393,#10635,#10636);
#8714=AXIS2_PLACEMENT_3D('',#13394,#10637,#10638);
#8715=AXIS2_PLACEMENT_3D('',#13400,#10639,#10640);
#8716=AXIS2_PLACEMENT_3D('',#13401,#10641,#10642);
#8717=AXIS2_PLACEMENT_3D('',#13407,#10643,#10644);
#8718=AXIS2_PLACEMENT_3D('',#13408,#10645,#10646);
#8719=AXIS2_PLACEMENT_3D('',#13414,#10647,#10648);
#8720=AXIS2_PLACEMENT_3D('',#13415,#10649,#10650);
#8721=AXIS2_PLACEMENT_3D('',#13421,#10651,#10652);
#8722=AXIS2_PLACEMENT_3D('',#13422,#10653,#10654);
#8723=AXIS2_PLACEMENT_3D('',#13428,#10655,#10656);
#8724=AXIS2_PLACEMENT_3D('',#13429,#10657,#10658);
#8725=AXIS2_PLACEMENT_3D('',#13435,#10659,#10660);
#8726=AXIS2_PLACEMENT_3D('',#13436,#10661,#10662);
#8727=AXIS2_PLACEMENT_3D('',#13442,#10663,#10664);
#8728=AXIS2_PLACEMENT_3D('',#13443,#10665,#10666);
#8729=AXIS2_PLACEMENT_3D('',#13449,#10667,#10668);
#8730=AXIS2_PLACEMENT_3D('',#13450,#10669,#10670);
#8731=AXIS2_PLACEMENT_3D('',#13456,#10671,#10672);
#8732=AXIS2_PLACEMENT_3D('',#13457,#10673,#10674);
#8733=AXIS2_PLACEMENT_3D('',#13463,#10675,#10676);
#8734=AXIS2_PLACEMENT_3D('',#13464,#10677,#10678);
#8735=AXIS2_PLACEMENT_3D('',#13470,#10679,#10680);
#8736=AXIS2_PLACEMENT_3D('',#13471,#10681,#10682);
#8737=AXIS2_PLACEMENT_3D('',#13477,#10683,#10684);
#8738=AXIS2_PLACEMENT_3D('',#13478,#10685,#10686);
#8739=AXIS2_PLACEMENT_3D('',#13481,#10688,#10689);
#8740=AXIS2_PLACEMENT_3D('',#13482,#10690,#10691);
#8741=AXIS2_PLACEMENT_3D('',#13486,#10694,#10695);
#8742=AXIS2_PLACEMENT_3D('',#13489,#10697,#10698);
#8743=AXIS2_PLACEMENT_3D('',#13490,#10699,#10700);
#8744=AXIS2_PLACEMENT_3D('',#13496,#10701,#10702);
#8745=AXIS2_PLACEMENT_3D('',#13497,#10703,#10704);
#8746=AXIS2_PLACEMENT_3D('',#13503,#10705,#10706);
#8747=AXIS2_PLACEMENT_3D('',#13504,#10707,#10708);
#8748=AXIS2_PLACEMENT_3D('',#13510,#10709,#10710);
#8749=AXIS2_PLACEMENT_3D('',#13511,#10711,#10712);
#8750=AXIS2_PLACEMENT_3D('',#13517,#10713,#10714);
#8751=AXIS2_PLACEMENT_3D('',#13518,#10715,#10716);
#8752=AXIS2_PLACEMENT_3D('',#13524,#10717,#10718);
#8753=AXIS2_PLACEMENT_3D('',#13525,#10719,#10720);
#8754=AXIS2_PLACEMENT_3D('',#13531,#10721,#10722);
#8755=AXIS2_PLACEMENT_3D('',#13532,#10723,#10724);
#8756=AXIS2_PLACEMENT_3D('',#13538,#10725,#10726);
#8757=AXIS2_PLACEMENT_3D('',#13539,#10727,#10728);
#8758=AXIS2_PLACEMENT_3D('',#13545,#10729,#10730);
#8759=AXIS2_PLACEMENT_3D('',#13546,#10731,#10732);
#8760=AXIS2_PLACEMENT_3D('',#13552,#10733,#10734);
#8761=AXIS2_PLACEMENT_3D('',#13553,#10735,#10736);
#8762=AXIS2_PLACEMENT_3D('',#13559,#10737,#10738);
#8763=AXIS2_PLACEMENT_3D('',#13560,#10739,#10740);
#8764=AXIS2_PLACEMENT_3D('',#13566,#10741,#10742);
#8765=AXIS2_PLACEMENT_3D('',#13567,#10743,#10744);
#8766=AXIS2_PLACEMENT_3D('',#13573,#10745,#10746);
#8767=AXIS2_PLACEMENT_3D('',#13574,#10747,#10748);
#8768=AXIS2_PLACEMENT_3D('',#13577,#10750,#10751);
#8769=AXIS2_PLACEMENT_3D('',#13578,#10752,#10753);
#8770=AXIS2_PLACEMENT_3D('',#13584,#10754,#10755);
#8771=AXIS2_PLACEMENT_3D('',#13585,#10756,#10757);
#8772=AXIS2_PLACEMENT_3D('',#13586,#10758,#10759);
#8773=AXIS2_PLACEMENT_3D('',#13587,#10760,#10761);
#8774=AXIS2_PLACEMENT_3D('',#13593,#10765,#10766);
#8775=AXIS2_PLACEMENT_3D('',#13599,#10767,#10768);
#8776=AXIS2_PLACEMENT_3D('',#13600,#10769,#10770);
#8777=AXIS2_PLACEMENT_3D('',#13606,#10771,#10772);
#8778=AXIS2_PLACEMENT_3D('',#13607,#10773,#10774);
#8779=AXIS2_PLACEMENT_3D('',#13613,#10775,#10776);
#8780=AXIS2_PLACEMENT_3D('',#13614,#10777,#10778);
#8781=AXIS2_PLACEMENT_3D('',#13620,#10779,#10780);
#8782=AXIS2_PLACEMENT_3D('',#13621,#10781,#10782);
#8783=AXIS2_PLACEMENT_3D('',#13627,#10783,#10784);
#8784=AXIS2_PLACEMENT_3D('',#13628,#10785,#10786);
#8785=AXIS2_PLACEMENT_3D('',#13634,#10787,#10788);
#8786=AXIS2_PLACEMENT_3D('',#13635,#10789,#10790);
#8787=AXIS2_PLACEMENT_3D('',#13641,#10791,#10792);
#8788=AXIS2_PLACEMENT_3D('',#13642,#10793,#10794);
#8789=AXIS2_PLACEMENT_3D('',#13648,#10795,#10796);
#8790=AXIS2_PLACEMENT_3D('',#13649,#10797,#10798);
#8791=AXIS2_PLACEMENT_3D('',#13655,#10799,#10800);
#8792=AXIS2_PLACEMENT_3D('',#13656,#10801,#10802);
#8793=AXIS2_PLACEMENT_3D('',#13662,#10803,#10804);
#8794=AXIS2_PLACEMENT_3D('',#13663,#10805,#10806);
#8795=AXIS2_PLACEMENT_3D('',#13669,#10807,#10808);
#8796=AXIS2_PLACEMENT_3D('',#13670,#10809,#10810);
#8797=AXIS2_PLACEMENT_3D('',#13676,#10811,#10812);
#8798=AXIS2_PLACEMENT_3D('',#13677,#10813,#10814);
#8799=AXIS2_PLACEMENT_3D('',#13683,#10815,#10816);
#8800=AXIS2_PLACEMENT_3D('',#13684,#10817,#10818);
#8801=AXIS2_PLACEMENT_3D('',#13690,#10819,#10820);
#8802=AXIS2_PLACEMENT_3D('',#13691,#10821,#10822);
#8803=AXIS2_PLACEMENT_3D('',#13694,#10824,#10825);
#8804=AXIS2_PLACEMENT_3D('',#13695,#10826,#10827);
#8805=AXIS2_PLACEMENT_3D('',#13699,#10830,#10831);
#8806=AXIS2_PLACEMENT_3D('',#13702,#10833,#10834);
#8807=AXIS2_PLACEMENT_3D('',#13703,#10835,#10836);
#8808=AXIS2_PLACEMENT_3D('',#13709,#10837,#10838);
#8809=AXIS2_PLACEMENT_3D('',#13710,#10839,#10840);
#8810=AXIS2_PLACEMENT_3D('',#13716,#10841,#10842);
#8811=AXIS2_PLACEMENT_3D('',#13717,#10843,#10844);
#8812=AXIS2_PLACEMENT_3D('',#13723,#10845,#10846);
#8813=AXIS2_PLACEMENT_3D('',#13724,#10847,#10848);
#8814=AXIS2_PLACEMENT_3D('',#13730,#10849,#10850);
#8815=AXIS2_PLACEMENT_3D('',#13731,#10851,#10852);
#8816=AXIS2_PLACEMENT_3D('',#13737,#10853,#10854);
#8817=AXIS2_PLACEMENT_3D('',#13738,#10855,#10856);
#8818=AXIS2_PLACEMENT_3D('',#13744,#10857,#10858);
#8819=AXIS2_PLACEMENT_3D('',#13745,#10859,#10860);
#8820=AXIS2_PLACEMENT_3D('',#13751,#10861,#10862);
#8821=AXIS2_PLACEMENT_3D('',#13752,#10863,#10864);
#8822=AXIS2_PLACEMENT_3D('',#13758,#10865,#10866);
#8823=AXIS2_PLACEMENT_3D('',#13759,#10867,#10868);
#8824=AXIS2_PLACEMENT_3D('',#13765,#10869,#10870);
#8825=AXIS2_PLACEMENT_3D('',#13766,#10871,#10872);
#8826=AXIS2_PLACEMENT_3D('',#13772,#10873,#10874);
#8827=AXIS2_PLACEMENT_3D('',#13773,#10875,#10876);
#8828=AXIS2_PLACEMENT_3D('',#13779,#10877,#10878);
#8829=AXIS2_PLACEMENT_3D('',#13780,#10879,#10880);
#8830=AXIS2_PLACEMENT_3D('',#13786,#10881,#10882);
#8831=AXIS2_PLACEMENT_3D('',#13787,#10883,#10884);
#8832=AXIS2_PLACEMENT_3D('',#13790,#10886,#10887);
#8833=AXIS2_PLACEMENT_3D('',#13791,#10888,#10889);
#8834=AXIS2_PLACEMENT_3D('',#13797,#10890,#10891);
#8835=AXIS2_PLACEMENT_3D('',#13798,#10892,#10893);
#8836=AXIS2_PLACEMENT_3D('',#13799,#10894,#10895);
#8837=AXIS2_PLACEMENT_3D('',#13800,#10896,#10897);
#8838=AXIS2_PLACEMENT_3D('',#13803,#10899,#10900);
#8839=AXIS2_PLACEMENT_3D('',#13809,#10901,#10902);
#8840=AXIS2_PLACEMENT_3D('',#13812,#10904,#10905);
#8841=AXIS2_PLACEMENT_3D('',#13813,#10906,#10907);
#8842=AXIS2_PLACEMENT_3D('',#13817,#10910,#10911);
#8843=AXIS2_PLACEMENT_3D('',#13823,#10912,#10913);
#8844=AXIS2_PLACEMENT_3D('',#13824,#10914,#10915);
#8845=AXIS2_PLACEMENT_3D('',#13830,#10916,#10917);
#8846=AXIS2_PLACEMENT_3D('',#13831,#10918,#10919);
#8847=AXIS2_PLACEMENT_3D('',#13838,#10921,#10922);
#8848=AXIS2_PLACEMENT_3D('',#13844,#10923,#10924);
#8849=AXIS2_PLACEMENT_3D('',#13845,#10925,#10926);
#8850=AXIS2_PLACEMENT_3D('',#13851,#10927,#10928);
#8851=AXIS2_PLACEMENT_3D('',#13852,#10929,#10930);
#8852=AXIS2_PLACEMENT_3D('',#13858,#10931,#10932);
#8853=AXIS2_PLACEMENT_3D('',#13859,#10933,#10934);
#8854=AXIS2_PLACEMENT_3D('',#13865,#10935,#10936);
#8855=AXIS2_PLACEMENT_3D('',#13866,#10937,#10938);
#8856=AXIS2_PLACEMENT_3D('',#13872,#10939,#10940);
#8857=AXIS2_PLACEMENT_3D('',#13873,#10941,#10942);
#8858=AXIS2_PLACEMENT_3D('',#13876,#10944,#10945);
#8859=AXIS2_PLACEMENT_3D('',#13877,#10946,#10947);
#8860=AXIS2_PLACEMENT_3D('',#13880,#10949,#10950);
#8861=AXIS2_PLACEMENT_3D('',#13881,#10951,#10952);
#8862=AXIS2_PLACEMENT_3D('',#13885,#10955,#10956);
#8863=AXIS2_PLACEMENT_3D('',#13888,#10958,#10959);
#8864=AXIS2_PLACEMENT_3D('',#13889,#10960,#10961);
#8865=AXIS2_PLACEMENT_3D('',#13892,#10963,#10964);
#8866=AXIS2_PLACEMENT_3D('',#13893,#10965,#10966);
#8867=AXIS2_PLACEMENT_3D('',#13896,#10968,#10969);
#8868=AXIS2_PLACEMENT_3D('',#13897,#10970,#10971);
#8869=AXIS2_PLACEMENT_3D('',#13903,#10972,#10973);
#8870=AXIS2_PLACEMENT_3D('',#13904,#10974,#10975);
#8871=AXIS2_PLACEMENT_3D('',#13907,#10977,#10978);
#8872=AXIS2_PLACEMENT_3D('',#13908,#10979,#10980);
#8873=AXIS2_PLACEMENT_3D('',#13914,#10981,#10982);
#8874=AXIS2_PLACEMENT_3D('',#13915,#10983,#10984);
#8875=AXIS2_PLACEMENT_3D('',#13921,#10985,#10986);
#8876=AXIS2_PLACEMENT_3D('',#13922,#10987,#10988);
#8877=AXIS2_PLACEMENT_3D('',#13925,#10990,#10991);
#8878=AXIS2_PLACEMENT_3D('',#13926,#10992,#10993);
#8879=AXIS2_PLACEMENT_3D('',#13932,#10994,#10995);
#8880=AXIS2_PLACEMENT_3D('',#13933,#10996,#10997);
#8881=AXIS2_PLACEMENT_3D('',#13939,#10998,#10999);
#8882=AXIS2_PLACEMENT_3D('',#13940,#11000,#11001);
#8883=AXIS2_PLACEMENT_3D('',#13946,#11002,#11003);
#8884=AXIS2_PLACEMENT_3D('',#13947,#11004,#11005);
#8885=AXIS2_PLACEMENT_3D('',#13953,#11006,#11007);
#8886=AXIS2_PLACEMENT_3D('',#13954,#11008,#11009);
#8887=AXIS2_PLACEMENT_3D('',#13955,#11010,#11011);
#8888=AXIS2_PLACEMENT_3D('',#13956,#11012,#11013);
#8889=AXIS2_PLACEMENT_3D('',#13962,#11017,#11018);
#8890=AXIS2_PLACEMENT_3D('',#13966,#11021,#11022);
#8891=AXIS2_PLACEMENT_3D('',#13973,#11024,#11025);
#8892=AXIS2_PLACEMENT_3D('',#13979,#11026,#11027);
#8893=AXIS2_PLACEMENT_3D('',#13980,#11028,#11029);
#8894=AXIS2_PLACEMENT_3D('',#13986,#11030,#11031);
#8895=AXIS2_PLACEMENT_3D('',#13987,#11032,#11033);
#8896=AXIS2_PLACEMENT_3D('',#13993,#11034,#11035);
#8897=AXIS2_PLACEMENT_3D('',#13994,#11036,#11037);
#8898=AXIS2_PLACEMENT_3D('',#13997,#11039,#11040);
#8899=AXIS2_PLACEMENT_3D('',#13998,#11041,#11042);
#8900=AXIS2_PLACEMENT_3D('',#14004,#11043,#11044);
#8901=AXIS2_PLACEMENT_3D('',#14005,#11045,#11046);
#8902=AXIS2_PLACEMENT_3D('',#14009,#11049,#11050);
#8903=AXIS2_PLACEMENT_3D('',#14013,#11053,#11054);
#8904=AXIS2_PLACEMENT_3D('',#14020,#11056,#11057);
#8905=AXIS2_PLACEMENT_3D('',#14026,#11058,#11059);
#8906=AXIS2_PLACEMENT_3D('',#14027,#11060,#11061);
#8907=AXIS2_PLACEMENT_3D('',#14033,#11062,#11063);
#8908=AXIS2_PLACEMENT_3D('',#14034,#11064,#11065);
#8909=AXIS2_PLACEMENT_3D('',#14040,#11066,#11067);
#8910=AXIS2_PLACEMENT_3D('',#14041,#11068,#11069);
#8911=AXIS2_PLACEMENT_3D('',#14047,#11070,#11071);
#8912=AXIS2_PLACEMENT_3D('',#14048,#11072,#11073);
#8913=AXIS2_PLACEMENT_3D('',#14054,#11074,#11075);
#8914=AXIS2_PLACEMENT_3D('',#14055,#11076,#11077);
#8915=AXIS2_PLACEMENT_3D('',#14059,#11080,#11081);
#8916=AXIS2_PLACEMENT_3D('',#14063,#11084,#11085);
#8917=AXIS2_PLACEMENT_3D('',#14070,#11087,#11088);
#8918=AXIS2_PLACEMENT_3D('',#14076,#11089,#11090);
#8919=AXIS2_PLACEMENT_3D('',#14077,#11091,#11092);
#8920=AXIS2_PLACEMENT_3D('',#14083,#11093,#11094);
#8921=AXIS2_PLACEMENT_3D('',#14084,#11095,#11096);
#8922=AXIS2_PLACEMENT_3D('',#14087,#11098,#11099);
#8923=AXIS2_PLACEMENT_3D('',#14088,#11100,#11101);
#8924=AXIS2_PLACEMENT_3D('',#14094,#11102,#11103);
#8925=AXIS2_PLACEMENT_3D('',#14095,#11104,#11105);
#8926=AXIS2_PLACEMENT_3D('',#14101,#11106,#11107);
#8927=AXIS2_PLACEMENT_3D('',#14102,#11108,#11109);
#8928=AXIS2_PLACEMENT_3D('',#14108,#11110,#11111);
#8929=AXIS2_PLACEMENT_3D('',#14109,#11112,#11113);
#8930=AXIS2_PLACEMENT_3D('',#14112,#11115,#11116);
#8931=AXIS2_PLACEMENT_3D('',#14113,#11117,#11118);
#8932=AXIS2_PLACEMENT_3D('',#14117,#11121,#11122);
#8933=AXIS2_PLACEMENT_3D('',#14119,#11124,#11125);
#8934=AXIS2_PLACEMENT_3D('',#14125,#11129,#11130);
#8935=AXIS2_PLACEMENT_3D('',#14129,#11133,#11134);
#8936=AXIS2_PLACEMENT_3D('',#14133,#11137,#11138);
#8937=AXIS2_PLACEMENT_3D('',#14137,#11141,#11142);
#8938=AXIS2_PLACEMENT_3D('',#14141,#11145,#11146);
#8939=AXIS2_PLACEMENT_3D('',#14145,#11149,#11150);
#8940=AXIS2_PLACEMENT_3D('',#14149,#11153,#11154);
#8941=AXIS2_PLACEMENT_3D('',#14151,#11156,#11157);
#8942=AXIS2_PLACEMENT_3D('',#14160,#11160,#11161);
#8943=AXIS2_PLACEMENT_3D('',#14164,#11164,#11165);
#8944=AXIS2_PLACEMENT_3D('',#14171,#11167,#11168);
#8945=AXIS2_PLACEMENT_3D('',#14172,#11169,#11170);
#8946=AXIS2_PLACEMENT_3D('',#14178,#11171,#11172);
#8947=AXIS2_PLACEMENT_3D('',#14179,#11173,#11174);
#8948=AXIS2_PLACEMENT_3D('',#14185,#11175,#11176);
#8949=AXIS2_PLACEMENT_3D('',#14186,#11177,#11178);
#8950=AXIS2_PLACEMENT_3D('',#14192,#11179,#11180);
#8951=AXIS2_PLACEMENT_3D('',#14193,#11181,#11182);
#8952=AXIS2_PLACEMENT_3D('',#14199,#11183,#11184);
#8953=AXIS2_PLACEMENT_3D('',#14200,#11185,#11186);
#8954=AXIS2_PLACEMENT_3D('',#14201,#11187,#11188);
#8955=AXIS2_PLACEMENT_3D('',#14202,#11189,#11190);
#8956=AXIS2_PLACEMENT_3D('',#14210,#11192,#11193);
#8957=AXIS2_PLACEMENT_3D('',#14211,#11194,#11195);
#8958=AXIS2_PLACEMENT_3D('',#14217,#11196,#11197);
#8959=AXIS2_PLACEMENT_3D('',#14218,#11198,#11199);
#8960=AXIS2_PLACEMENT_3D('',#14224,#11200,#11201);
#8961=AXIS2_PLACEMENT_3D('',#14225,#11202,#11203);
#8962=AXIS2_PLACEMENT_3D('',#14231,#11204,#11205);
#8963=AXIS2_PLACEMENT_3D('',#14232,#11206,#11207);
#8964=AXIS2_PLACEMENT_3D('',#14235,#11209,#11210);
#8965=AXIS2_PLACEMENT_3D('',#14236,#11211,#11212);
#8966=AXIS2_PLACEMENT_3D('',#14242,#11213,#11214);
#8967=AXIS2_PLACEMENT_3D('',#14243,#11215,#11216);
#8968=AXIS2_PLACEMENT_3D('',#14246,#11218,#11219);
#8969=AXIS2_PLACEMENT_3D('',#14247,#11220,#11221);
#8970=AXIS2_PLACEMENT_3D('',#14248,#11222,#11223);
#8971=AXIS2_PLACEMENT_3D('',#14249,#11224,#11225);
#8972=AXIS2_PLACEMENT_3D('',#14252,#11226,#11227);
#8973=AXIS2_PLACEMENT_3D('',#14254,#11228,#11229);
#8974=AXIS2_PLACEMENT_3D('',#14256,#11230,#11231);
#8975=AXIS2_PLACEMENT_3D('',#14258,#11232,#11233);
#8976=AXIS2_PLACEMENT_3D('',#14260,#11234,#11235);
#8977=AXIS2_PLACEMENT_3D('',#14262,#11236,#11237);
#8978=AXIS2_PLACEMENT_3D('',#14264,#11238,#11239);
#8979=AXIS2_PLACEMENT_3D('',#14266,#11240,#11241);
#8980=AXIS2_PLACEMENT_3D('',#14268,#11242,#11243);
#8981=AXIS2_PLACEMENT_3D('',#14270,#11244,#11245);
#8982=AXIS2_PLACEMENT_3D('',#14272,#11246,#11247);
#8983=AXIS2_PLACEMENT_3D('',#14273,#11248,#11249);
#8984=AXIS2_PLACEMENT_3D('',#14274,#11250,#11251);
#8985=AXIS2_PLACEMENT_3D('',#14275,#11252,#11253);
#8986=AXIS2_PLACEMENT_3D('',#14276,#11254,#11255);
#8987=AXIS2_PLACEMENT_3D('',#14281,#11257,#11258);
#8988=AXIS2_PLACEMENT_3D('',#14283,#11259,#11260);
#8989=AXIS2_PLACEMENT_3D('',#14285,#11261,#11262);
#8990=AXIS2_PLACEMENT_3D('',#14287,#11263,#11264);
#8991=AXIS2_PLACEMENT_3D('',#14289,#11265,#11266);
#8992=AXIS2_PLACEMENT_3D('',#14291,#11267,#11268);
#8993=AXIS2_PLACEMENT_3D('',#14293,#11269,#11270);
#8994=AXIS2_PLACEMENT_3D('',#14295,#11271,#11272);
#8995=AXIS2_PLACEMENT_3D('',#14296,#11273,#11274);
#8996=AXIS2_PLACEMENT_3D('',#14297,#11275,#11276);
#8997=AXIS2_PLACEMENT_3D('',#14303,#11279,#11280);
#8998=AXIS2_PLACEMENT_3D('',#14305,#11281,#11282);
#8999=AXIS2_PLACEMENT_3D('',#14308,#11284,#11285);
#9000=AXIS2_PLACEMENT_3D('',#14309,#11286,#11287);
#9001=AXIS2_PLACEMENT_3D('',#14310,#11288,#11289);
#9002=AXIS2_PLACEMENT_3D('',#14311,#11290,#11291);
#9003=AXIS2_PLACEMENT_3D('',#14322,#11292,#11293);
#9004=AXIS2_PLACEMENT_3D('',#14323,#11294,#11295);
#9005=AXIS2_PLACEMENT_3D('',#14329,#11296,#11297);
#9006=AXIS2_PLACEMENT_3D('',#14330,#11298,#11299);
#9007=AXIS2_PLACEMENT_3D('',#14336,#11300,#11301);
#9008=AXIS2_PLACEMENT_3D('',#14337,#11302,#11303);
#9009=AXIS2_PLACEMENT_3D('',#14343,#11304,#11305);
#9010=AXIS2_PLACEMENT_3D('',#14344,#11306,#11307);
#9011=AXIS2_PLACEMENT_3D('',#14350,#11308,#11309);
#9012=AXIS2_PLACEMENT_3D('',#14351,#11310,#11311);
#9013=AXIS2_PLACEMENT_3D('',#14357,#11312,#11313);
#9014=AXIS2_PLACEMENT_3D('',#14358,#11314,#11315);
#9015=AXIS2_PLACEMENT_3D('',#14361,#11317,#11318);
#9016=AXIS2_PLACEMENT_3D('',#14362,#11319,#11320);
#9017=AXIS2_PLACEMENT_3D('',#14368,#11321,#11322);
#9018=AXIS2_PLACEMENT_3D('',#14369,#11323,#11324);
#9019=AXIS2_PLACEMENT_3D('',#14375,#11325,#11326);
#9020=AXIS2_PLACEMENT_3D('',#14376,#11327,#11328);
#9021=AXIS2_PLACEMENT_3D('',#14382,#11329,#11330);
#9022=AXIS2_PLACEMENT_3D('',#14383,#11331,#11332);
#9023=AXIS2_PLACEMENT_3D('',#14389,#11333,#11334);
#9024=AXIS2_PLACEMENT_3D('',#14390,#11335,#11336);
#9025=AXIS2_PLACEMENT_3D('',#14391,#11337,#11338);
#9026=AXIS2_PLACEMENT_3D('',#14392,#11339,#11340);
#9027=AXIS2_PLACEMENT_3D('',#14400,#11342,#11343);
#9028=AXIS2_PLACEMENT_3D('',#14407,#11345,#11346);
#9029=AXIS2_PLACEMENT_3D('',#14408,#11347,#11348);
#9030=AXIS2_PLACEMENT_3D('',#14414,#11349,#11350);
#9031=AXIS2_PLACEMENT_3D('',#14415,#11351,#11352);
#9032=AXIS2_PLACEMENT_3D('',#14421,#11353,#11354);
#9033=AXIS2_PLACEMENT_3D('',#14422,#11355,#11356);
#9034=AXIS2_PLACEMENT_3D('',#14428,#11357,#11358);
#9035=AXIS2_PLACEMENT_3D('',#14429,#11359,#11360);
#9036=AXIS2_PLACEMENT_3D('',#14435,#11361,#11362);
#9037=AXIS2_PLACEMENT_3D('',#14436,#11363,#11364);
#9038=AXIS2_PLACEMENT_3D('',#14442,#11365,#11366);
#9039=AXIS2_PLACEMENT_3D('',#14443,#11367,#11368);
#9040=AXIS2_PLACEMENT_3D('',#14449,#11369,#11370);
#9041=AXIS2_PLACEMENT_3D('',#14450,#11371,#11372);
#9042=AXIS2_PLACEMENT_3D('',#14456,#11373,#11374);
#9043=AXIS2_PLACEMENT_3D('',#14457,#11375,#11376);
#9044=AXIS2_PLACEMENT_3D('',#14458,#11377,#11378);
#9045=AXIS2_PLACEMENT_3D('',#14464,#11382,#11383);
#9046=AXIS2_PLACEMENT_3D('',#14471,#11385,#11386);
#9047=AXIS2_PLACEMENT_3D('',#14472,#11387,#11388);
#9048=AXIS2_PLACEMENT_3D('',#14475,#11390,#11391);
#9049=AXIS2_PLACEMENT_3D('',#14476,#11392,#11393);
#9050=AXIS2_PLACEMENT_3D('',#14482,#11394,#11395);
#9051=AXIS2_PLACEMENT_3D('',#14484,#11397,#11398);
#9052=AXIS2_PLACEMENT_3D('',#14490,#11401,#11402);
#9053=AXIS2_PLACEMENT_3D('',#14492,#11403,#11404);
#9054=AXIS2_PLACEMENT_3D('',#14494,#11405,#11406);
#9055=AXIS2_PLACEMENT_3D('',#14496,#11407,#11408);
#9056=AXIS2_PLACEMENT_3D('',#14498,#11409,#11410);
#9057=AXIS2_PLACEMENT_3D('',#14500,#11411,#11412);
#9058=AXIS2_PLACEMENT_3D('',#14502,#11413,#11414);
#9059=AXIS2_PLACEMENT_3D('',#14510,#11418,#11419);
#9060=AXIS2_PLACEMENT_3D('',#14512,#11420,#11421);
#9061=AXIS2_PLACEMENT_3D('',#14519,#11425,#11426);
#9062=AXIS2_PLACEMENT_3D('',#14520,#11427,#11428);
#9063=AXIS2_PLACEMENT_3D('',#14521,#11429,#11430);
#9064=AXIS2_PLACEMENT_3D('',#14527,#11434,#11435);
#9065=AXIS2_PLACEMENT_3D('',#14531,#11438,#11439);
#9066=AXIS2_PLACEMENT_3D('',#14535,#11442,#11443);
#9067=AXIS2_PLACEMENT_3D('',#14542,#11445,#11446);
#9068=AXIS2_PLACEMENT_3D('',#14548,#11447,#11448);
#9069=AXIS2_PLACEMENT_3D('',#14549,#11449,#11450);
#9070=AXIS2_PLACEMENT_3D('',#14555,#11451,#11452);
#9071=AXIS2_PLACEMENT_3D('',#14556,#11453,#11454);
#9072=AXIS2_PLACEMENT_3D('',#14560,#11457,#11458);
#9073=AXIS2_PLACEMENT_3D('',#14564,#11461,#11462);
#9074=AXIS2_PLACEMENT_3D('',#14571,#11464,#11465);
#9075=AXIS2_PLACEMENT_3D('',#14577,#11466,#11467);
#9076=AXIS2_PLACEMENT_3D('',#14578,#11468,#11469);
#9077=AXIS2_PLACEMENT_3D('',#14584,#11470,#11471);
#9078=AXIS2_PLACEMENT_3D('',#14585,#11472,#11473);
#9079=AXIS2_PLACEMENT_3D('',#14591,#11474,#11475);
#9080=AXIS2_PLACEMENT_3D('',#14592,#11476,#11477);
#9081=AXIS2_PLACEMENT_3D('',#14598,#11478,#11479);
#9082=AXIS2_PLACEMENT_3D('',#14599,#11480,#11481);
#9083=AXIS2_PLACEMENT_3D('',#14605,#11482,#11483);
#9084=AXIS2_PLACEMENT_3D('',#14606,#11484,#11485);
#9085=AXIS2_PLACEMENT_3D('',#14612,#11486,#11487);
#9086=AXIS2_PLACEMENT_3D('',#14613,#11488,#11489);
#9087=AXIS2_PLACEMENT_3D('',#14619,#11490,#11491);
#9088=AXIS2_PLACEMENT_3D('',#14620,#11492,#11493);
#9089=AXIS2_PLACEMENT_3D('',#14622,#11495,#11496);
#9090=AXIS2_PLACEMENT_3D('',#14630,#11500,#11501);
#9091=AXIS2_PLACEMENT_3D('',#14632,#11502,#11503);
#9092=AXIS2_PLACEMENT_3D('',#14634,#11504,#11505);
#9093=AXIS2_PLACEMENT_3D('',#14636,#11506,#11507);
#9094=AXIS2_PLACEMENT_3D('',#14638,#11508,#11509);
#9095=AXIS2_PLACEMENT_3D('',#14639,#11510,#11511);
#9096=AXIS2_PLACEMENT_3D('',#14648,#11514,#11515);
#9097=AXIS2_PLACEMENT_3D('',#14652,#11518,#11519);
#9098=AXIS2_PLACEMENT_3D('',#14659,#11521,#11522);
#9099=AXIS2_PLACEMENT_3D('',#14660,#11523,#11524);
#9100=AXIS2_PLACEMENT_3D('',#14666,#11525,#11526);
#9101=AXIS2_PLACEMENT_3D('',#14667,#11527,#11528);
#9102=AXIS2_PLACEMENT_3D('',#14673,#11529,#11530);
#9103=AXIS2_PLACEMENT_3D('',#14674,#11531,#11532);
#9104=AXIS2_PLACEMENT_3D('',#14680,#11533,#11534);
#9105=AXIS2_PLACEMENT_3D('',#14681,#11535,#11536);
#9106=AXIS2_PLACEMENT_3D('',#14687,#11537,#11538);
#9107=AXIS2_PLACEMENT_3D('',#14688,#11539,#11540);
#9108=AXIS2_PLACEMENT_3D('',#14689,#11541,#11542);
#9109=AXIS2_PLACEMENT_3D('',#14690,#11543,#11544);
#9110=DIRECTION('',(0.,0.,1.));
#9111=DIRECTION('',(1.,0.,0.));
#9112=DIRECTION('',(0.,1.,0.));
#9113=DIRECTION('',(1.,0.,0.));
#9114=DIRECTION('',(0.,1.,0.));
#9115=DIRECTION('',(1.,0.,0.));
#9116=DIRECTION('',(0.,1.,0.));
#9117=DIRECTION('',(1.,0.,0.));
#9118=DIRECTION('',(0.,1.,0.));
#9119=DIRECTION('',(1.,0.,0.));
#9120=DIRECTION('',(0.,1.,0.));
#9121=DIRECTION('',(1.,0.,0.));
#9122=DIRECTION('',(0.,1.,0.));
#9123=DIRECTION('',(1.,0.,0.));
#9124=DIRECTION('',(0.,1.,0.));
#9125=DIRECTION('',(1.,0.,0.));
#9126=DIRECTION('',(0.,0.,1.));
#9127=DIRECTION('',(1.,0.,0.));
#9128=DIRECTION('',(0.,-1.021405182655E-14,-1.));
#9129=DIRECTION('',(1.,0.,0.));
#9130=DIRECTION('',(0.,-9.913940960911E-15,-1.));
#9131=DIRECTION('',(0.,1.,-9.913940960911E-15));
#9132=DIRECTION('',(0.,-1.021405182655E-14,-1.));
#9133=DIRECTION('',(0.,1.,-1.021405182655E-14));
#9134=DIRECTION('',(0.,-9.913940960911E-15,-1.));
#9135=DIRECTION('',(1.,1.184237892934E-15,-1.17404645542213E-29));
#9136=DIRECTION('',(0.,-9.913940960911E-15,-1.));
#9137=DIRECTION('',(0.,1.,-9.913940960911E-15));
#9138=DIRECTION('',(0.,1.025580099405E-14,1.));
#9139=DIRECTION('',(0.,-1.,1.025580099405E-14));
#9140=DIRECTION('',(0.,0.,-1.));
#9141=DIRECTION('',(0.,1.,0.));
#9142=DIRECTION('',(0.,-9.913940960911E-15,-1.));
#9143=DIRECTION('',(0.,1.,-9.913940960911E-15));
#9144=DIRECTION('',(0.,0.,-1.));
#9145=DIRECTION('',(1.,0.,0.));
#9146=DIRECTION('',(0.,1.83697019872103E-16,1.));
#9147=DIRECTION('',(0.,-1.,1.83697019872103E-16));
#9148=DIRECTION('',(1.,0.,0.));
#9149=DIRECTION('',(0.,0.,-1.));
#9150=DIRECTION('',(0.,-1.,0.));
#9151=DIRECTION('',(-1.,0.,0.));
#9152=DIRECTION('',(0.,1.,-2.261175441913E-13));
#9153=DIRECTION('',(1.,0.,0.));
#9154=DIRECTION('',(0.,1.,-2.261175441913E-13));
#9155=DIRECTION('',(0.,2.261175441913E-13,1.));
#9156=DIRECTION('',(0.,1.,0.));
#9157=DIRECTION('',(1.,0.,0.));
#9158=DIRECTION('',(0.,1.,0.));
#9159=DIRECTION('',(1.,0.,0.));
#9160=DIRECTION('',(0.,1.,0.));
#9161=DIRECTION('',(1.,0.,0.));
#9162=DIRECTION('',(0.,1.,0.));
#9163=DIRECTION('',(1.,0.,0.));
#9164=DIRECTION('',(0.,1.,-2.22044604925E-16));
#9165=DIRECTION('',(1.,0.,0.));
#9166=DIRECTION('',(0.,-1.,2.22044604925E-16));
#9167=DIRECTION('',(0.,-2.22044604925E-16,-1.));
#9168=DIRECTION('',(0.,-1.,2.22044604925E-16));
#9169=DIRECTION('',(1.,0.,0.));
#9170=DIRECTION('',(0.,-1.,2.22044604925E-16));
#9171=DIRECTION('',(0.,-2.22044604925E-16,-1.));
#9172=DIRECTION('',(0.,1.,-2.22044604925E-16));
#9173=DIRECTION('',(1.,0.,0.));
#9174=DIRECTION('',(0.,1.,0.));
#9175=DIRECTION('',(1.,0.,0.));
#9176=DIRECTION('',(0.,1.,0.));
#9177=DIRECTION('',(1.,0.,0.));
#9178=DIRECTION('',(0.,1.,0.));
#9179=DIRECTION('',(1.,0.,0.));
#9180=DIRECTION('',(0.,1.,0.));
#9181=DIRECTION('',(1.,0.,0.));
#9182=DIRECTION('',(0.,-1.,2.22044604925E-16));
#9183=DIRECTION('',(0.,-2.22044604925E-16,-1.));
#9184=DIRECTION('',(0.,-1.,2.22044604925E-16));
#9185=DIRECTION('',(-1.,0.,0.));
#9186=DIRECTION('',(0.,1.,-2.22044604925E-16));
#9187=DIRECTION('',(0.,2.22044604925E-16,1.));
#9188=DIRECTION('',(0.,-1.,2.22044604925E-16));
#9189=DIRECTION('',(0.,-2.22044604925E-16,-1.));
#9190=DIRECTION('',(0.,1.,-2.22044604925E-16));
#9191=DIRECTION('',(0.,2.22044604925E-16,1.));
#9192=DIRECTION('',(0.,-1.,2.22044604925E-16));
#9193=DIRECTION('',(0.,-2.22044604925E-16,-1.));
#9194=DIRECTION('',(0.,1.,-2.22044604925E-16));
#9195=DIRECTION('',(0.,2.22044604925E-16,1.));
#9196=DIRECTION('',(0.,-1.,2.22044604925E-16));
#9197=DIRECTION('',(0.,-2.22044604925E-16,-1.));
#9198=DIRECTION('',(0.,1.,-2.22044604925E-16));
#9199=DIRECTION('',(0.,2.22044604925E-16,1.));
#9200=DIRECTION('',(0.,-1.,2.22044604925E-16));
#9201=DIRECTION('',(0.,-2.22044604925E-16,-1.));
#9202=DIRECTION('',(0.,1.,0.));
#9203=DIRECTION('',(1.,0.,0.));
#9204=DIRECTION('',(0.,0.,-1.));
#9205=DIRECTION('',(0.,0.,-1.));
#9206=DIRECTION('',(1.,0.,0.));
#9207=DIRECTION('',(1.,0.,0.));
#9208=DIRECTION('',(0.,0.,-1.));
#9209=DIRECTION('',(0.,0.,-1.));
#9210=DIRECTION('',(1.,0.,0.));
#9211=DIRECTION('',(1.,0.,0.));
#9212=DIRECTION('',(0.,1.,-2.22044604925E-16));
#9213=DIRECTION('',(-1.,0.,0.));
#9214=DIRECTION('',(0.,-1.,2.22044604925E-16));
#9215=DIRECTION('',(0.,-2.22044604925E-16,-1.));
#9216=DIRECTION('',(0.,1.,-2.22044604925E-16));
#9217=DIRECTION('',(-1.,0.,0.));
#9218=DIRECTION('',(0.,-1.,2.22044604925E-16));
#9219=DIRECTION('',(0.,-2.22044604925E-16,-1.));
#9220=DIRECTION('',(0.,1.,-2.22044604925E-16));
#9221=DIRECTION('',(-1.,0.,0.));
#9222=DIRECTION('',(0.,-1.,2.22044604925E-16));
#9223=DIRECTION('',(0.,-2.22044604925E-16,-1.));
#9224=DIRECTION('',(0.,1.,-2.22044604925E-16));
#9225=DIRECTION('',(-1.,0.,0.));
#9226=DIRECTION('',(0.,-1.,2.22044604925E-16));
#9227=DIRECTION('',(0.,-2.22044604925E-16,-1.));
#9228=DIRECTION('',(1.,0.,0.));
#9229=DIRECTION('',(0.,0.,1.));
#9230=DIRECTION('',(0.,-1.,0.));
#9231=DIRECTION('',(0.,0.,-1.));
#9232=DIRECTION('',(1.,0.,0.));
#9233=DIRECTION('',(0.,0.,1.));
#9234=DIRECTION('',(-1.,0.,0.));
#9235=DIRECTION('',(0.,-1.,0.));
#9236=DIRECTION('',(1.,0.,0.));
#9237=DIRECTION('',(0.,0.,1.));
#9238=DIRECTION('',(-1.,0.,0.));
#9239=DIRECTION('',(0.,0.,-1.));
#9240=DIRECTION('',(0.,-1.,0.));
#9241=DIRECTION('',(0.,0.,1.));
#9242=DIRECTION('',(-1.,0.,0.));
#9243=DIRECTION('',(0.,0.,-1.));
#9244=DIRECTION('',(1.,0.,0.));
#9245=DIRECTION('',(0.,-1.,0.));
#9246=DIRECTION('',(-1.,0.,0.));
#9247=DIRECTION('',(0.,0.,-1.));
#9248=DIRECTION('',(0.,-1.,2.22044604925E-16));
#9249=DIRECTION('',(-1.,0.,0.));
#9250=DIRECTION('',(0.,-1.,2.22044604925E-16));
#9251=DIRECTION('',(-1.,0.,0.));
#9252=DIRECTION('',(0.,-1.,2.22044604925E-16));
#9253=DIRECTION('',(-1.,0.,0.));
#9254=DIRECTION('',(0.,-1.,2.22044604925E-16));
#9255=DIRECTION('',(-1.,0.,0.));
#9256=DIRECTION('',(-1.224646799147E-16,-1.,-2.22044604925E-16));
#9257=DIRECTION('',(1.,-1.224646799147E-16,1.224646799147E-16));
#9258=DIRECTION('',(0.,-1.,-2.22044604925E-16));
#9259=DIRECTION('',(1.,0.,0.));
#9260=DIRECTION('',(0.,0.,1.));
#9261=DIRECTION('',(1.,0.,0.));
#9262=DIRECTION('',(0.,-1.,2.22044604925E-16));
#9263=DIRECTION('',(1.,0.,0.));
#9264=DIRECTION('',(1.,0.,0.));
#9265=DIRECTION('',(0.,2.22044604925E-16,1.));
#9266=DIRECTION('',(1.,0.,0.));
#9267=DIRECTION('',(0.,-1.,0.));
#9268=DIRECTION('',(-1.,0.,0.));
#9269=DIRECTION('',(0.,2.22044604925E-16,1.));
#9270=DIRECTION('',(0.,-1.,0.));
#9271=DIRECTION('',(-1.,0.,0.));
#9272=DIRECTION('',(1.,0.,0.));
#9273=DIRECTION('',(0.,2.22044604925E-16,1.));
#9274=DIRECTION('',(1.,0.,0.));
#9275=DIRECTION('',(0.,2.22044604925E-16,1.));
#9276=DIRECTION('',(1.,0.,0.));
#9277=DIRECTION('',(0.,-1.,0.));
#9278=DIRECTION('',(-1.,0.,0.));
#9279=DIRECTION('',(0.,0.,-1.));
#9280=DIRECTION('',(0.,-1.,0.));
#9281=DIRECTION('',(-1.,0.,0.));
#9282=DIRECTION('',(1.,0.,0.));
#9283=DIRECTION('',(0.,2.22044604925E-16,1.));
#9284=DIRECTION('',(0.,-1.,0.));
#9285=DIRECTION('',(-1.,0.,0.));
#9286=DIRECTION('',(1.,0.,0.));
#9287=DIRECTION('',(0.,-1.,0.));
#9288=DIRECTION('',(-1.,0.,0.));
#9289=DIRECTION('',(0.,2.22044604925E-16,1.));
#9290=DIRECTION('',(0.,-1.,0.));
#9291=DIRECTION('',(-1.,0.,0.));
#9292=DIRECTION('',(1.,0.,0.));
#9293=DIRECTION('',(0.,-1.,0.));
#9294=DIRECTION('',(-1.,0.,0.));
#9295=DIRECTION('',(0.,2.22044604925E-16,1.));
#9296=DIRECTION('',(0.,-1.,0.));
#9297=DIRECTION('',(-1.,0.,0.));
#9298=DIRECTION('',(1.,0.,0.));
#9299=DIRECTION('',(0.,-1.,0.));
#9300=DIRECTION('',(-1.,0.,0.));
#9301=DIRECTION('',(0.,0.,-1.));
#9302=DIRECTION('',(0.,-1.,0.));
#9303=DIRECTION('',(-1.,0.,0.));
#9304=DIRECTION('',(1.,0.,0.));
#9305=DIRECTION('',(0.,-1.,0.));
#9306=DIRECTION('',(-1.,0.,0.));
#9307=DIRECTION('',(0.,0.,-1.));
#9308=DIRECTION('',(0.,0.,-1.));
#9309=DIRECTION('',(0.,1.,0.));
#9310=DIRECTION('',(0.,1.,0.));
#9311=DIRECTION('',(0.,2.22044604925E-16,1.));
#9312=DIRECTION('',(0.,-1.,2.22044604925E-16));
#9313=DIRECTION('',(1.,0.,0.));
#9314=DIRECTION('',(0.,2.22044604925E-16,1.));
#9315=DIRECTION('',(0.,-1.,2.22044604925E-16));
#9316=DIRECTION('',(0.,1.,0.));
#9317=DIRECTION('',(-0.749930001279814,0.661517190389229,0.));
#9318=DIRECTION('',(0.,1.,0.));
#9319=DIRECTION('',(0.749930001279814,0.661517190389228,0.));
#9320=DIRECTION('',(1.,0.,0.));
#9321=DIRECTION('',(0.,2.22044604925E-16,1.));
#9322=DIRECTION('',(0.,-1.,2.22044604925E-16));
#9323=DIRECTION('',(0.,1.,0.));
#9324=DIRECTION('',(0.,2.22044604925E-16,1.));
#9325=DIRECTION('',(0.,-1.,2.22044604925E-16));
#9326=DIRECTION('',(1.,0.,0.));
#9327=DIRECTION('',(-1.,0.,0.));
#9328=DIRECTION('',(0.,-1.,2.22044604925E-16));
#9329=DIRECTION('',(0.,2.22044604925E-16,1.));
#9330=DIRECTION('',(0.,-1.,2.22044604925E-16));
#9331=DIRECTION('',(0.,-1.,2.22044604925E-16));
#9332=DIRECTION('',(0.,0.,-1.));
#9333=DIRECTION('',(0.,-1.,0.));
#9334=DIRECTION('',(1.,0.,0.));
#9335=DIRECTION('',(0.,1.,-2.22044604925E-16));
#9336=DIRECTION('',(0.,1.,-2.22044604925E-16));
#9337=DIRECTION('',(0.,2.22044604925E-16,1.));
#9338=DIRECTION('',(0.,1.,0.));
#9339=DIRECTION('',(0.,1.,-2.22044604925E-16));
#9340=DIRECTION('',(0.,2.22044604925E-16,1.));
#9341=DIRECTION('',(0.,0.,1.));
#9342=DIRECTION('',(0.,-1.,0.));
#9343=DIRECTION('',(0.,-1.,0.));
#9344=DIRECTION('',(1.,0.,0.));
#9345=DIRECTION('',(0.,-1.,0.));
#9346=DIRECTION('',(1.,0.,0.));
#9347=DIRECTION('',(0.,0.,1.));
#9348=DIRECTION('',(0.,-1.,0.));
#9349=DIRECTION('',(-1.,0.,0.));
#9350=DIRECTION('',(0.,-1.,0.));
#9351=DIRECTION('',(1.,0.,0.));
#9352=DIRECTION('',(0.,-1.,0.));
#9353=DIRECTION('',(0.,-1.,0.));
#9354=DIRECTION('',(1.,0.,0.));
#9355=DIRECTION('',(0.,-1.,0.));
#9356=DIRECTION('',(-1.,0.,0.));
#9357=DIRECTION('',(0.,-1.,0.));
#9358=DIRECTION('',(0.,-1.,0.));
#9359=DIRECTION('',(1.,0.,0.));
#9360=DIRECTION('',(0.,-1.,0.));
#9361=DIRECTION('',(-1.,0.,0.));
#9362=DIRECTION('',(0.,-1.,0.));
#9363=DIRECTION('',(-1.,0.,0.));
#9364=DIRECTION('',(0.,0.,-1.));
#9365=DIRECTION('',(0.,-1.,0.));
#9366=DIRECTION('',(0.,0.,-1.));
#9367=DIRECTION('',(-1.,0.,0.));
#9368=DIRECTION('',(0.,0.,-1.));
#9369=DIRECTION('',(0.,0.,-1.));
#9370=DIRECTION('',(0.,-1.,0.));
#9371=DIRECTION('',(0.,-1.,0.));
#9372=DIRECTION('',(1.,0.,0.));
#9373=DIRECTION('',(0.,-1.,0.));
#9374=DIRECTION('',(-1.,0.,0.));
#9375=DIRECTION('',(0.,-1.,0.));
#9376=DIRECTION('',(0.,-1.,0.));
#9377=DIRECTION('',(1.,0.,0.));
#9378=DIRECTION('',(0.,-1.,0.));
#9379=DIRECTION('',(-1.,0.,0.));
#9380=DIRECTION('',(0.,1.,0.));
#9381=DIRECTION('',(0.,0.,-1.));
#9382=DIRECTION('',(0.,1.,0.));
#9383=DIRECTION('',(-1.,0.,0.));
#9384=DIRECTION('',(0.,1.,0.));
#9385=DIRECTION('',(1.,0.,0.));
#9386=DIRECTION('',(0.,0.,-1.));
#9387=DIRECTION('',(0.,1.,0.));
#9388=DIRECTION('',(1.,0.,0.));
#9389=DIRECTION('',(0.,-1.,0.));
#9390=DIRECTION('',(-1.,0.,0.));
#9391=DIRECTION('',(0.,0.,-1.));
#9392=DIRECTION('',(0.,1.,0.));
#9393=DIRECTION('',(0.,2.22044604925E-16,1.));
#9394=DIRECTION('',(0.,-1.,2.22044604925E-16));
#9395=DIRECTION('',(-1.,0.,0.));
#9396=DIRECTION('',(0.,2.22044604925E-16,1.));
#9397=DIRECTION('',(0.,-1.,2.22044604925E-16));
#9398=DIRECTION('',(0.,2.22044604925E-16,1.));
#9399=DIRECTION('',(0.,-1.,2.22044604925E-16));
#9400=DIRECTION('',(0.,2.22044604925E-16,1.));
#9401=DIRECTION('',(0.,-1.,2.22044604925E-16));
#9402=DIRECTION('',(0.,-1.,0.));
#9403=DIRECTION('',(1.,0.,0.));
#9404=DIRECTION('',(0.,-1.,0.));
#9405=DIRECTION('',(0.,-1.,0.));
#9406=DIRECTION('',(-1.,0.,0.));
#9407=DIRECTION('',(0.,-1.,0.));
#9408=DIRECTION('',(-1.,0.,0.));
#9409=DIRECTION('',(0.,0.,-1.));
#9410=DIRECTION('',(0.,-1.,0.));
#9411=DIRECTION('',(0.,0.,-1.));
#9412=DIRECTION('',(0.,-1.,0.));
#9413=DIRECTION('',(1.,0.,0.));
#9414=DIRECTION('',(0.,-1.,0.));
#9415=DIRECTION('',(0.,-1.,0.));
#9416=DIRECTION('',(-1.,0.,0.));
#9417=DIRECTION('',(0.,0.,-1.));
#9418=DIRECTION('',(1.,0.,0.));
#9419=DIRECTION('',(0.,-1.,0.));
#9420=DIRECTION('',(1.,0.,0.));
#9421=DIRECTION('',(0.,-1.,0.));
#9422=DIRECTION('',(1.,0.,0.));
#9423=DIRECTION('',(0.,-1.,0.));
#9424=DIRECTION('',(0.,-1.,0.));
#9425=DIRECTION('',(-1.,0.,0.));
#9426=DIRECTION('',(-1.,0.,0.));
#9427=DIRECTION('',(0.,0.,-1.));
#9428=DIRECTION('',(0.,-1.,0.));
#9429=DIRECTION('',(0.,0.,-1.));
#9430=DIRECTION('',(0.,-1.,0.));
#9431=DIRECTION('',(1.,0.,0.));
#9432=DIRECTION('',(0.,-1.,0.));
#9433=DIRECTION('',(0.,-1.,0.));
#9434=DIRECTION('',(-1.,0.,0.));
#9435=DIRECTION('',(0.,0.,-1.));
#9436=DIRECTION('',(0.,1.,0.));
#9437=DIRECTION('',(0.,1.,0.));
#9438=DIRECTION('',(1.,0.,0.));
#9439=DIRECTION('',(0.,-1.,0.));
#9440=DIRECTION('',(1.,0.,0.));
#9441=DIRECTION('',(0.,-1.,0.));
#9442=DIRECTION('',(0.,-1.,0.));
#9443=DIRECTION('',(-1.,0.,0.));
#9444=DIRECTION('',(-1.,0.,0.));
#9445=DIRECTION('',(0.,0.,-1.));
#9446=DIRECTION('',(0.,-1.,0.));
#9447=DIRECTION('',(0.,0.,-1.));
#9448=DIRECTION('',(0.,-1.,0.));
#9449=DIRECTION('',(1.,0.,0.));
#9450=DIRECTION('',(0.,-1.,0.));
#9451=DIRECTION('',(0.,-1.,0.));
#9452=DIRECTION('',(-1.,0.,0.));
#9453=DIRECTION('',(0.,0.,1.));
#9454=DIRECTION('',(-1.,0.,0.));
#9455=DIRECTION('',(0.,-1.,0.));
#9456=DIRECTION('',(-1.,0.,0.));
#9457=DIRECTION('',(0.,-1.,0.));
#9458=DIRECTION('',(1.,0.,0.));
#9459=DIRECTION('',(0.,-1.,0.));
#9460=DIRECTION('',(0.,-1.,0.));
#9461=DIRECTION('',(-1.,0.,0.));
#9462=DIRECTION('',(-1.,0.,0.));
#9463=DIRECTION('',(0.,0.,-1.));
#9464=DIRECTION('',(0.,-1.,0.));
#9465=DIRECTION('',(0.,0.,-1.));
#9466=DIRECTION('',(0.,-1.,0.));
#9467=DIRECTION('',(1.,0.,0.));
#9468=DIRECTION('',(0.,-1.,0.));
#9469=DIRECTION('',(0.,-1.,0.));
#9470=DIRECTION('',(-1.,0.,0.));
#9471=DIRECTION('',(0.,0.,1.));
#9472=DIRECTION('',(0.,-1.,0.));
#9473=DIRECTION('',(1.,0.,0.));
#9474=DIRECTION('',(0.,2.22044604925E-16,1.));
#9475=DIRECTION('',(1.,0.,0.));
#9476=DIRECTION('',(0.,2.22044604925E-16,1.));
#9477=DIRECTION('',(0.,0.,1.));
#9478=DIRECTION('',(0.,2.22044604925E-16,1.));
#9479=DIRECTION('',(0.,2.22044604925E-16,1.));
#9480=DIRECTION('',(1.,0.,0.));
#9481=DIRECTION('',(0.,2.22044604925E-16,1.));
#9482=DIRECTION('',(0.,2.22044604925E-16,1.));
#9483=DIRECTION('',(0.,2.22044604925E-16,1.));
#9484=DIRECTION('',(0.,1.,-2.22044604925E-16));
#9485=DIRECTION('',(-1.,0.,0.));
#9486=DIRECTION('',(0.,1.,0.));
#9487=DIRECTION('',(1.,0.,0.));
#9488=DIRECTION('',(1.,0.,0.));
#9489=DIRECTION('',(0.,1.,0.));
#9490=DIRECTION('',(1.,0.,0.));
#9491=DIRECTION('',(0.,1.,-2.22044604925E-16));
#9492=DIRECTION('',(-1.,0.,0.));
#9493=DIRECTION('',(0.,2.22044604925E-16,1.));
#9494=DIRECTION('',(-1.,0.,0.));
#9495=DIRECTION('',(-7.36352351217238E-29,2.22044604925035E-16,1.));
#9496=DIRECTION('',(0.661517190389008,0.749930001280008,-1.66517910855602E-16));
#9497=DIRECTION('',(-0.749930001280008,0.661517190389008,-1.46886323191102E-16));
#9498=DIRECTION('',(-0.749930001280008,0.661517190389008,-1.46886323191102E-16));
#9499=DIRECTION('',(0.,2.22044604925E-16,1.));
#9500=DIRECTION('',(1.,0.,0.));
#9501=DIRECTION('',(0.,1.,-2.22044604925E-16));
#9502=DIRECTION('',(0.,1.,-2.22044604925E-16));
#9503=DIRECTION('',(7.36352351217238E-29,2.22044604925035E-16,1.));
#9504=DIRECTION('',(0.661517190389008,-0.749930001280008,1.66517910855602E-16));
#9505=DIRECTION('',(0.749930001280008,0.661517190389008,-1.46886323191102E-16));
#9506=DIRECTION('',(0.749930001280008,0.661517190389008,-1.46886323191102E-16));
#9507=DIRECTION('',(0.,2.22044604925E-16,1.));
#9508=DIRECTION('',(0.,-1.,2.22044604925E-16));
#9509=DIRECTION('',(1.,0.,0.));
#9510=DIRECTION('',(1.,0.,0.));
#9511=DIRECTION('',(0.,2.22044604925E-16,1.));
#9512=DIRECTION('',(0.,2.22044604925E-16,1.));
#9513=DIRECTION('',(1.,0.,0.));
#9514=DIRECTION('',(0.,2.22044604925E-16,1.));
#9515=DIRECTION('',(0.,-1.,2.22044604925E-16));
#9516=DIRECTION('',(0.,2.22044604925E-16,1.));
#9517=DIRECTION('',(-1.,0.,0.));
#9518=DIRECTION('',(0.,-1.,2.22044604925E-16));
#9519=DIRECTION('',(0.,-1.,2.22044604925E-16));
#9520=DIRECTION('',(0.,2.22044604925E-16,1.));
#9521=DIRECTION('',(0.,2.22044604925E-16,1.));
#9522=DIRECTION('',(1.,0.,0.));
#9523=DIRECTION('',(0.,2.22044604925E-16,1.));
#9524=DIRECTION('',(0.,-1.,2.22044604925E-16));
#9525=DIRECTION('',(0.,1.,0.));
#9526=DIRECTION('',(1.,0.,0.));
#9527=DIRECTION('',(0.,-1.,0.));
#9528=DIRECTION('',(-1.,0.,0.));
#9529=DIRECTION('',(0.,0.,-1.));
#9530=DIRECTION('',(0.,-1.,0.));
#9531=DIRECTION('',(-1.,0.,0.));
#9532=DIRECTION('',(0.,-1.,0.));
#9533=DIRECTION('',(-1.,0.,0.));
#9534=DIRECTION('',(0.,1.,0.));
#9535=DIRECTION('',(1.,0.,0.));
#9536=DIRECTION('',(0.,-1.,0.));
#9537=DIRECTION('',(-1.,0.,0.));
#9538=DIRECTION('',(0.,0.,1.));
#9539=DIRECTION('',(0.,-1.,0.));
#9540=DIRECTION('',(-1.,0.,0.));
#9541=DIRECTION('',(0.,-1.,0.));
#9542=DIRECTION('',(-1.,0.,0.));
#9543=DIRECTION('',(0.,-1.,0.));
#9544=DIRECTION('',(1.,0.,0.));
#9545=DIRECTION('',(0.,-1.,0.));
#9546=DIRECTION('',(-1.,0.,0.));
#9547=DIRECTION('',(0.,-1.,0.));
#9548=DIRECTION('',(0.,-1.,0.));
#9549=DIRECTION('',(-1.,0.,0.));
#9550=DIRECTION('',(0.,0.,1.));
#9551=DIRECTION('',(0.,-1.,0.));
#9552=DIRECTION('',(-1.,0.,0.));
#9553=DIRECTION('',(0.,-1.,0.));
#9554=DIRECTION('',(-1.,0.,0.));
#9555=DIRECTION('',(0.,-1.,0.));
#9556=DIRECTION('',(-1.,0.,0.));
#9557=DIRECTION('',(0.,-1.,0.));
#9558=DIRECTION('',(-1.,0.,0.));
#9559=DIRECTION('',(0.,0.,-1.));
#9560=DIRECTION('',(0.,-1.,0.));
#9561=DIRECTION('',(-1.,0.,0.));
#9562=DIRECTION('',(0.,-1.,0.));
#9563=DIRECTION('',(-1.,0.,0.));
#9564=DIRECTION('',(0.,-1.,0.));
#9565=DIRECTION('',(1.,0.,0.));
#9566=DIRECTION('',(0.,-1.,0.));
#9567=DIRECTION('',(0.,-1.,0.));
#9568=DIRECTION('',(1.,0.,0.));
#9569=DIRECTION('',(0.,-1.,0.));
#9570=DIRECTION('',(0.,-1.,0.));
#9571=DIRECTION('',(1.,0.,0.));
#9572=DIRECTION('',(0.,-1.,0.));
#9573=DIRECTION('',(0.,1.,-2.22044604925E-16));
#9574=DIRECTION('',(-1.,0.,0.));
#9575=DIRECTION('',(0.,1.,0.));
#9576=DIRECTION('',(1.,0.,0.));
#9577=DIRECTION('',(0.,1.,0.));
#9578=DIRECTION('',(1.,0.,0.));
#9579=DIRECTION('',(-1.,0.,0.));
#9580=DIRECTION('',(0.,2.22044604925E-16,1.));
#9581=DIRECTION('',(1.,0.,0.));
#9582=DIRECTION('',(0.,2.22044604925E-16,1.));
#9583=DIRECTION('',(0.,-1.,2.22044604925E-16));
#9584=DIRECTION('',(0.,2.22044604925E-16,1.));
#9585=DIRECTION('',(1.,0.,0.));
#9586=DIRECTION('',(0.,2.22044604925E-16,1.));
#9587=DIRECTION('',(0.,-1.,2.22044604925E-16));
#9588=DIRECTION('',(0.,1.,0.));
#9589=DIRECTION('',(1.,0.,0.));
#9590=DIRECTION('',(-0.579701732799235,0.,0.814828755622655));
#9591=DIRECTION('',(1.,0.,0.));
#9592=DIRECTION('',(0.577535312124316,0.,-0.81636570435649));
#9593=DIRECTION('',(4.00000125768119E-16,1.,-8.383882829316E-16));
#9594=DIRECTION('',(0.,8.383882829316E-16,1.));
#9595=DIRECTION('',(4.00000000226176E-16,1.,-8.38388471050371E-16));
#9596=DIRECTION('',(0.,8.38388471050371E-16,1.));
#9597=DIRECTION('',(0.604251979837506,0.,0.796793288665545));
#9598=DIRECTION('',(1.,0.,0.));
#9599=DIRECTION('',(-0.597139181737331,0.,-0.802137642573935));
#9600=DIRECTION('',(0.581766907056857,0.,-0.813355559305707));
#9601=DIRECTION('',(1.,0.,0.));
#9602=DIRECTION('',(-0.576499167387819,0.,0.817097735892807));
#9603=DIRECTION('',(4.00000051980402E-16,1.,-8.38388514501047E-16));
#9604=DIRECTION('',(0.,8.38388514501047E-16,1.));
#9605=DIRECTION('',(3.99999944643782E-16,1.,-8.38389010678983E-16));
#9606=DIRECTION('',(0.,8.38389010678983E-16,1.));
#9607=DIRECTION('',(-0.584388390386043,0.,-0.811474096433158));
#9608=DIRECTION('',(1.,0.,0.));
#9609=DIRECTION('',(0.59548705672664,0.,0.803364901692278));
#9610=DIRECTION('',(1.,0.,0.));
#9611=DIRECTION('',(0.,0.,-1.));
#9612=DIRECTION('',(1.,0.,0.));
#9613=DIRECTION('',(0.,0.,-1.));
#9614=DIRECTION('',(1.,0.,0.));
#9615=DIRECTION('',(0.,0.,-1.));
#9616=DIRECTION('',(1.,0.,0.));
#9617=DIRECTION('',(0.,0.,-1.));
#9618=DIRECTION('',(4.00003696771637E-16,1.,-8.38389362624199E-16));
#9619=DIRECTION('',(0.,8.38389362624199E-16,1.));
#9620=DIRECTION('',(3.99997924038685E-16,1.,-8.38388394140399E-16));
#9621=DIRECTION('',(0.,8.38388394140399E-16,1.));
#9622=DIRECTION('',(4.00001006840489E-16,1.,-8.3838845960997E-16));
#9623=DIRECTION('',(0.,8.3838845960997E-16,1.));
#9624=DIRECTION('',(3.99999796560331E-16,1.,-8.38387992500488E-16));
#9625=DIRECTION('',(0.,8.38387992500488E-16,1.));
#9626=DIRECTION('',(4.00000445363569E-16,1.,-8.38389247302681E-16));
#9627=DIRECTION('',(0.,8.38389247302681E-16,1.));
#9628=DIRECTION('',(3.99996346605527E-16,1.,-8.38388367216338E-16));
#9629=DIRECTION('',(0.,8.38388367216338E-16,1.));
#9630=DIRECTION('',(3.99999396815165E-16,1.,-8.38388499484291E-16));
#9631=DIRECTION('',(0.,8.38388499484291E-16,1.));
#9632=DIRECTION('',(0.125164342628838,0.,0.992136022596847));
#9633=DIRECTION('',(4.00000054553552E-16,1.,-8.38388461435036E-16));
#9634=DIRECTION('',(0.,8.38388461435036E-16,1.));
#9635=DIRECTION('',(4.00000733893701E-16,1.,-8.38388473849961E-16));
#9636=DIRECTION('',(0.,8.38388473849961E-16,1.));
#9637=DIRECTION('',(3.99997770771071E-16,1.,-8.38386096356E-16));
#9638=DIRECTION('',(0.,8.38386096356E-16,1.));
#9639=DIRECTION('',(4.00000296265125E-16,1.,-8.38389037077243E-16));
#9640=DIRECTION('',(0.,8.38389037077243E-16,1.));
#9641=DIRECTION('',(3.99995183026397E-16,1.,-8.38388321468811E-16));
#9642=DIRECTION('',(0.,8.38388321468811E-16,1.));
#9643=DIRECTION('',(4.00003203387814E-16,1.,-8.38388548693631E-16));
#9644=DIRECTION('',(0.,8.38388548693631E-16,1.));
#9645=DIRECTION('',(3.99997351137399E-16,1.,-8.38387335395842E-16));
#9646=DIRECTION('',(0.,8.38387335395842E-16,1.));
#9647=DIRECTION('',(-0.984562507784983,0.,0.175033334722691));
#9648=DIRECTION('',(3.99998414247935E-16,1.,-8.38387654914302E-16));
#9649=DIRECTION('',(0.,8.38387654914302E-16,1.));
#9650=DIRECTION('',(4.00003517355213E-16,1.,-8.38388563508072E-16));
#9651=DIRECTION('',(0.,8.38388563508072E-16,1.));
#9652=DIRECTION('',(3.99999526221772E-16,1.,-8.38388460546245E-16));
#9653=DIRECTION('',(0.,8.38388460546245E-16,1.));
#9654=DIRECTION('',(3.99999376460204E-16,1.,-8.38388300714996E-16));
#9655=DIRECTION('',(0.,8.38388300714996E-16,1.));
#9656=DIRECTION('',(3.9999997980436E-16,1.,-8.38388352343531E-16));
#9657=DIRECTION('',(0.,8.38388352343531E-16,1.));
#9658=DIRECTION('',(3.99999983113197E-16,1.,-8.3838839556941E-16));
#9659=DIRECTION('',(0.,8.3838839556941E-16,1.));
#9660=DIRECTION('',(4.00001129424969E-16,1.,-8.38388790781115E-16));
#9661=DIRECTION('',(0.,8.38388790781115E-16,1.));
#9662=DIRECTION('',(3.99997647604477E-16,1.,-8.38388204968962E-16));
#9663=DIRECTION('',(0.,8.38388204968962E-16,1.));
#9664=DIRECTION('',(4.00000548087191E-16,1.,-8.38389324989445E-16));
#9665=DIRECTION('',(0.,8.38389324989445E-16,1.));
#9666=DIRECTION('',(4.0000008373633E-16,1.,-8.38388499772614E-16));
#9667=DIRECTION('',(0.,8.38388499772614E-16,1.));
#9668=DIRECTION('',(4.00003709109373E-16,1.,-8.38388539841003E-16));
#9669=DIRECTION('',(0.,8.38388539841003E-16,1.));
#9670=DIRECTION('',(3.99996242826851E-16,1.,-8.38388336885811E-16));
#9671=DIRECTION('',(0.,8.38388336885811E-16,1.));
#9672=DIRECTION('',(4.00000486736089E-16,1.,-8.38388933459925E-16));
#9673=DIRECTION('',(0.,8.38388933459925E-16,1.));
#9674=DIRECTION('',(0.991227900682777,0.,0.13216372008995));
#9675=DIRECTION('',(1.,0.,0.));
#9676=DIRECTION('',(3.99999864988199E-16,1.,-8.38388449581895E-16));
#9677=DIRECTION('',(0.,8.38388449581895E-16,1.));
#9678=DIRECTION('',(3.99998969769691E-16,1.,-8.38388370426612E-16));
#9679=DIRECTION('',(0.,8.38388370426612E-16,1.));
#9680=DIRECTION('',(4.00000788991592E-16,1.,-8.38388621658115E-16));
#9681=DIRECTION('',(0.,8.38388621658115E-16,1.));
#9682=DIRECTION('',(4.0000003620282E-16,1.,-8.38388597801067E-16));
#9683=DIRECTION('',(0.,8.38388597801067E-16,1.));
#9684=DIRECTION('',(3.99999771815004E-16,1.,-8.38387995074836E-16));
#9685=DIRECTION('',(0.,8.38387995074836E-16,1.));
#9686=DIRECTION('',(4.00015703361477E-16,1.,-8.38389911690273E-16));
#9687=DIRECTION('',(0.,8.38389911690273E-16,1.));
#9688=DIRECTION('',(1.,0.,0.));
#9689=DIRECTION('',(0.,0.,-1.));
#9690=DIRECTION('',(1.,0.,0.));
#9691=DIRECTION('',(0.,0.,-1.));
#9692=DIRECTION('',(1.,0.,0.));
#9693=DIRECTION('',(0.22574661234892,0.,-0.974186053591913));
#9694=DIRECTION('',(3.99999559490833E-16,1.,-8.38384178681527E-16));
#9695=DIRECTION('',(0.,8.38384178681527E-16,1.));
#9696=DIRECTION('',(0.270914292798475,0.,0.962603472857595));
#9697=DIRECTION('',(1.,0.,0.));
#9698=DIRECTION('',(0.271983078319179,0.,-0.9623020342429));
#9699=DIRECTION('',(4.00000019899778E-16,1.,-8.38388333834662E-16));
#9700=DIRECTION('',(0.,8.38388333834662E-16,1.));
#9701=DIRECTION('',(3.99999947259481E-16,1.,-8.38388554498138E-16));
#9702=DIRECTION('',(0.,8.38388554498138E-16,1.));
#9703=DIRECTION('',(0.236892951175338,0.,0.97153575831435));
#9704=DIRECTION('',(1.,0.,0.));
#9705=DIRECTION('',(-0.264162578962908,0.,-0.964478165577461));
#9706=DIRECTION('',(1.,0.,0.));
#9707=DIRECTION('',(-0.266280599628886,0.,0.963895555680843));
#9708=DIRECTION('',(4.00000203133003E-16,1.,-8.38388513846941E-16));
#9709=DIRECTION('',(0.,8.38388513846941E-16,1.));
#9710=DIRECTION('',(3.99999854108215E-16,1.,-8.3838801977334E-16));
#9711=DIRECTION('',(0.,8.3838801977334E-16,1.));
#9712=DIRECTION('',(-0.267880789477182,0.,-0.963452065558573));
#9713=DIRECTION('',(1.,0.,0.));
#9714=DIRECTION('',(-0.256189417112766,0.,0.966626599344039));
#9715=DIRECTION('',(1.,0.,0.));
#9716=DIRECTION('',(0.316647498316722,0.,-0.948543284099235));
#9717=DIRECTION('',(3.99999838964954E-16,1.,-8.38388099605482E-16));
#9718=DIRECTION('',(0.,8.38388099605482E-16,1.));
#9719=DIRECTION('',(3.999996499603E-16,1.,-8.38389824793832E-16));
#9720=DIRECTION('',(0.,8.38389824793832E-16,1.));
#9721=DIRECTION('',(0.324991786148313,0.,0.94571683866585));
#9722=DIRECTION('',(1.,0.,0.));
#9723=DIRECTION('',(0.,0.,-1.));
#9724=DIRECTION('',(1.,0.,0.));
#9725=DIRECTION('',(0.,0.,-1.));
#9726=DIRECTION('',(-0.327570063092473,0.,-0.944826890898853));
#9727=DIRECTION('',(1.,0.,0.));
#9728=DIRECTION('',(-0.321285019320922,0.,0.946982542795777));
#9729=DIRECTION('',(0.,0.,-1.));
#9730=DIRECTION('',(1.,0.,0.));
#9731=DIRECTION('',(0.,0.,-1.));
#9732=DIRECTION('',(4.00004042006528E-16,1.,-8.38388590790174E-16));
#9733=DIRECTION('',(0.,8.38388590790174E-16,1.));
#9734=DIRECTION('',(3.99998617408802E-16,1.,-8.38388432821597E-16));
#9735=DIRECTION('',(0.,8.38388432821597E-16,1.));
#9736=DIRECTION('',(4.00000368846369E-16,1.,-8.38388523780916E-16));
#9737=DIRECTION('',(0.,8.38388523780916E-16,1.));
#9738=DIRECTION('',(4.00000221658614E-16,1.,-8.3838855679354E-16));
#9739=DIRECTION('',(0.,8.3838855679354E-16,1.));
#9740=DIRECTION('',(4.00000105434905E-16,1.,-8.38388558868442E-16));
#9741=DIRECTION('',(0.,8.38388558868442E-16,1.));
#9742=DIRECTION('',(3.999998145548E-16,1.,-8.38388268912475E-16));
#9743=DIRECTION('',(0.,8.38388268912475E-16,1.));
#9744=DIRECTION('',(3.99998651239439E-16,1.,-8.38388052874009E-16));
#9745=DIRECTION('',(0.,8.38388052874009E-16,1.));
#9746=DIRECTION('',(4.00004189812744E-16,1.,-8.38388571007575E-16));
#9747=DIRECTION('',(0.,8.38388571007575E-16,1.));
#9748=DIRECTION('',(3.99994443225871E-16,1.,-8.38388263851439E-16));
#9749=DIRECTION('',(0.,8.38388263851439E-16,1.));
#9750=DIRECTION('',(4.0000280433855E-16,1.,-8.38390161427585E-16));
#9751=DIRECTION('',(0.,8.38390161427585E-16,1.));
#9752=DIRECTION('',(3.99999807039034E-16,1.,-8.38388315591968E-16));
#9753=DIRECTION('',(0.,8.38388315591968E-16,1.));
#9754=DIRECTION('',(3.99998606254557E-16,1.,-8.38388090955348E-16));
#9755=DIRECTION('',(0.,8.38388090955348E-16,1.));
#9756=DIRECTION('',(1.,0.,0.));
#9757=DIRECTION('',(0.,0.,-1.));
#9758=DIRECTION('',(1.,0.,0.));
#9759=DIRECTION('',(0.,0.,-1.));
#9760=DIRECTION('',(0.,1.,0.));
#9761=DIRECTION('',(1.,0.,0.));
#9762=DIRECTION('',(0.,1.,0.));
#9763=DIRECTION('',(0.,1.,0.));
#9764=DIRECTION('',(1.,0.,0.));
#9765=DIRECTION('',(0.,1.,0.));
#9766=DIRECTION('',(-1.,0.,0.));
#9767=DIRECTION('',(0.,0.,1.));
#9768=DIRECTION('',(0.,1.,0.));
#9769=DIRECTION('',(0.,0.,-1.));
#9770=DIRECTION('',(0.,1.,0.));
#9771=DIRECTION('',(1.,0.,0.));
#9772=DIRECTION('',(0.,1.,0.));
#9773=DIRECTION('',(0.,1.,0.));
#9774=DIRECTION('',(1.,0.,0.));
#9775=DIRECTION('',(0.,1.,0.));
#9776=DIRECTION('',(1.,0.,0.));
#9777=DIRECTION('',(0.,1.,0.));
#9778=DIRECTION('',(0.,1.,0.));
#9779=DIRECTION('',(1.,0.,0.));
#9780=DIRECTION('',(0.,1.,0.));
#9781=DIRECTION('',(1.,0.,0.));
#9782=DIRECTION('',(0.,0.,-1.));
#9783=DIRECTION('',(0.,1.,0.));
#9784=DIRECTION('',(0.,0.,-1.));
#9785=DIRECTION('',(0.,1.,0.));
#9786=DIRECTION('',(1.,0.,0.));
#9787=DIRECTION('',(0.,1.,0.));
#9788=DIRECTION('',(0.,1.,0.));
#9789=DIRECTION('',(1.,0.,0.));
#9790=DIRECTION('',(0.,0.,1.));
#9791=DIRECTION('',(1.,0.,0.));
#9792=DIRECTION('',(1.,0.,0.));
#9793=DIRECTION('',(0.,0.,-1.));
#9794=DIRECTION('',(0.,1.,0.));
#9795=DIRECTION('',(1.,0.,0.));
#9796=DIRECTION('',(0.,0.,1.));
#9797=DIRECTION('',(0.,-1.,0.));
#9798=DIRECTION('',(1.,0.,0.));
#9799=DIRECTION('',(1.,0.,0.));
#9800=DIRECTION('',(0.,0.,1.));
#9801=DIRECTION('',(0.,-1.,0.));
#9802=DIRECTION('',(1.,0.,0.));
#9803=DIRECTION('',(0.,0.,-1.));
#9804=DIRECTION('',(-1.,0.,0.));
#9805=DIRECTION('',(1.,0.,0.));
#9806=DIRECTION('',(-0.803364901692007,7.84132369548107E-16,0.595487056727005));
#9807=DIRECTION('',(0.595487056727005,3.86145125032904E-16,0.803364901692007));
#9808=DIRECTION('',(4.0000000000021E-16,1.,-7.77156117237481E-16));
#9809=DIRECTION('',(0.595487056727005,3.86145125032904E-16,0.803364901692007));
#9810=DIRECTION('',(3.99999999999614E-16,1.,-7.7715611723761E-16));
#9811=DIRECTION('',(-0.814828755622882,-1.24587245569082E-16,-0.579701732798916));
#9812=DIRECTION('',(-0.579701732798916,8.65129845052775E-16,0.814828755622882));
#9813=DIRECTION('',(-0.579701732798916,8.65129845052775E-16,0.814828755622882));
#9814=DIRECTION('',(4.E-16,1.,-7.771561172376E-16));
#9815=DIRECTION('',(2.E-16,7.771561172376E-16,1.));
#9816=DIRECTION('',(1.,-4.E-16,-2.E-16));
#9817=DIRECTION('',(1.,-4.E-16,-2.E-16));
#9818=DIRECTION('',(4.00000000000093E-16,1.,-7.77156117238089E-16));
#9819=DIRECTION('',(0.816365704356476,1.22288818995771E-16,0.577535312124337));
#9820=DIRECTION('',(0.577535312124337,-8.65457725893805E-16,-0.816365704356476));
#9821=DIRECTION('',(0.577535312124337,-8.65457725893805E-16,-0.816365704356476));
#9822=DIRECTION('',(4.00000125768119E-16,1.,-8.383882829316E-16));
#9823=DIRECTION('',(0.,8.383882829316E-16,1.));
#9824=DIRECTION('',(4.00000125768119E-16,1.,-8.383882829316E-16));
#9825=DIRECTION('',(0.,8.383882829316E-16,1.));
#9826=DIRECTION('',(4.00000000226176E-16,1.,-8.38388471050371E-16));
#9827=DIRECTION('',(4.00000000226176E-16,1.,-8.38388471050371E-16));
#9828=DIRECTION('',(0.,8.38388471050371E-16,1.));
#9829=DIRECTION('',(4.00000000226176E-16,1.,-8.38388471050371E-16));
#9830=DIRECTION('',(0.,8.38388471050371E-16,1.));
#9831=DIRECTION('',(-0.796793288665955,7.88315437949456E-16,0.604251979836966));
#9832=DIRECTION('',(0.604251979836966,3.77531986525978E-16,0.796793288665955));
#9833=DIRECTION('',(0.604251979836966,3.77531986525978E-16,0.796793288665955));
#9834=DIRECTION('',(4.E-16,1.,-7.771561172376E-16));
#9835=DIRECTION('',(2.E-16,7.771561172376E-16,1.));
#9836=DIRECTION('',(1.,-4.E-16,-2.E-16));
#9837=DIRECTION('',(1.,-4.E-16,-2.E-16));
#9838=DIRECTION('',(4.00000000000068E-16,1.,-7.77156117237736E-16));
#9839=DIRECTION('',(0.802137642574117,-7.84925424959015E-16,-0.597139181737087));
#9840=DIRECTION('',(-0.597139181737087,-3.84530503098256E-16,-0.802137642574117));
#9841=DIRECTION('',(-0.597139181737087,-3.84530503098256E-16,-0.802137642574117));
#9842=DIRECTION('',(4.00000000000191E-16,1.,-7.77156117237749E-16));
#9843=DIRECTION('',(0.813355559306211,1.26781486902533E-16,0.581766907056151));
#9844=DIRECTION('',(0.581766907056151,-8.64811011226725E-16,-0.813355559306211));
#9845=DIRECTION('',(0.581766907056151,-8.64811011226725E-16,-0.813355559306211));
#9846=DIRECTION('',(4.E-16,1.,-7.771561172376E-16));
#9847=DIRECTION('',(-2.E-16,-7.771561172376E-16,-1.));
#9848=DIRECTION('',(-1.,4.E-16,2.E-16));
#9849=DIRECTION('',(-1.,4.E-16,2.E-16));
#9850=DIRECTION('',(4.00000000000304E-16,1.,-7.77156117237434E-16));
#9851=DIRECTION('',(-0.817097735891983,-1.21190760161597E-16,-0.576499167388988));
#9852=DIRECTION('',(-0.576499167388988,8.65612170785082E-16,0.817097735891983));
#9853=DIRECTION('',(-0.576499167388988,8.65612170785082E-16,0.817097735891983));
#9854=DIRECTION('',(4.00000051980402E-16,1.,-8.38388514501047E-16));
#9855=DIRECTION('',(0.,8.38388514501047E-16,1.));
#9856=DIRECTION('',(4.00000051980402E-16,1.,-8.38388514501047E-16));
#9857=DIRECTION('',(0.,8.38388514501047E-16,1.));
#9858=DIRECTION('',(3.99999944643782E-16,1.,-8.38389010678983E-16));
#9859=DIRECTION('',(3.99999944643782E-16,1.,-8.38389010678983E-16));
#9860=DIRECTION('',(0.,8.38389010678983E-16,1.));
#9861=DIRECTION('',(3.99999944643782E-16,1.,-8.38389010678983E-16));
#9862=DIRECTION('',(0.,8.38389010678983E-16,1.));
#9863=DIRECTION('',(0.811474096433124,-7.78750651004619E-16,-0.58438839038609));
#9864=DIRECTION('',(-0.58438839038609,-3.9688670186836E-16,-0.811474096433124));
#9865=DIRECTION('',(-0.58438839038609,-3.9688670186836E-16,-0.811474096433124));
#9866=DIRECTION('',(4.E-16,1.,-7.771561172376E-16));
#9867=DIRECTION('',(-2.E-16,-7.771561172376E-16,-1.));
#9868=DIRECTION('',(-1.,4.E-16,2.E-16));
#9869=DIRECTION('',(-1.,4.E-16,2.E-16));
#9870=DIRECTION('',(-1.,4.E-16,2.E-16));
#9871=DIRECTION('',(2.E-16,7.771561172376E-16,1.));
#9872=DIRECTION('',(4.E-16,1.,-7.771561172376E-16));
#9873=DIRECTION('',(2.E-16,7.771561172376E-16,1.));
#9874=DIRECTION('',(4.E-16,1.,-7.771561172376E-16));
#9875=DIRECTION('',(-2.E-16,-7.771561172376E-16,-1.));
#9876=DIRECTION('',(-1.,4.E-16,2.E-16));
#9877=DIRECTION('',(-1.,4.E-16,2.E-16));
#9878=DIRECTION('',(4.E-16,1.,-7.771561172376E-16));
#9879=DIRECTION('',(-1.,4.E-16,2.E-16));
#9880=DIRECTION('',(2.E-16,7.771561172376E-16,1.));
#9881=DIRECTION('',(2.E-16,7.771561172376E-16,1.));
#9882=DIRECTION('',(4.E-16,1.,-7.771561172376E-16));
#9883=DIRECTION('',(2.E-16,7.771561172376E-16,1.));
#9884=DIRECTION('',(1.,-4.E-16,-2.E-16));
#9885=DIRECTION('',(1.,-4.E-16,-2.E-16));
#9886=DIRECTION('',(4.E-16,1.,-7.771561172376E-16));
#9887=DIRECTION('',(1.,-4.E-16,-2.E-16));
#9888=DIRECTION('',(-2.E-16,-7.771561172376E-16,-1.));
#9889=DIRECTION('',(-2.E-16,-7.771561172376E-16,-1.));
#9890=DIRECTION('',(4.E-16,1.,-7.771561172376E-16));
#9891=DIRECTION('',(-2.E-16,-7.771561172376E-16,-1.));
#9892=DIRECTION('',(-1.,4.E-16,2.E-16));
#9893=DIRECTION('',(-1.,4.E-16,2.E-16));
#9894=DIRECTION('',(4.E-16,1.,-7.771561172376E-16));
#9895=DIRECTION('',(1.,-4.E-16,-2.E-16));
#9896=DIRECTION('',(-2.E-16,-7.771561172376E-16,-1.));
#9897=DIRECTION('',(-2.E-16,-7.771561172376E-16,-1.));
#9898=DIRECTION('',(4.E-16,1.,-7.771561172376E-16));
#9899=DIRECTION('',(-2.E-16,-7.771561172376E-16,-1.));
#9900=DIRECTION('',(-1.,4.E-16,2.E-16));
#9901=DIRECTION('',(-1.,4.E-16,2.E-16));
#9902=DIRECTION('',(-0.132163720090952,8.23204314628204E-16,0.991227900682643));
#9903=DIRECTION('',(0.991227900682643,-2.93779316727295E-16,0.132163720090952));
#9904=DIRECTION('',(4.00000486736089E-16,1.,-8.38388933459925E-16));
#9905=DIRECTION('',(0.991227900682643,-2.93779316727295E-16,0.132163720090952));
#9906=DIRECTION('',(4.00003696771637E-16,1.,-8.38389362624199E-16));
#9907=DIRECTION('',(4.00003696771637E-16,1.,-8.38389362624199E-16));
#9908=DIRECTION('',(0.,8.38389362624199E-16,1.));
#9909=DIRECTION('',(4.00003696771637E-16,1.,-8.38389362624199E-16));
#9910=DIRECTION('',(0.,8.38389362624199E-16,1.));
#9911=DIRECTION('',(3.99997924038685E-16,1.,-8.38388394140399E-16));
#9912=DIRECTION('',(0.,8.38388394140399E-16,1.));
#9913=DIRECTION('',(3.99997924038685E-16,1.,-8.38388394140399E-16));
#9914=DIRECTION('',(0.,8.38388394140399E-16,1.));
#9915=DIRECTION('',(4.00001006840489E-16,1.,-8.3838845960997E-16));
#9916=DIRECTION('',(0.,8.3838845960997E-16,1.));
#9917=DIRECTION('',(4.00001006840489E-16,1.,-8.3838845960997E-16));
#9918=DIRECTION('',(0.,8.3838845960997E-16,1.));
#9919=DIRECTION('',(3.99999796560331E-16,1.,-8.38387992500488E-16));
#9920=DIRECTION('',(0.,8.38387992500488E-16,1.));
#9921=DIRECTION('',(3.99999796560331E-16,1.,-8.38387992500488E-16));
#9922=DIRECTION('',(0.,8.38387992500488E-16,1.));
#9923=DIRECTION('',(4.00000445363569E-16,1.,-8.38389247302681E-16));
#9924=DIRECTION('',(0.,8.38389247302681E-16,1.));
#9925=DIRECTION('',(4.00000445363569E-16,1.,-8.38389247302681E-16));
#9926=DIRECTION('',(0.,8.38389247302681E-16,1.));
#9927=DIRECTION('',(3.99996346605527E-16,1.,-8.38388367216338E-16));
#9928=DIRECTION('',(0.,8.38388367216338E-16,1.));
#9929=DIRECTION('',(3.99996346605527E-16,1.,-8.38388367216338E-16));
#9930=DIRECTION('',(0.,8.38388367216338E-16,1.));
#9931=DIRECTION('',(3.99999396815165E-16,1.,-8.38388499484291E-16));
#9932=DIRECTION('',(0.,8.38388499484291E-16,1.));
#9933=DIRECTION('',(3.99999396815165E-16,1.,-8.38388499484291E-16));
#9934=DIRECTION('',(0.,8.38388499484291E-16,1.));
#9935=DIRECTION('',(3.99999396815165E-16,1.,-8.38388499484291E-16));
#9936=DIRECTION('',(-0.992136022596441,4.9412664357532E-16,0.125164342632056));
#9937=DIRECTION('',(0.125164342632056,7.20978842040121E-16,0.992136022596441));
#9938=DIRECTION('',(0.125164342632056,7.20978842040121E-16,0.992136022596441));
#9939=DIRECTION('',(4.00000054553552E-16,1.,-8.38388461435036E-16));
#9940=DIRECTION('',(4.00000054553552E-16,1.,-8.38388461435036E-16));
#9941=DIRECTION('',(0.,8.38388461435036E-16,1.));
#9942=DIRECTION('',(4.00000054553552E-16,1.,-8.38388461435036E-16));
#9943=DIRECTION('',(0.,8.38388461435036E-16,1.));
#9944=DIRECTION('',(4.00000733893701E-16,1.,-8.38388473849961E-16));
#9945=DIRECTION('',(0.,8.38388473849961E-16,1.));
#9946=DIRECTION('',(4.00000733893701E-16,1.,-8.38388473849961E-16));
#9947=DIRECTION('',(0.,8.38388473849961E-16,1.));
#9948=DIRECTION('',(3.99997770771071E-16,1.,-8.38386096356E-16));
#9949=DIRECTION('',(0.,8.38386096356E-16,1.));
#9950=DIRECTION('',(3.99997770771071E-16,1.,-8.38386096356E-16));
#9951=DIRECTION('',(0.,8.38386096356E-16,1.));
#9952=DIRECTION('',(4.00000296265125E-16,1.,-8.38389037077243E-16));
#9953=DIRECTION('',(0.,8.38389037077243E-16,1.));
#9954=DIRECTION('',(4.00000296265125E-16,1.,-8.38389037077243E-16));
#9955=DIRECTION('',(0.,8.38389037077243E-16,1.));
#9956=DIRECTION('',(3.99995183026397E-16,1.,-8.38388321468811E-16));
#9957=DIRECTION('',(0.,8.38388321468811E-16,1.));
#9958=DIRECTION('',(3.99995183026397E-16,1.,-8.38388321468811E-16));
#9959=DIRECTION('',(0.,8.38388321468811E-16,1.));
#9960=DIRECTION('',(4.00003203387814E-16,1.,-8.38388548693631E-16));
#9961=DIRECTION('',(0.,8.38388548693631E-16,1.));
#9962=DIRECTION('',(4.00003203387814E-16,1.,-8.38388548693631E-16));
#9963=DIRECTION('',(0.,8.38388548693631E-16,1.));
#9964=DIRECTION('',(3.99997351137399E-16,1.,-8.38387335395842E-16));
#9965=DIRECTION('',(0.,8.38387335395842E-16,1.));
#9966=DIRECTION('',(3.99997351137399E-16,1.,-8.38387335395842E-16));
#9967=DIRECTION('',(0.,8.38387335395842E-16,1.));
#9968=DIRECTION('',(3.99997351137399E-16,1.,-8.38387335395842E-16));
#9969=DIRECTION('',(-0.175033334716999,-6.95145441841596E-16,-0.984562507785995));
#9970=DIRECTION('',(-0.984562507785995,5.29853229910497E-16,0.175033334716999));
#9971=DIRECTION('',(-0.984562507785995,5.29853229910497E-16,0.175033334716999));
#9972=DIRECTION('',(3.99998414247935E-16,1.,-8.38387654914302E-16));
#9973=DIRECTION('',(3.99998414247935E-16,1.,-8.38387654914302E-16));
#9974=DIRECTION('',(0.,8.38387654914302E-16,1.));
#9975=DIRECTION('',(3.99998414247935E-16,1.,-8.38387654914302E-16));
#9976=DIRECTION('',(0.,8.38387654914302E-16,1.));
#9977=DIRECTION('',(4.00003517355213E-16,1.,-8.38388563508072E-16));
#9978=DIRECTION('',(0.,8.38388563508072E-16,1.));
#9979=DIRECTION('',(4.00003517355213E-16,1.,-8.38388563508072E-16));
#9980=DIRECTION('',(0.,8.38388563508072E-16,1.));
#9981=DIRECTION('',(3.99999526221772E-16,1.,-8.38388460546245E-16));
#9982=DIRECTION('',(0.,8.38388460546245E-16,1.));
#9983=DIRECTION('',(3.99999526221772E-16,1.,-8.38388460546245E-16));
#9984=DIRECTION('',(0.,8.38388460546245E-16,1.));
#9985=DIRECTION('',(3.99999376460204E-16,1.,-8.38388300714996E-16));
#9986=DIRECTION('',(0.,8.38388300714996E-16,1.));
#9987=DIRECTION('',(3.99999376460204E-16,1.,-8.38388300714996E-16));
#9988=DIRECTION('',(0.,8.38388300714996E-16,1.));
#9989=DIRECTION('',(3.9999997980436E-16,1.,-8.38388352343531E-16));
#9990=DIRECTION('',(0.,8.38388352343531E-16,1.));
#9991=DIRECTION('',(3.9999997980436E-16,1.,-8.38388352343531E-16));
#9992=DIRECTION('',(0.,8.38388352343531E-16,1.));
#9993=DIRECTION('',(3.99999983113197E-16,1.,-8.3838839556941E-16));
#9994=DIRECTION('',(0.,8.3838839556941E-16,1.));
#9995=DIRECTION('',(3.99999983113197E-16,1.,-8.3838839556941E-16));
#9996=DIRECTION('',(0.,8.3838839556941E-16,1.));
#9997=DIRECTION('',(4.00001129424969E-16,1.,-8.38388790781115E-16));
#9998=DIRECTION('',(0.,8.38388790781115E-16,1.));
#9999=DIRECTION('',(4.00001129424969E-16,1.,-8.38388790781115E-16));
#10000=DIRECTION('',(0.,8.38388790781115E-16,1.));
#10001=DIRECTION('',(3.99997647604477E-16,1.,-8.38388204968962E-16));
#10002=DIRECTION('',(0.,8.38388204968962E-16,1.));
#10003=DIRECTION('',(3.99997647604477E-16,1.,-8.38388204968962E-16));
#10004=DIRECTION('',(0.,8.38388204968962E-16,1.));
#10005=DIRECTION('',(4.00000548087191E-16,1.,-8.38389324989445E-16));
#10006=DIRECTION('',(0.,8.38389324989445E-16,1.));
#10007=DIRECTION('',(4.00000548087191E-16,1.,-8.38389324989445E-16));
#10008=DIRECTION('',(0.,8.38389324989445E-16,1.));
#10009=DIRECTION('',(4.0000008373633E-16,1.,-8.38388499772614E-16));
#10010=DIRECTION('',(0.,8.38388499772614E-16,1.));
#10011=DIRECTION('',(4.0000008373633E-16,1.,-8.38388499772614E-16));
#10012=DIRECTION('',(0.,8.38388499772614E-16,1.));
#10013=DIRECTION('',(4.00003709109373E-16,1.,-8.38388539841003E-16));
#10014=DIRECTION('',(0.,8.38388539841003E-16,1.));
#10015=DIRECTION('',(4.00003709109373E-16,1.,-8.38388539841003E-16));
#10016=DIRECTION('',(0.,8.38388539841003E-16,1.));
#10017=DIRECTION('',(3.99996242826851E-16,1.,-8.38388336885811E-16));
#10018=DIRECTION('',(3.99996242826851E-16,1.,-8.38388336885811E-16));
#10019=DIRECTION('',(0.,8.38388336885811E-16,1.));
#10020=DIRECTION('',(3.99996242826851E-16,1.,-8.38388336885811E-16));
#10021=DIRECTION('',(0.,8.38388336885811E-16,1.));
#10022=DIRECTION('',(4.00000486736089E-16,1.,-8.38388933459925E-16));
#10023=DIRECTION('',(0.,8.38388933459925E-16,1.));
#10024=DIRECTION('',(4.00000486736089E-16,1.,-8.38388933459925E-16));
#10025=DIRECTION('',(0.,8.38388933459925E-16,1.));
#10026=DIRECTION('',(-1.,4.E-16,2.E-16));
#10027=DIRECTION('',(2.E-16,7.771561172376E-16,1.));
#10028=DIRECTION('',(4.E-16,1.,-7.771561172376E-16));
#10029=DIRECTION('',(2.E-16,7.771561172376E-16,1.));
#10030=DIRECTION('',(4.E-16,1.,-7.771561172376E-16));
#10031=DIRECTION('',(2.E-16,7.771561172376E-16,1.));
#10032=DIRECTION('',(1.,-4.E-16,-2.E-16));
#10033=DIRECTION('',(1.,-4.E-16,-2.E-16));
#10034=DIRECTION('',(3.99999864988199E-16,1.,-8.38388449581895E-16));
#10035=DIRECTION('',(0.,8.38388449581895E-16,1.));
#10036=DIRECTION('',(3.99999864988199E-16,1.,-8.38388449581895E-16));
#10037=DIRECTION('',(0.,8.38388449581895E-16,1.));
#10038=DIRECTION('',(3.99998969769691E-16,1.,-8.38388370426612E-16));
#10039=DIRECTION('',(0.,8.38388370426612E-16,1.));
#10040=DIRECTION('',(3.99998969769691E-16,1.,-8.38388370426612E-16));
#10041=DIRECTION('',(0.,8.38388370426612E-16,1.));
#10042=DIRECTION('',(4.00000788991592E-16,1.,-8.38388621658115E-16));
#10043=DIRECTION('',(0.,8.38388621658115E-16,1.));
#10044=DIRECTION('',(4.00000788991592E-16,1.,-8.38388621658115E-16));
#10045=DIRECTION('',(0.,8.38388621658115E-16,1.));
#10046=DIRECTION('',(4.0000003620282E-16,1.,-8.38388597801067E-16));
#10047=DIRECTION('',(0.,8.38388597801067E-16,1.));
#10048=DIRECTION('',(4.0000003620282E-16,1.,-8.38388597801067E-16));
#10049=DIRECTION('',(0.,8.38388597801067E-16,1.));
#10050=DIRECTION('',(3.99999771815004E-16,1.,-8.38387995074836E-16));
#10051=DIRECTION('',(0.,8.38387995074836E-16,1.));
#10052=DIRECTION('',(3.99999771815004E-16,1.,-8.38387995074836E-16));
#10053=DIRECTION('',(0.,8.38387995074836E-16,1.));
#10054=DIRECTION('',(4.00015703361477E-16,1.,-8.38389911690273E-16));
#10055=DIRECTION('',(0.,8.38389911690273E-16,1.));
#10056=DIRECTION('',(4.00015703361477E-16,1.,-8.38389911690273E-16));
#10057=DIRECTION('',(0.,8.38389911690273E-16,1.));
#10058=DIRECTION('',(-2.E-16,-7.771561172376E-16,-1.));
#10059=DIRECTION('',(-1.,4.E-16,2.E-16));
#10060=DIRECTION('',(-1.,4.E-16,2.E-16));
#10061=DIRECTION('',(4.E-16,1.,-7.771561172376E-16));
#10062=DIRECTION('',(1.,-4.E-16,-2.E-16));
#10063=DIRECTION('',(-2.E-16,-7.771561172376E-16,-1.));
#10064=DIRECTION('',(-2.E-16,-7.771561172376E-16,-1.));
#10065=DIRECTION('',(4.E-16,1.,-7.771561172376E-16));
#10066=DIRECTION('',(-2.E-16,-7.771561172376E-16,-1.));
#10067=DIRECTION('',(-1.,4.E-16,2.E-16));
#10068=DIRECTION('',(-1.,4.E-16,2.E-16));
#10069=DIRECTION('',(-0.966626599343731,1.87551467056148E-16,-0.256189417113928));
#10070=DIRECTION('',(-0.256189417113928,8.53695541609863E-16,0.966626599343731));
#10071=DIRECTION('',(4.00000000000202E-16,1.,-7.7715611723727E-16));
#10072=DIRECTION('',(-0.256189417113928,8.53695541609863E-16,0.966626599343731));
#10073=DIRECTION('',(4.E-16,1.,-7.771561172376E-16));
#10074=DIRECTION('',(2.E-16,7.771561172376E-16,1.));
#10075=DIRECTION('',(1.,-4.E-16,-2.E-16));
#10076=DIRECTION('',(1.,-4.E-16,-2.E-16));
#10077=DIRECTION('',(3.99999999999509E-16,1.,-7.77156117237735E-16));
#10078=DIRECTION('',(0.9741860535919,-2.14234060703578E-16,0.225746612348977));
#10079=DIRECTION('',(0.225746612348977,-8.47393295816113E-16,-0.9741860535919));
#10080=DIRECTION('',(0.225746612348977,-8.47393295816113E-16,-0.9741860535919));
#10081=DIRECTION('',(4.00000050022596E-16,1.,-8.38388544920057E-16));
#10082=DIRECTION('',(0.,8.38388544920057E-16,1.));
#10083=DIRECTION('',(3.99999559490833E-16,1.,-8.38384178681527E-16));
#10084=DIRECTION('',(3.99999559490833E-16,1.,-8.38384178681527E-16));
#10085=DIRECTION('',(0.,8.38384178681527E-16,1.));
#10086=DIRECTION('',(3.99999559490833E-16,1.,-8.38384178681527E-16));
#10087=DIRECTION('',(0.,8.38384178681527E-16,1.));
#10088=DIRECTION('',(-0.962603472857748,5.95584089038144E-16,0.270914292797929));
#10089=DIRECTION('',(0.270914292797929,6.39727460286033E-16,0.962603472857748));
#10090=DIRECTION('',(0.270914292797929,6.39727460286033E-16,0.962603472857748));
#10091=DIRECTION('',(4.E-16,1.,-7.771561172376E-16));
#10092=DIRECTION('',(2.E-16,7.771561172376E-16,1.));
#10093=DIRECTION('',(1.,-4.E-16,-2.E-16));
#10094=DIRECTION('',(1.,-4.E-16,-2.E-16));
#10095=DIRECTION('',(3.99999999999918E-16,1.,-7.77156117237588E-16));
#10096=DIRECTION('',(0.962302034242954,-1.73547500596392E-16,0.271983078318987));
#10097=DIRECTION('',(0.271983078318987,-8.56652143869659E-16,-0.962302034242954));
#10098=DIRECTION('',(0.271983078318987,-8.56652143869659E-16,-0.962302034242954));
#10099=DIRECTION('',(4.00000019899778E-16,1.,-8.38388333834662E-16));
#10100=DIRECTION('',(0.,8.38388333834662E-16,1.));
#10101=DIRECTION('',(4.00000019899778E-16,1.,-8.38388333834662E-16));
#10102=DIRECTION('',(0.,8.38388333834662E-16,1.));
#10103=DIRECTION('',(3.99999947259481E-16,1.,-8.38388554498138E-16));
#10104=DIRECTION('',(0.,8.38388554498138E-16,1.));
#10105=DIRECTION('',(3.99999947259481E-16,1.,-8.38388554498138E-16));
#10106=DIRECTION('',(0.,8.38388554498138E-16,1.));
#10107=DIRECTION('',(-0.971535758314178,5.72717109462405E-16,0.236892951176044));
#10108=DIRECTION('',(0.236892951176044,6.60277777218921E-16,0.971535758314178));
#10109=DIRECTION('',(0.236892951176044,6.60277777218921E-16,0.971535758314178));
#10110=DIRECTION('',(4.E-16,1.,-7.771561172376E-16));
#10111=DIRECTION('',(2.E-16,7.771561172376E-16,1.));
#10112=DIRECTION('',(1.,-4.E-16,-2.E-16));
#10113=DIRECTION('',(1.,-4.E-16,-2.E-16));
#10114=DIRECTION('',(4.0000000000011E-16,1.,-7.77156117237276E-16));
#10115=DIRECTION('',(0.964478165577731,-5.91086830416635E-16,-0.264162578961926));
#10116=DIRECTION('',(-0.264162578961926,-6.4388507473572E-16,-0.964478165577731));
#10117=DIRECTION('',(-0.264162578961926,-6.4388507473572E-16,-0.964478165577731));
#10118=DIRECTION('',(4.E-16,1.,-7.771561172376E-16));
#10119=DIRECTION('',(-2.E-16,-7.771561172376E-16,-1.));
#10120=DIRECTION('',(-1.,4.E-16,2.E-16));
#10121=DIRECTION('',(-1.,4.E-16,2.E-16));
#10122=DIRECTION('',(3.99999999999652E-16,1.,-7.77156117237566E-16));
#10123=DIRECTION('',(-0.963895555680825,1.78616625368667E-16,-0.266280599628952));
#10124=DIRECTION('',(-0.266280599628952,8.55609567326944E-16,0.963895555680825));
#10125=DIRECTION('',(-0.266280599628952,8.55609567326944E-16,0.963895555680825));
#10126=DIRECTION('',(4.00000203133003E-16,1.,-8.38388513846941E-16));
#10127=DIRECTION('',(0.,8.38388513846941E-16,1.));
#10128=DIRECTION('',(4.00000203133003E-16,1.,-8.38388513846941E-16));
#10129=DIRECTION('',(0.,8.38388513846941E-16,1.));
#10130=DIRECTION('',(3.99999854108215E-16,1.,-8.3838801977334E-16));
#10131=DIRECTION('',(3.99999854108215E-16,1.,-8.3838801977334E-16));
#10132=DIRECTION('',(0.,8.3838801977334E-16,1.));
#10133=DIRECTION('',(3.99999854108215E-16,1.,-8.3838801977334E-16));
#10134=DIRECTION('',(0.,8.3838801977334E-16,1.));
#10135=DIRECTION('',(0.963452065558909,-5.93566020455344E-16,-0.267880789475975));
#10136=DIRECTION('',(-0.267880789475975,-6.4160035062374E-16,-0.963452065558909));
#10137=DIRECTION('',(-0.267880789475975,-6.4160035062374E-16,-0.963452065558909));
#10138=DIRECTION('',(4.E-16,1.,-7.771561172376E-16));
#10139=DIRECTION('',(-2.E-16,-7.771561172376E-16,-1.));
#10140=DIRECTION('',(-1.,4.E-16,2.E-16));
#10141=DIRECTION('',(-1.,4.E-16,2.E-16));
#10142=DIRECTION('',(-1.,4.E-16,2.E-16));
#10143=DIRECTION('',(2.E-16,7.771561172376E-16,1.));
#10144=DIRECTION('',(4.E-16,1.,-7.771561172376E-16));
#10145=DIRECTION('',(2.E-16,7.771561172376E-16,1.));
#10146=DIRECTION('',(4.E-16,1.,-7.771561172376E-16));
#10147=DIRECTION('',(2.E-16,7.771561172376E-16,1.));
#10148=DIRECTION('',(1.,-4.E-16,-2.E-16));
#10149=DIRECTION('',(1.,-4.E-16,-2.E-16));
#10150=DIRECTION('',(3.99999999999914E-16,1.,-7.77156117237146E-16));
#10151=DIRECTION('',(0.948543284099528,-1.33332773315734E-16,0.316647498315843));
#10152=DIRECTION('',(0.316647498315843,-8.6382521502847E-16,-0.948543284099528));
#10153=DIRECTION('',(0.316647498315843,-8.6382521502847E-16,-0.948543284099528));
#10154=DIRECTION('',(3.99999838964954E-16,1.,-8.38388099605482E-16));
#10155=DIRECTION('',(0.,8.38388099605482E-16,1.));
#10156=DIRECTION('',(3.99999838964954E-16,1.,-8.38388099605482E-16));
#10157=DIRECTION('',(0.,8.38388099605482E-16,1.));
#10158=DIRECTION('',(3.999996499603E-16,1.,-8.38389824793832E-16));
#10159=DIRECTION('',(3.999996499603E-16,1.,-8.38389824793832E-16));
#10160=DIRECTION('',(0.,8.38389824793832E-16,1.));
#10161=DIRECTION('',(3.999996499603E-16,1.,-8.38389824793832E-16));
#10162=DIRECTION('',(0.,8.38389824793832E-16,1.));
#10163=DIRECTION('',(-0.945716838665962,6.30856090123375E-16,0.324991786147987));
#10164=DIRECTION('',(0.324991786147987,6.04972911884576E-16,0.945716838665962));
#10165=DIRECTION('',(0.324991786147987,6.04972911884576E-16,0.945716838665962));
#10166=DIRECTION('',(4.E-16,1.,-7.771561172376E-16));
#10167=DIRECTION('',(2.E-16,7.771561172376E-16,1.));
#10168=DIRECTION('',(1.,-4.E-16,-2.E-16));
#10169=DIRECTION('',(1.,-4.E-16,-2.E-16));
#10170=DIRECTION('',(4.E-16,1.,-7.771561172376E-16));
#10171=DIRECTION('',(1.,-4.E-16,-2.E-16));
#10172=DIRECTION('',(-2.E-16,-7.771561172376E-16,-1.));
#10173=DIRECTION('',(-2.E-16,-7.771561172376E-16,-1.));
#10174=DIRECTION('',(4.E-16,1.,-7.771561172376E-16));
#10175=DIRECTION('',(-2.E-16,-7.771561172376E-16,-1.));
#10176=DIRECTION('',(-1.,4.E-16,2.E-16));
#10177=DIRECTION('',(-1.,4.E-16,2.E-16));
#10178=DIRECTION('',(4.E-16,1.,-7.771561172376E-16));
#10179=DIRECTION('',(-1.,4.E-16,2.E-16));
#10180=DIRECTION('',(2.E-16,7.771561172376E-16,1.));
#10181=DIRECTION('',(2.E-16,7.771561172376E-16,1.));
#10182=DIRECTION('',(3.99999999999802E-16,1.,-7.77156117237701E-16));
#10183=DIRECTION('',(0.944826890899015,-6.32503834715311E-16,-0.327570063092006));
#10184=DIRECTION('',(-0.327570063092006,-6.0324997275611E-16,-0.944826890899015));
#10185=DIRECTION('',(-0.327570063092006,-6.0324997275611E-16,-0.944826890899015));
#10186=DIRECTION('',(4.E-16,1.,-7.771561172376E-16));
#10187=DIRECTION('',(-2.E-16,-7.771561172376E-16,-1.));
#10188=DIRECTION('',(-1.,4.E-16,2.E-16));
#10189=DIRECTION('',(-1.,4.E-16,2.E-16));
#10190=DIRECTION('',(3.99999999999618E-16,1.,-7.77156117237911E-16));
#10191=DIRECTION('',(-0.94698254279608,1.29104398976611E-16,-0.321285019320028));
#10192=DIRECTION('',(-0.321285019320028,8.64467283779374E-16,0.94698254279608));
#10193=DIRECTION('',(-0.321285019320028,8.64467283779374E-16,0.94698254279608));
#10194=DIRECTION('',(4.E-16,1.,-7.771561172376E-16));
#10195=DIRECTION('',(1.,-4.E-16,-2.E-16));
#10196=DIRECTION('',(-2.E-16,-7.771561172376E-16,-1.));
#10197=DIRECTION('',(-2.E-16,-7.771561172376E-16,-1.));
#10198=DIRECTION('',(4.E-16,1.,-7.771561172376E-16));
#10199=DIRECTION('',(-2.E-16,-7.771561172376E-16,-1.));
#10200=DIRECTION('',(-1.,4.E-16,2.E-16));
#10201=DIRECTION('',(-1.,4.E-16,2.E-16));
#10202=DIRECTION('',(3.99998606254557E-16,1.,-8.38388090955348E-16));
#10203=DIRECTION('',(0.,8.38388090955348E-16,1.));
#10204=DIRECTION('',(3.99998606254557E-16,1.,-8.38388090955348E-16));
#10205=DIRECTION('',(0.,8.38388090955348E-16,1.));
#10206=DIRECTION('',(3.99998606254557E-16,1.,-8.38388090955348E-16));
#10207=DIRECTION('',(4.00004042006528E-16,1.,-8.38388590790174E-16));
#10208=DIRECTION('',(0.,8.38388590790174E-16,1.));
#10209=DIRECTION('',(4.00004042006528E-16,1.,-8.38388590790174E-16));
#10210=DIRECTION('',(0.,8.38388590790174E-16,1.));
#10211=DIRECTION('',(3.99998617408802E-16,1.,-8.38388432821597E-16));
#10212=DIRECTION('',(0.,8.38388432821597E-16,1.));
#10213=DIRECTION('',(3.99998617408802E-16,1.,-8.38388432821597E-16));
#10214=DIRECTION('',(0.,8.38388432821597E-16,1.));
#10215=DIRECTION('',(4.00000368846369E-16,1.,-8.38388523780916E-16));
#10216=DIRECTION('',(0.,8.38388523780916E-16,1.));
#10217=DIRECTION('',(4.00000368846369E-16,1.,-8.38388523780916E-16));
#10218=DIRECTION('',(0.,8.38388523780916E-16,1.));
#10219=DIRECTION('',(4.00000221658614E-16,1.,-8.3838855679354E-16));
#10220=DIRECTION('',(0.,8.3838855679354E-16,1.));
#10221=DIRECTION('',(4.00000221658614E-16,1.,-8.3838855679354E-16));
#10222=DIRECTION('',(0.,8.3838855679354E-16,1.));
#10223=DIRECTION('',(4.00000105434905E-16,1.,-8.38388558868442E-16));
#10224=DIRECTION('',(0.,8.38388558868442E-16,1.));
#10225=DIRECTION('',(4.00000105434905E-16,1.,-8.38388558868442E-16));
#10226=DIRECTION('',(0.,8.38388558868442E-16,1.));
#10227=DIRECTION('',(3.999998145548E-16,1.,-8.38388268912475E-16));
#10228=DIRECTION('',(0.,8.38388268912475E-16,1.));
#10229=DIRECTION('',(3.999998145548E-16,1.,-8.38388268912475E-16));
#10230=DIRECTION('',(0.,8.38388268912475E-16,1.));
#10231=DIRECTION('',(3.99998651239439E-16,1.,-8.38388052874009E-16));
#10232=DIRECTION('',(0.,8.38388052874009E-16,1.));
#10233=DIRECTION('',(3.99998651239439E-16,1.,-8.38388052874009E-16));
#10234=DIRECTION('',(0.,8.38388052874009E-16,1.));
#10235=DIRECTION('',(3.99998651239439E-16,1.,-8.38388052874009E-16));
#10236=DIRECTION('',(4.00004189812744E-16,1.,-8.38388571007575E-16));
#10237=DIRECTION('',(0.,8.38388571007575E-16,1.));
#10238=DIRECTION('',(4.00004189812744E-16,1.,-8.38388571007575E-16));
#10239=DIRECTION('',(0.,8.38388571007575E-16,1.));
#10240=DIRECTION('',(3.99994443225871E-16,1.,-8.38388263851439E-16));
#10241=DIRECTION('',(3.99994443225871E-16,1.,-8.38388263851439E-16));
#10242=DIRECTION('',(0.,8.38388263851439E-16,1.));
#10243=DIRECTION('',(3.99994443225871E-16,1.,-8.38388263851439E-16));
#10244=DIRECTION('',(0.,8.38388263851439E-16,1.));
#10245=DIRECTION('',(4.0000280433855E-16,1.,-8.38390161427585E-16));
#10246=DIRECTION('',(0.,8.38390161427585E-16,1.));
#10247=DIRECTION('',(4.0000280433855E-16,1.,-8.38390161427585E-16));
#10248=DIRECTION('',(0.,8.38390161427585E-16,1.));
#10249=DIRECTION('',(3.99999807039034E-16,1.,-8.38388315591968E-16));
#10250=DIRECTION('',(0.,8.38388315591968E-16,1.));
#10251=DIRECTION('',(3.99999807039034E-16,1.,-8.38388315591968E-16));
#10252=DIRECTION('',(0.,8.38388315591968E-16,1.));
#10253=DIRECTION('',(-1.,4.E-16,2.E-16));
#10254=DIRECTION('',(2.E-16,7.771561172376E-16,1.));
#10255=DIRECTION('',(4.E-16,1.,-7.771561172376E-16));
#10256=DIRECTION('',(2.E-16,7.771561172376E-16,1.));
#10257=DIRECTION('',(4.E-16,1.,-7.771561172376E-16));
#10258=DIRECTION('',(2.E-16,7.771561172376E-16,1.));
#10259=DIRECTION('',(1.,-4.E-16,-2.E-16));
#10260=DIRECTION('',(1.,-4.E-16,-2.E-16));
#10261=DIRECTION('',(4.E-16,1.,-7.771561172376E-16));
#10262=DIRECTION('',(1.,-4.E-16,-2.E-16));
#10263=DIRECTION('',(-2.E-16,-7.771561172376E-16,-1.));
#10264=DIRECTION('',(-2.E-16,-7.771561172376E-16,-1.));
#10265=DIRECTION('',(4.E-16,1.,-7.771561172376E-16));
#10266=DIRECTION('',(-2.E-16,-7.771561172376E-16,-1.));
#10267=DIRECTION('',(-1.,4.E-16,2.E-16));
#10268=DIRECTION('',(-1.,4.E-16,2.E-16));
#10269=DIRECTION('',(0.,1.,0.));
#10270=DIRECTION('',(1.,0.,0.));
#10271=DIRECTION('',(1.96246304251912E-16,1.,-5.0532156741769E-16));
#10272=DIRECTION('',(0.,5.0532156741769E-16,1.));
#10273=DIRECTION('',(1.96246617380106E-16,1.,-5.05321509204835E-16));
#10274=DIRECTION('',(0.,5.05321509204835E-16,1.));
#10275=DIRECTION('',(1.96247123098955E-16,1.,-5.05321840524432E-16));
#10276=DIRECTION('',(0.,5.05321840524432E-16,1.));
#10277=DIRECTION('',(1.96247096867256E-16,1.,-5.05321280890023E-16));
#10278=DIRECTION('',(0.,5.05321280890023E-16,1.));
#10279=DIRECTION('',(1.96247476511491E-16,1.,-5.05321434307824E-16));
#10280=DIRECTION('',(0.,5.05321434307824E-16,1.));
#10281=DIRECTION('',(1.96247605615244E-16,1.,-5.05321556496717E-16));
#10282=DIRECTION('',(0.,5.05321556496717E-16,1.));
#10283=DIRECTION('',(1.96246606990429E-16,1.,-5.05321561260436E-16));
#10284=DIRECTION('',(0.,5.05321561260436E-16,1.));
#10285=DIRECTION('',(1.96247086535486E-16,1.,-5.0532154886863E-16));
#10286=DIRECTION('',(0.,5.0532154886863E-16,1.));
#10287=DIRECTION('',(1.96247121797891E-16,1.,-5.05321861975119E-16));
#10288=DIRECTION('',(0.,5.05321861975119E-16,1.));
#10289=DIRECTION('',(1.96247097259001E-16,1.,-5.05321272430958E-16));
#10290=DIRECTION('',(0.,5.05321272430958E-16,1.));
#10291=DIRECTION('',(1.96247605132566E-16,1.,-5.0532154522124E-16));
#10292=DIRECTION('',(0.,5.0532154522124E-16,1.));
#10293=DIRECTION('',(1.96247910458611E-16,1.,-5.05321553928781E-16));
#10294=DIRECTION('',(0.,5.05321553928781E-16,1.));
#10295=DIRECTION('',(-0.987852796581932,2.62871419058182E-16,0.15539257474299));
#10296=DIRECTION('',(1.96245199991003E-16,1.,-5.0531928611355E-16));
#10297=DIRECTION('',(0.,5.0531928611355E-16,1.));
#10298=DIRECTION('',(1.96254097473315E-16,1.,-5.05322308469704E-16));
#10299=DIRECTION('',(0.,5.05322308469704E-16,1.));
#10300=DIRECTION('',(1.96238639575565E-16,1.,-5.05320353001548E-16));
#10301=DIRECTION('',(0.,5.05320353001548E-16,1.));
#10302=DIRECTION('',(1.96246078129409E-16,1.,-5.0531704410712E-16));
#10303=DIRECTION('',(0.,5.0531704410712E-16,1.));
#10304=DIRECTION('',(1.96248304133311E-16,1.,-5.05323842301474E-16));
#10305=DIRECTION('',(0.,5.05323842301474E-16,1.));
#10306=DIRECTION('',(1.96246321925727E-16,1.,-5.05322369289516E-16));
#10307=DIRECTION('',(0.,5.05322369289516E-16,1.));
#10308=DIRECTION('',(1.96246926924586E-16,1.,-5.0532227237532E-16));
#10309=DIRECTION('',(0.,5.0532227237532E-16,1.));
#10310=DIRECTION('',(1.9624800602083E-16,1.,-5.05322046297989E-16));
#10311=DIRECTION('',(0.,5.05322046297989E-16,1.));
#10312=DIRECTION('',(1.96247081718946E-16,1.,-5.05321351618863E-16));
#10313=DIRECTION('',(0.,5.05321351618863E-16,1.));
#10314=DIRECTION('',(1.96247120828865E-16,1.,-5.05321715297636E-16));
#10315=DIRECTION('',(0.,5.05321715297636E-16,1.));
#10316=DIRECTION('',(1.96247242868977E-16,1.,-5.05321469558373E-16));
#10317=DIRECTION('',(0.,5.05321469558373E-16,1.));
#10318=DIRECTION('',(1.96246669947941E-16,1.,-5.05321215189822E-16));
#10319=DIRECTION('',(0.,5.05321215189822E-16,1.));
#10320=DIRECTION('',(1.96246934892461E-16,1.,-5.05321552729475E-16));
#10321=DIRECTION('',(0.,5.05321552729475E-16,1.));
#10322=DIRECTION('',(1.96247831462947E-16,1.,-5.0532160077776E-16));
#10323=DIRECTION('',(0.,5.0532160077776E-16,1.));
#10324=DIRECTION('',(1.96249003915717E-16,1.,-5.05322743900005E-16));
#10325=DIRECTION('',(0.,5.05322743900005E-16,1.));
#10326=DIRECTION('',(1.96246272270127E-16,1.,-5.05320809557543E-16));
#10327=DIRECTION('',(0.,5.05320809557543E-16,1.));
#10328=DIRECTION('',(0.990830168044335,-2.54449870189886E-16,-0.135113204733046));
#10329=DIRECTION('',(1.96245906710104E-16,1.,-5.05319947666047E-16));
#10330=DIRECTION('',(0.,5.05319947666047E-16,1.));
#10331=DIRECTION('',(1.96254113174485E-16,1.,-5.05322352862096E-16));
#10332=DIRECTION('',(0.,5.05322352862096E-16,1.));
#10333=DIRECTION('',(1.96239896040123E-16,1.,-5.0532010342221E-16));
#10334=DIRECTION('',(0.,5.0532010342221E-16,1.));
#10335=DIRECTION('',(1.96245535452826E-16,1.,-5.05314741087532E-16));
#10336=DIRECTION('',(0.,5.05314741087532E-16,1.));
#10337=DIRECTION('',(1.96247156028932E-16,1.,-5.05321827624185E-16));
#10338=DIRECTION('',(0.,5.05321827624185E-16,1.));
#10339=DIRECTION('',(1.96248609484186E-16,1.,-5.05322800520837E-16));
#10340=DIRECTION('',(0.,5.05322800520837E-16,1.));
#10341=DIRECTION('',(1.96246694344121E-16,1.,-5.05321651245829E-16));
#10342=DIRECTION('',(0.,5.05321651245829E-16,1.));
#10343=DIRECTION('',(1.96246992465933E-16,1.,-5.05322172932672E-16));
#10344=DIRECTION('',(0.,5.05322172932672E-16,1.));
#10345=DIRECTION('',(1.96247833530602E-16,1.,-5.05321850792405E-16));
#10346=DIRECTION('',(0.,5.05321850792405E-16,1.));
#10347=DIRECTION('',(1.96246620568559E-16,1.,-5.05319982834999E-16));
#10348=DIRECTION('',(0.,5.05319982834999E-16,1.));
#10349=DIRECTION('',(1.96247066558943E-16,1.,-5.05321060158748E-16));
#10350=DIRECTION('',(0.,5.05321060158748E-16,1.));
#10351=DIRECTION('',(1.96246047412767E-16,1.,-5.05321041265222E-16));
#10352=DIRECTION('',(0.,5.05321041265222E-16,1.));
#10353=DIRECTION('',(1.9624635329775E-16,1.,-5.05321526599377E-16));
#10354=DIRECTION('',(0.,5.05321526599377E-16,1.));
#10355=DIRECTION('',(1.96254313012226E-16,1.,-5.05322474558268E-16));
#10356=DIRECTION('',(0.,5.05322474558268E-16,1.));
#10357=DIRECTION('',(1.96244747480112E-16,1.,-5.0531931950543E-16));
#10358=DIRECTION('',(0.,5.0531931950543E-16,1.));
#10359=DIRECTION('',(-0.987852796581932,2.62871419058182E-16,0.15539257474299));
#10360=DIRECTION('',(1.96245205497417E-16,1.,-5.05319290738502E-16));
#10361=DIRECTION('',(0.,5.05319290738502E-16,1.));
#10362=DIRECTION('',(1.96254098711272E-16,1.,-5.05322340795706E-16));
#10363=DIRECTION('',(0.,5.05322340795706E-16,1.));
#10364=DIRECTION('',(1.96238623443784E-16,1.,-5.05320307592961E-16));
#10365=DIRECTION('',(0.,5.05320307592961E-16,1.));
#10366=DIRECTION('',(1.96246080363257E-16,1.,-5.05317047012789E-16));
#10367=DIRECTION('',(0.,5.05317047012789E-16,1.));
#10368=DIRECTION('',(1.96248302090469E-16,1.,-5.05323843682902E-16));
#10369=DIRECTION('',(0.,5.05323843682902E-16,1.));
#10370=DIRECTION('',(1.96246260246111E-16,1.,-5.05322372264292E-16));
#10371=DIRECTION('',(0.,5.05322372264292E-16,1.));
#10372=DIRECTION('',(1.96246919387846E-16,1.,-5.0532178829772E-16));
#10373=DIRECTION('',(0.,5.0532178829772E-16,1.));
#10374=DIRECTION('',(1.96248008730939E-16,1.,-5.05322046160044E-16));
#10375=DIRECTION('',(0.,5.05322046160044E-16,1.));
#10376=DIRECTION('',(1.96247084674501E-16,1.,-5.05321359110861E-16));
#10377=DIRECTION('',(0.,5.05321359110861E-16,1.));
#10378=DIRECTION('',(1.96247124865541E-16,1.,-5.05321713075154E-16));
#10379=DIRECTION('',(0.,5.05321713075154E-16,1.));
#10380=DIRECTION('',(1.96247246257924E-16,1.,-5.05321550844916E-16));
#10381=DIRECTION('',(0.,5.05321550844916E-16,1.));
#10382=DIRECTION('',(1.96246672964042E-16,1.,-5.05321207712494E-16));
#10383=DIRECTION('',(0.,5.05321207712494E-16,1.));
#10384=DIRECTION('',(1.96246898281166E-16,1.,-5.05321551560575E-16));
#10385=DIRECTION('',(0.,5.05321551560575E-16,1.));
#10386=DIRECTION('',(1.96247826216823E-16,1.,-5.05321608682429E-16));
#10387=DIRECTION('',(0.,5.05321608682429E-16,1.));
#10388=DIRECTION('',(1.96249006996791E-16,1.,-5.05322748329158E-16));
#10389=DIRECTION('',(0.,5.05322748329158E-16,1.));
#10390=DIRECTION('',(1.96246271903789E-16,1.,-5.05320819962285E-16));
#10391=DIRECTION('',(0.,5.05320819962285E-16,1.));
#10392=DIRECTION('',(0.990830168044335,-2.54449870189886E-16,-0.135113204733046));
#10393=DIRECTION('',(1.9624590974227E-16,1.,-5.05319948213928E-16));
#10394=DIRECTION('',(0.,5.05319948213928E-16,1.));
#10395=DIRECTION('',(1.96254118348988E-16,1.,-5.0532235498612E-16));
#10396=DIRECTION('',(0.,5.0532235498612E-16,1.));
#10397=DIRECTION('',(1.96239897074285E-16,1.,-5.05320104565005E-16));
#10398=DIRECTION('',(0.,5.05320104565005E-16,1.));
#10399=DIRECTION('',(1.96245520212094E-16,1.,-5.0531474071827E-16));
#10400=DIRECTION('',(0.,5.0531474071827E-16,1.));
#10401=DIRECTION('',(1.96247158457067E-16,1.,-5.0532182959748E-16));
#10402=DIRECTION('',(0.,5.0532182959748E-16,1.));
#10403=DIRECTION('',(1.96248610075021E-16,1.,-5.05322799808878E-16));
#10404=DIRECTION('',(0.,5.05322799808878E-16,1.));
#10405=DIRECTION('',(1.96246698722434E-16,1.,-5.0532163511726E-16));
#10406=DIRECTION('',(0.,5.0532163511726E-16,1.));
#10407=DIRECTION('',(1.96246904895385E-16,1.,-5.05321690018823E-16));
#10408=DIRECTION('',(0.,5.05321690018823E-16,1.));
#10409=DIRECTION('',(1.96247831660374E-16,1.,-5.05321859802557E-16));
#10410=DIRECTION('',(0.,5.05321859802557E-16,1.));
#10411=DIRECTION('',(1.96246621558257E-16,1.,-5.05319978212374E-16));
#10412=DIRECTION('',(0.,5.05319978212374E-16,1.));
#10413=DIRECTION('',(1.96247066687902E-16,1.,-5.05321055833709E-16));
#10414=DIRECTION('',(0.,5.05321055833709E-16,1.));
#10415=DIRECTION('',(1.96246047086667E-16,1.,-5.05321038441288E-16));
#10416=DIRECTION('',(0.,5.05321038441288E-16,1.));
#10417=DIRECTION('',(1.96246118254892E-16,1.,-5.05321524479368E-16));
#10418=DIRECTION('',(0.,5.05321524479368E-16,1.));
#10419=DIRECTION('',(1.9625431689088E-16,1.,-5.05322476425976E-16));
#10420=DIRECTION('',(0.,5.05322476425976E-16,1.));
#10421=DIRECTION('',(1.96244748099693E-16,1.,-5.05319320097784E-16));
#10422=DIRECTION('',(0.,5.05319320097784E-16,1.));
#10423=DIRECTION('',(1.96248034890788E-16,1.,-5.05321506673273E-16));
#10424=DIRECTION('',(0.,5.05321506673273E-16,1.));
#10425=DIRECTION('',(1.9624678873285E-16,1.,-5.053215531843E-16));
#10426=DIRECTION('',(0.,5.053215531843E-16,1.));
#10427=DIRECTION('',(1.9625586873512E-16,1.,-5.05322501480636E-16));
#10428=DIRECTION('',(0.,5.05322501480636E-16,1.));
#10429=DIRECTION('',(1.9624685818154E-16,1.,-5.05320523663974E-16));
#10430=DIRECTION('',(0.,5.05320523663974E-16,1.));
#10431=DIRECTION('',(1.96247146007082E-16,1.,-5.05321846884164E-16));
#10432=DIRECTION('',(0.,5.05321846884164E-16,1.));
#10433=DIRECTION('',(1.96247363322593E-16,1.,-5.05321679878368E-16));
#10434=DIRECTION('',(0.,5.05321679878368E-16,1.));
#10435=DIRECTION('',(1.96246957633487E-16,1.,-5.05321526987408E-16));
#10436=DIRECTION('',(0.,5.05321526987408E-16,1.));
#10437=DIRECTION('',(1.96247119597262E-16,1.,-5.05321509279729E-16));
#10438=DIRECTION('',(0.,5.05321509279729E-16,1.));
#10439=DIRECTION('',(1.96247028480388E-16,1.,-5.05321356570001E-16));
#10440=DIRECTION('',(0.,5.05321356570001E-16,1.));
#10441=DIRECTION('',(1.96247121854143E-16,1.,-5.05319029236657E-16));
#10442=DIRECTION('',(0.,5.05319029236657E-16,1.));
#10443=DIRECTION('',(1.96241663937928E-16,1.,-5.05314034197453E-16));
#10444=DIRECTION('',(0.,5.05314034197453E-16,1.));
#10445=DIRECTION('',(1.96256114793191E-16,1.,-5.05322703286655E-16));
#10446=DIRECTION('',(0.,5.05322703286655E-16,1.));
#10447=DIRECTION('',(1.96240355070814E-16,1.,-5.05320450942657E-16));
#10448=DIRECTION('',(0.,5.05320450942657E-16,1.));
#10449=DIRECTION('',(1.9625260990271E-16,1.,-5.05323574284421E-16));
#10450=DIRECTION('',(0.,5.05323574284421E-16,1.));
#10451=DIRECTION('',(0.990830168044335,-1.34445237529145E-16,0.135113204733046));
#10452=DIRECTION('',(1.96247831915342E-16,1.,-5.05322166688335E-16));
#10453=DIRECTION('',(0.,5.05322166688335E-16,1.));
#10454=DIRECTION('',(1.96245539235522E-16,1.,-5.05320809454747E-16));
#10455=DIRECTION('',(0.,5.05320809454747E-16,1.));
#10456=DIRECTION('',(1.9624648612597E-16,1.,-5.05321518213815E-16));
#10457=DIRECTION('',(0.,5.05321518213815E-16,1.));
#10458=DIRECTION('',(1.96248153880749E-16,1.,-5.05321683917395E-16));
#10459=DIRECTION('',(0.,5.05321683917395E-16,1.));
#10460=DIRECTION('',(1.96248537371366E-16,1.,-5.05322777633431E-16));
#10461=DIRECTION('',(0.,5.05322777633431E-16,1.));
#10462=DIRECTION('',(1.9624659871369E-16,1.,-5.05321013681506E-16));
#10463=DIRECTION('',(0.,5.05321013681506E-16,1.));
#10464=DIRECTION('',(1.96247030402009E-16,1.,-5.05321514657476E-16));
#10465=DIRECTION('',(0.,5.05321514657476E-16,1.));
#10466=DIRECTION('',(3.694383180982E-16,-4.440892098501E-16,-1.));
#10467=DIRECTION('',(1.96247083923254E-16,1.,-5.0532145453547E-16));
#10468=DIRECTION('',(0.,5.0532145453547E-16,1.));
#10469=DIRECTION('',(1.96247116217789E-16,1.,-5.05321807951706E-16));
#10470=DIRECTION('',(0.,5.05321807951706E-16,1.));
#10471=DIRECTION('',(1.,-1.962471068511E-16,3.694383180982E-16));
#10472=DIRECTION('',(1.96246978474956E-16,1.,-5.0532130432635E-16));
#10473=DIRECTION('',(0.,5.0532130432635E-16,1.));
#10474=DIRECTION('',(-3.694383180982E-16,4.440892098501E-16,1.));
#10475=DIRECTION('',(-1.,1.962471068511E-16,-3.694383180982E-16));
#10476=DIRECTION('',(3.694383180982E-16,-4.440892098501E-16,-1.));
#10477=DIRECTION('',(1.96246935236711E-16,1.,-5.05321476702776E-16));
#10478=DIRECTION('',(0.,5.05321476702776E-16,1.));
#10479=DIRECTION('',(1.96245981291015E-16,1.,-5.05321508616316E-16));
#10480=DIRECTION('',(0.,5.05321508616316E-16,1.));
#10481=DIRECTION('',(1.96250609271419E-16,1.,-5.05321862203377E-16));
#10482=DIRECTION('',(0.,5.05321862203377E-16,1.));
#10483=DIRECTION('',(1.96246795709472E-16,1.,-5.0532131662713E-16));
#10484=DIRECTION('',(0.,5.0532131662713E-16,1.));
#10485=DIRECTION('',(1.96255491019653E-16,1.,-5.05321911717639E-16));
#10486=DIRECTION('',(0.,5.05321911717639E-16,1.));
#10487=DIRECTION('',(1.96256986678548E-16,1.,-5.05322504306914E-16));
#10488=DIRECTION('',(0.,5.05322504306914E-16,1.));
#10489=DIRECTION('',(1.9624404660084E-16,1.,-5.05316336875033E-16));
#10490=DIRECTION('',(0.,5.05316336875033E-16,1.));
#10491=DIRECTION('',(3.694383180982E-16,-4.440892098501E-16,-1.));
#10492=DIRECTION('',(1.,-1.962471068511E-16,3.694383180982E-16));
#10493=DIRECTION('',(-3.694383180982E-16,4.440892098501E-16,1.));
#10494=DIRECTION('',(1.96246644189031E-16,1.,-5.05321305497505E-16));
#10495=DIRECTION('',(0.,5.05321305497505E-16,1.));
#10496=DIRECTION('',(1.96247761602814E-16,1.,-5.05322134615488E-16));
#10497=DIRECTION('',(0.,5.05322134615488E-16,1.));
#10498=DIRECTION('',(1.96248907830181E-16,1.,-5.05321648655746E-16));
#10499=DIRECTION('',(0.,5.05321648655746E-16,1.));
#10500=DIRECTION('',(1.96244355431233E-16,1.,-5.05321410478134E-16));
#10501=DIRECTION('',(0.,5.05321410478134E-16,1.));
#10502=DIRECTION('',(1.96250763142527E-16,1.,-5.05327225212174E-16));
#10503=DIRECTION('',(0.,5.05327225212174E-16,1.));
#10504=DIRECTION('',(3.694383180982E-16,-4.440892098501E-16,-1.));
#10505=DIRECTION('',(1.,-1.962471068511E-16,3.694383180982E-16));
#10506=DIRECTION('',(-3.694383180982E-16,4.440892098501E-16,1.));
#10507=DIRECTION('',(1.96245218212104E-16,1.,-5.05318545714636E-16));
#10508=DIRECTION('',(0.,5.05318545714636E-16,1.));
#10509=DIRECTION('',(1.96265680195123E-16,1.,-5.05323684100707E-16));
#10510=DIRECTION('',(0.,5.05323684100707E-16,1.));
#10511=DIRECTION('',(1.96247262927981E-16,1.,-5.05321504783449E-16));
#10512=DIRECTION('',(0.,5.05321504783449E-16,1.));
#10513=DIRECTION('',(1.96247997317321E-16,1.,-5.05322098614426E-16));
#10514=DIRECTION('',(0.,5.05322098614426E-16,1.));
#10515=DIRECTION('',(1.96247480576683E-16,1.,-5.0532210359782E-16));
#10516=DIRECTION('',(0.,5.0532210359782E-16,1.));
#10517=DIRECTION('',(3.694383180982E-16,-4.440892098501E-16,-1.));
#10518=DIRECTION('',(1.,-1.962471068511E-16,3.694383180982E-16));
#10519=DIRECTION('',(-0.35814059961206,4.84915792665682E-16,0.933667666201156));
#10520=DIRECTION('',(-1.,1.962471068511E-16,-3.694383180982E-16));
#10521=DIRECTION('',(-0.378397088703232,-3.36808897648706E-16,-0.925643367210568));
#10522=DIRECTION('',(1.,-1.962471068511E-16,3.694383180982E-16));
#10523=DIRECTION('',(0.361100736280826,3.43260121080135E-16,0.93252681369355));
#10524=DIRECTION('',(1.,-1.962471068511E-16,3.694383180982E-16));
#10525=DIRECTION('',(0.342528723810929,-4.84445350763199E-16,-0.939507356737805));
#10526=DIRECTION('',(1.,-1.962471068511E-16,3.694383180982E-16));
#10527=DIRECTION('',(-4.E-16,-1.,7.771561172376E-16));
#10528=DIRECTION('',(1.,-4.E-16,-2.E-16));
#10529=DIRECTION('',(-4.E-16,-1.,7.771561172376E-16));
#10530=DIRECTION('',(1.,-4.E-16,-2.E-16));
#10531=DIRECTION('',(-4.E-16,-1.,7.771561172376E-16));
#10532=DIRECTION('',(1.,-4.E-16,-2.E-16));
#10533=DIRECTION('',(-4.E-16,-1.,7.771561172376E-16));
#10534=DIRECTION('',(1.,-4.E-16,-2.E-16));
#10535=DIRECTION('',(1.,-4.E-16,-2.E-16));
#10536=DIRECTION('',(-2.E-16,-7.771561172376E-16,-1.));
#10537=DIRECTION('',(-1.,4.E-16,2.E-16));
#10538=DIRECTION('',(3.99999688912555E-16,1.,-8.38388389932392E-16));
#10539=DIRECTION('',(0.,8.38388389932392E-16,1.));
#10540=DIRECTION('',(4.00000501370524E-16,1.,-8.38388485224448E-16));
#10541=DIRECTION('',(0.,8.38388485224448E-16,1.));
#10542=DIRECTION('',(4.00000303304674E-16,1.,-8.38389043247197E-16));
#10543=DIRECTION('',(0.,8.38389043247197E-16,1.));
#10544=DIRECTION('',(3.99998300174688E-16,1.,-8.38386462460634E-16));
#10545=DIRECTION('',(0.,8.38386462460634E-16,1.));
#10546=DIRECTION('',(4.00010459563744E-16,1.,-8.38389409370768E-16));
#10547=DIRECTION('',(0.,8.38389409370768E-16,1.));
#10548=DIRECTION('',(-4.E-16,-1.,7.771561172376E-16));
#10549=DIRECTION('',(1.,-4.E-16,-2.E-16));
#10550=DIRECTION('',(-4.E-16,-1.,7.771561172376E-16));
#10551=DIRECTION('',(1.,-4.E-16,-2.E-16));
#10552=DIRECTION('',(-4.E-16,-1.,7.771561172376E-16));
#10553=DIRECTION('',(1.,-4.E-16,-2.E-16));
#10554=DIRECTION('',(4.00002948178957E-16,1.,-8.3838936793319E-16));
#10555=DIRECTION('',(0.,8.3838936793319E-16,1.));
#10556=DIRECTION('',(3.99997329309303E-16,1.,-8.38387388645114E-16));
#10557=DIRECTION('',(0.,8.38387388645114E-16,1.));
#10558=DIRECTION('',(3.99997315423406E-16,1.,-8.38388394121067E-16));
#10559=DIRECTION('',(0.,8.38388394121067E-16,1.));
#10560=DIRECTION('',(4.00011587779806E-16,1.,-8.38388637307984E-16));
#10561=DIRECTION('',(0.,8.38388637307984E-16,1.));
#10562=DIRECTION('',(4.00002988170303E-16,1.,-8.38389390885978E-16));
#10563=DIRECTION('',(0.,8.38389390885978E-16,1.));
#10564=DIRECTION('',(3.99997084176962E-16,1.,-8.38387511130387E-16));
#10565=DIRECTION('',(0.,8.38387511130387E-16,1.));
#10566=DIRECTION('',(3.99986626191636E-16,1.,-8.38388266212225E-16));
#10567=DIRECTION('',(0.,8.38388266212225E-16,1.));
#10568=DIRECTION('',(4.00013116053452E-16,1.,-8.38388612696402E-16));
#10569=DIRECTION('',(0.,8.38388612696402E-16,1.));
#10570=DIRECTION('',(-4.E-16,-1.,7.771561172376E-16));
#10571=DIRECTION('',(1.,-4.E-16,-2.E-16));
#10572=DIRECTION('',(1.96246304251912E-16,1.,-5.0532156741769E-16));
#10573=DIRECTION('',(0.,5.0532156741769E-16,1.));
#10574=DIRECTION('',(1.96246304251912E-16,1.,-5.0532156741769E-16));
#10575=DIRECTION('',(1.96246304251912E-16,1.,-5.0532156741769E-16));
#10576=DIRECTION('',(0.,5.0532156741769E-16,1.));
#10577=DIRECTION('',(1.96247910458611E-16,1.,-5.05321553928781E-16));
#10578=DIRECTION('',(0.,5.05321553928781E-16,1.));
#10579=DIRECTION('',(1.96247910458611E-16,1.,-5.05321553928781E-16));
#10580=DIRECTION('',(0.,5.05321553928781E-16,1.));
#10581=DIRECTION('',(1.96247605132566E-16,1.,-5.0532154522124E-16));
#10582=DIRECTION('',(0.,5.0532154522124E-16,1.));
#10583=DIRECTION('',(1.96247605132566E-16,1.,-5.0532154522124E-16));
#10584=DIRECTION('',(0.,5.0532154522124E-16,1.));
#10585=DIRECTION('',(1.96247097259001E-16,1.,-5.05321272430958E-16));
#10586=DIRECTION('',(0.,5.05321272430958E-16,1.));
#10587=DIRECTION('',(1.96247121797891E-16,1.,-5.05321861975119E-16));
#10588=DIRECTION('',(1.96247097259001E-16,1.,-5.05321272430958E-16));
#10589=DIRECTION('',(0.,5.05321272430958E-16,1.));
#10590=DIRECTION('',(1.96247121797891E-16,1.,-5.05321861975119E-16));
#10591=DIRECTION('',(0.,5.05321861975119E-16,1.));
#10592=DIRECTION('',(1.96247121797891E-16,1.,-5.05321861975119E-16));
#10593=DIRECTION('',(0.,5.05321861975119E-16,1.));
#10594=DIRECTION('',(1.96247086535486E-16,1.,-5.0532154886863E-16));
#10595=DIRECTION('',(0.,5.0532154886863E-16,1.));
#10596=DIRECTION('',(1.96247086535486E-16,1.,-5.0532154886863E-16));
#10597=DIRECTION('',(0.,5.0532154886863E-16,1.));
#10598=DIRECTION('',(1.96246606990429E-16,1.,-5.05321561260436E-16));
#10599=DIRECTION('',(0.,5.05321561260436E-16,1.));
#10600=DIRECTION('',(1.96247605615244E-16,1.,-5.05321556496717E-16));
#10601=DIRECTION('',(1.96246606990429E-16,1.,-5.05321561260436E-16));
#10602=DIRECTION('',(0.,5.05321561260436E-16,1.));
#10603=DIRECTION('',(1.96247605615244E-16,1.,-5.05321556496717E-16));
#10604=DIRECTION('',(0.,5.05321556496717E-16,1.));
#10605=DIRECTION('',(1.96247605615244E-16,1.,-5.05321556496717E-16));
#10606=DIRECTION('',(0.,5.05321556496717E-16,1.));
#10607=DIRECTION('',(1.96247476511491E-16,1.,-5.05321434307824E-16));
#10608=DIRECTION('',(0.,5.05321434307824E-16,1.));
#10609=DIRECTION('',(1.96247476511491E-16,1.,-5.05321434307824E-16));
#10610=DIRECTION('',(0.,5.05321434307824E-16,1.));
#10611=DIRECTION('',(1.96247096867256E-16,1.,-5.05321280890023E-16));
#10612=DIRECTION('',(0.,5.05321280890023E-16,1.));
#10613=DIRECTION('',(1.96247123098955E-16,1.,-5.05321840524432E-16));
#10614=DIRECTION('',(1.96247096867256E-16,1.,-5.05321280890023E-16));
#10615=DIRECTION('',(0.,5.05321280890023E-16,1.));
#10616=DIRECTION('',(1.96247123098955E-16,1.,-5.05321840524432E-16));
#10617=DIRECTION('',(0.,5.05321840524432E-16,1.));
#10618=DIRECTION('',(1.96247123098955E-16,1.,-5.05321840524432E-16));
#10619=DIRECTION('',(0.,5.05321840524432E-16,1.));
#10620=DIRECTION('',(1.96246617380106E-16,1.,-5.05321509204835E-16));
#10621=DIRECTION('',(0.,5.05321509204835E-16,1.));
#10622=DIRECTION('',(1.96246617380106E-16,1.,-5.05321509204835E-16));
#10623=DIRECTION('',(0.,5.05321509204835E-16,1.));
#10624=DIRECTION('',(0.15539257474299,4.08199424662672E-16,0.987852796581932));
#10625=DIRECTION('',(-0.987852796581932,2.62871419058182E-16,0.15539257474299));
#10626=DIRECTION('',(1.96244747480112E-16,1.,-5.0531931950543E-16));
#10627=DIRECTION('',(-0.987852796581932,2.62871419058182E-16,0.15539257474299));
#10628=DIRECTION('',(1.96245199991003E-16,1.,-5.0531928611355E-16));
#10629=DIRECTION('',(1.96244747480112E-16,1.,-5.0531931950543E-16));
#10630=DIRECTION('',(0.,5.0531931950543E-16,1.));
#10631=DIRECTION('',(1.96244747480112E-16,1.,-5.0531931950543E-16));
#10632=DIRECTION('',(0.,5.0531931950543E-16,1.));
#10633=DIRECTION('',(1.96254313012226E-16,1.,-5.05322474558268E-16));
#10634=DIRECTION('',(0.,5.05322474558268E-16,1.));
#10635=DIRECTION('',(1.96254313012226E-16,1.,-5.05322474558268E-16));
#10636=DIRECTION('',(0.,5.05322474558268E-16,1.));
#10637=DIRECTION('',(1.9624635329775E-16,1.,-5.05321526599377E-16));
#10638=DIRECTION('',(0.,5.05321526599377E-16,1.));
#10639=DIRECTION('',(1.9624635329775E-16,1.,-5.05321526599377E-16));
#10640=DIRECTION('',(0.,5.05321526599377E-16,1.));
#10641=DIRECTION('',(1.96246047412767E-16,1.,-5.05321041265222E-16));
#10642=DIRECTION('',(0.,5.05321041265222E-16,1.));
#10643=DIRECTION('',(1.96246047412767E-16,1.,-5.05321041265222E-16));
#10644=DIRECTION('',(0.,5.05321041265222E-16,1.));
#10645=DIRECTION('',(1.96247066558943E-16,1.,-5.05321060158748E-16));
#10646=DIRECTION('',(0.,5.05321060158748E-16,1.));
#10647=DIRECTION('',(1.96247066558943E-16,1.,-5.05321060158748E-16));
#10648=DIRECTION('',(0.,5.05321060158748E-16,1.));
#10649=DIRECTION('',(1.96246620568559E-16,1.,-5.05319982834999E-16));
#10650=DIRECTION('',(0.,5.05319982834999E-16,1.));
#10651=DIRECTION('',(1.96246620568559E-16,1.,-5.05319982834999E-16));
#10652=DIRECTION('',(0.,5.05319982834999E-16,1.));
#10653=DIRECTION('',(1.96247833530602E-16,1.,-5.05321850792405E-16));
#10654=DIRECTION('',(0.,5.05321850792405E-16,1.));
#10655=DIRECTION('',(1.96247833530602E-16,1.,-5.05321850792405E-16));
#10656=DIRECTION('',(0.,5.05321850792405E-16,1.));
#10657=DIRECTION('',(1.96246992465933E-16,1.,-5.05322172932672E-16));
#10658=DIRECTION('',(0.,5.05322172932672E-16,1.));
#10659=DIRECTION('',(1.96246992465933E-16,1.,-5.05322172932672E-16));
#10660=DIRECTION('',(0.,5.05322172932672E-16,1.));
#10661=DIRECTION('',(1.96246694344121E-16,1.,-5.05321651245829E-16));
#10662=DIRECTION('',(0.,5.05321651245829E-16,1.));
#10663=DIRECTION('',(1.96246694344121E-16,1.,-5.05321651245829E-16));
#10664=DIRECTION('',(0.,5.05321651245829E-16,1.));
#10665=DIRECTION('',(1.96248609484186E-16,1.,-5.05322800520837E-16));
#10666=DIRECTION('',(0.,5.05322800520837E-16,1.));
#10667=DIRECTION('',(1.96248609484186E-16,1.,-5.05322800520837E-16));
#10668=DIRECTION('',(0.,5.05322800520837E-16,1.));
#10669=DIRECTION('',(1.96247156028932E-16,1.,-5.05321827624185E-16));
#10670=DIRECTION('',(0.,5.05321827624185E-16,1.));
#10671=DIRECTION('',(1.96247156028932E-16,1.,-5.05321827624185E-16));
#10672=DIRECTION('',(0.,5.05321827624185E-16,1.));
#10673=DIRECTION('',(1.96245535452826E-16,1.,-5.05314741087532E-16));
#10674=DIRECTION('',(0.,5.05314741087532E-16,1.));
#10675=DIRECTION('',(1.96245535452826E-16,1.,-5.05314741087532E-16));
#10676=DIRECTION('',(0.,5.05314741087532E-16,1.));
#10677=DIRECTION('',(1.96239896040123E-16,1.,-5.0532010342221E-16));
#10678=DIRECTION('',(0.,5.0532010342221E-16,1.));
#10679=DIRECTION('',(1.96239896040123E-16,1.,-5.0532010342221E-16));
#10680=DIRECTION('',(0.,5.0532010342221E-16,1.));
#10681=DIRECTION('',(1.96254113174485E-16,1.,-5.05322352862096E-16));
#10682=DIRECTION('',(0.,5.05322352862096E-16,1.));
#10683=DIRECTION('',(1.96254113174485E-16,1.,-5.05322352862096E-16));
#10684=DIRECTION('',(0.,5.05322352862096E-16,1.));
#10685=DIRECTION('',(1.96245906710104E-16,1.,-5.05319947666047E-16));
#10686=DIRECTION('',(0.,5.05319947666047E-16,1.));
#10687=DIRECTION('',(1.96245906710104E-16,1.,-5.05319947666047E-16));
#10688=DIRECTION('',(1.96245906710104E-16,1.,-5.05319947666047E-16));
#10689=DIRECTION('',(0.,5.05319947666047E-16,1.));
#10690=DIRECTION('',(-0.135113204733046,-4.1350141089624E-16,-0.990830168044335));
#10691=DIRECTION('',(0.990830168044335,-2.54449870189886E-16,-0.135113204733046));
#10692=DIRECTION('',(1.96246272270127E-16,1.,-5.05320809557543E-16));
#10693=DIRECTION('',(0.990830168044335,-2.54449870189886E-16,-0.135113204733046));
#10694=DIRECTION('',(1.96246272270127E-16,1.,-5.05320809557543E-16));
#10695=DIRECTION('',(0.,5.05320809557543E-16,1.));
#10696=DIRECTION('',(1.96249003915717E-16,1.,-5.05322743900005E-16));
#10697=DIRECTION('',(1.96246272270127E-16,1.,-5.05320809557543E-16));
#10698=DIRECTION('',(0.,5.05320809557543E-16,1.));
#10699=DIRECTION('',(1.96249003915717E-16,1.,-5.05322743900005E-16));
#10700=DIRECTION('',(0.,5.05322743900005E-16,1.));
#10701=DIRECTION('',(1.96249003915717E-16,1.,-5.05322743900005E-16));
#10702=DIRECTION('',(0.,5.05322743900005E-16,1.));
#10703=DIRECTION('',(1.96247831462947E-16,1.,-5.0532160077776E-16));
#10704=DIRECTION('',(0.,5.0532160077776E-16,1.));
#10705=DIRECTION('',(1.96247831462947E-16,1.,-5.0532160077776E-16));
#10706=DIRECTION('',(0.,5.0532160077776E-16,1.));
#10707=DIRECTION('',(1.96246934892461E-16,1.,-5.05321552729475E-16));
#10708=DIRECTION('',(0.,5.05321552729475E-16,1.));
#10709=DIRECTION('',(1.96246934892461E-16,1.,-5.05321552729475E-16));
#10710=DIRECTION('',(0.,5.05321552729475E-16,1.));
#10711=DIRECTION('',(1.96246669947941E-16,1.,-5.05321215189822E-16));
#10712=DIRECTION('',(0.,5.05321215189822E-16,1.));
#10713=DIRECTION('',(1.96246669947941E-16,1.,-5.05321215189822E-16));
#10714=DIRECTION('',(0.,5.05321215189822E-16,1.));
#10715=DIRECTION('',(1.96247242868977E-16,1.,-5.05321469558373E-16));
#10716=DIRECTION('',(0.,5.05321469558373E-16,1.));
#10717=DIRECTION('',(1.96247242868977E-16,1.,-5.05321469558373E-16));
#10718=DIRECTION('',(0.,5.05321469558373E-16,1.));
#10719=DIRECTION('',(1.96247120828865E-16,1.,-5.05321715297636E-16));
#10720=DIRECTION('',(0.,5.05321715297636E-16,1.));
#10721=DIRECTION('',(1.96247120828865E-16,1.,-5.05321715297636E-16));
#10722=DIRECTION('',(0.,5.05321715297636E-16,1.));
#10723=DIRECTION('',(1.96247081718946E-16,1.,-5.05321351618863E-16));
#10724=DIRECTION('',(0.,5.05321351618863E-16,1.));
#10725=DIRECTION('',(1.96247081718946E-16,1.,-5.05321351618863E-16));
#10726=DIRECTION('',(0.,5.05321351618863E-16,1.));
#10727=DIRECTION('',(1.9624800602083E-16,1.,-5.05322046297989E-16));
#10728=DIRECTION('',(0.,5.05322046297989E-16,1.));
#10729=DIRECTION('',(1.9624800602083E-16,1.,-5.05322046297989E-16));
#10730=DIRECTION('',(0.,5.05322046297989E-16,1.));
#10731=DIRECTION('',(1.96246926924586E-16,1.,-5.0532227237532E-16));
#10732=DIRECTION('',(0.,5.0532227237532E-16,1.));
#10733=DIRECTION('',(1.96246926924586E-16,1.,-5.0532227237532E-16));
#10734=DIRECTION('',(0.,5.0532227237532E-16,1.));
#10735=DIRECTION('',(1.96246321925727E-16,1.,-5.05322369289516E-16));
#10736=DIRECTION('',(0.,5.05322369289516E-16,1.));
#10737=DIRECTION('',(1.96246321925727E-16,1.,-5.05322369289516E-16));
#10738=DIRECTION('',(0.,5.05322369289516E-16,1.));
#10739=DIRECTION('',(1.96248304133311E-16,1.,-5.05323842301474E-16));
#10740=DIRECTION('',(0.,5.05323842301474E-16,1.));
#10741=DIRECTION('',(1.96248304133311E-16,1.,-5.05323842301474E-16));
#10742=DIRECTION('',(0.,5.05323842301474E-16,1.));
#10743=DIRECTION('',(1.96246078129409E-16,1.,-5.0531704410712E-16));
#10744=DIRECTION('',(0.,5.0531704410712E-16,1.));
#10745=DIRECTION('',(1.96246078129409E-16,1.,-5.0531704410712E-16));
#10746=DIRECTION('',(0.,5.0531704410712E-16,1.));
#10747=DIRECTION('',(1.96238639575565E-16,1.,-5.05320353001548E-16));
#10748=DIRECTION('',(0.,5.05320353001548E-16,1.));
#10749=DIRECTION('',(1.96254097473315E-16,1.,-5.05322308469704E-16));
#10750=DIRECTION('',(1.96238639575565E-16,1.,-5.05320353001548E-16));
#10751=DIRECTION('',(0.,5.05320353001548E-16,1.));
#10752=DIRECTION('',(1.96254097473315E-16,1.,-5.05322308469704E-16));
#10753=DIRECTION('',(0.,5.05322308469704E-16,1.));
#10754=DIRECTION('',(1.96254097473315E-16,1.,-5.05322308469704E-16));
#10755=DIRECTION('',(0.,5.05322308469704E-16,1.));
#10756=DIRECTION('',(1.96245199991003E-16,1.,-5.0531928611355E-16));
#10757=DIRECTION('',(0.,5.0531928611355E-16,1.));
#10758=DIRECTION('',(1.96245199991003E-16,1.,-5.0531928611355E-16));
#10759=DIRECTION('',(0.,5.0531928611355E-16,1.));
#10760=DIRECTION('',(0.15539257474299,4.08199424662672E-16,0.987852796581932));
#10761=DIRECTION('',(-0.987852796581932,2.62871419058182E-16,0.15539257474299));
#10762=DIRECTION('',(1.96244748099693E-16,1.,-5.05319320097784E-16));
#10763=DIRECTION('',(-0.987852796581932,2.62871419058182E-16,0.15539257474299));
#10764=DIRECTION('',(1.96245205497417E-16,1.,-5.05319290738502E-16));
#10765=DIRECTION('',(1.96244748099693E-16,1.,-5.05319320097784E-16));
#10766=DIRECTION('',(0.,5.05319320097784E-16,1.));
#10767=DIRECTION('',(1.96244748099693E-16,1.,-5.05319320097784E-16));
#10768=DIRECTION('',(0.,5.05319320097784E-16,1.));
#10769=DIRECTION('',(1.9625431689088E-16,1.,-5.05322476425976E-16));
#10770=DIRECTION('',(0.,5.05322476425976E-16,1.));
#10771=DIRECTION('',(1.9625431689088E-16,1.,-5.05322476425976E-16));
#10772=DIRECTION('',(0.,5.05322476425976E-16,1.));
#10773=DIRECTION('',(1.96246118254892E-16,1.,-5.05321524479368E-16));
#10774=DIRECTION('',(0.,5.05321524479368E-16,1.));
#10775=DIRECTION('',(1.96246118254892E-16,1.,-5.05321524479368E-16));
#10776=DIRECTION('',(0.,5.05321524479368E-16,1.));
#10777=DIRECTION('',(1.96246047086667E-16,1.,-5.05321038441288E-16));
#10778=DIRECTION('',(0.,5.05321038441288E-16,1.));
#10779=DIRECTION('',(1.96246047086667E-16,1.,-5.05321038441288E-16));
#10780=DIRECTION('',(0.,5.05321038441288E-16,1.));
#10781=DIRECTION('',(1.96247066687902E-16,1.,-5.05321055833709E-16));
#10782=DIRECTION('',(0.,5.05321055833709E-16,1.));
#10783=DIRECTION('',(1.96247066687902E-16,1.,-5.05321055833709E-16));
#10784=DIRECTION('',(0.,5.05321055833709E-16,1.));
#10785=DIRECTION('',(1.96246621558257E-16,1.,-5.05319978212374E-16));
#10786=DIRECTION('',(0.,5.05319978212374E-16,1.));
#10787=DIRECTION('',(1.96246621558257E-16,1.,-5.05319978212374E-16));
#10788=DIRECTION('',(0.,5.05319978212374E-16,1.));
#10789=DIRECTION('',(1.96247831660374E-16,1.,-5.05321859802557E-16));
#10790=DIRECTION('',(0.,5.05321859802557E-16,1.));
#10791=DIRECTION('',(1.96247831660374E-16,1.,-5.05321859802557E-16));
#10792=DIRECTION('',(0.,5.05321859802557E-16,1.));
#10793=DIRECTION('',(1.96246904895385E-16,1.,-5.05321690018823E-16));
#10794=DIRECTION('',(0.,5.05321690018823E-16,1.));
#10795=DIRECTION('',(1.96246904895385E-16,1.,-5.05321690018823E-16));
#10796=DIRECTION('',(0.,5.05321690018823E-16,1.));
#10797=DIRECTION('',(1.96246698722434E-16,1.,-5.0532163511726E-16));
#10798=DIRECTION('',(0.,5.0532163511726E-16,1.));
#10799=DIRECTION('',(1.96246698722434E-16,1.,-5.0532163511726E-16));
#10800=DIRECTION('',(0.,5.0532163511726E-16,1.));
#10801=DIRECTION('',(1.96248610075021E-16,1.,-5.05322799808878E-16));
#10802=DIRECTION('',(0.,5.05322799808878E-16,1.));
#10803=DIRECTION('',(1.96248610075021E-16,1.,-5.05322799808878E-16));
#10804=DIRECTION('',(0.,5.05322799808878E-16,1.));
#10805=DIRECTION('',(1.96247158457067E-16,1.,-5.0532182959748E-16));
#10806=DIRECTION('',(0.,5.0532182959748E-16,1.));
#10807=DIRECTION('',(1.96247158457067E-16,1.,-5.0532182959748E-16));
#10808=DIRECTION('',(0.,5.0532182959748E-16,1.));
#10809=DIRECTION('',(1.96245520212094E-16,1.,-5.0531474071827E-16));
#10810=DIRECTION('',(0.,5.0531474071827E-16,1.));
#10811=DIRECTION('',(1.96245520212094E-16,1.,-5.0531474071827E-16));
#10812=DIRECTION('',(0.,5.0531474071827E-16,1.));
#10813=DIRECTION('',(1.96239897074285E-16,1.,-5.05320104565005E-16));
#10814=DIRECTION('',(0.,5.05320104565005E-16,1.));
#10815=DIRECTION('',(1.96239897074285E-16,1.,-5.05320104565005E-16));
#10816=DIRECTION('',(0.,5.05320104565005E-16,1.));
#10817=DIRECTION('',(1.96254118348988E-16,1.,-5.0532235498612E-16));
#10818=DIRECTION('',(0.,5.0532235498612E-16,1.));
#10819=DIRECTION('',(1.96254118348988E-16,1.,-5.0532235498612E-16));
#10820=DIRECTION('',(0.,5.0532235498612E-16,1.));
#10821=DIRECTION('',(1.9624590974227E-16,1.,-5.05319948213928E-16));
#10822=DIRECTION('',(0.,5.05319948213928E-16,1.));
#10823=DIRECTION('',(1.9624590974227E-16,1.,-5.05319948213928E-16));
#10824=DIRECTION('',(1.9624590974227E-16,1.,-5.05319948213928E-16));
#10825=DIRECTION('',(0.,5.05319948213928E-16,1.));
#10826=DIRECTION('',(-0.135113204733046,-4.1350141089624E-16,-0.990830168044335));
#10827=DIRECTION('',(0.990830168044335,-2.54449870189886E-16,-0.135113204733046));
#10828=DIRECTION('',(1.96246271903789E-16,1.,-5.05320819962285E-16));
#10829=DIRECTION('',(0.990830168044335,-2.54449870189886E-16,-0.135113204733046));
#10830=DIRECTION('',(1.96246271903789E-16,1.,-5.05320819962285E-16));
#10831=DIRECTION('',(0.,5.05320819962285E-16,1.));
#10832=DIRECTION('',(1.96249006996791E-16,1.,-5.05322748329158E-16));
#10833=DIRECTION('',(1.96246271903789E-16,1.,-5.05320819962285E-16));
#10834=DIRECTION('',(0.,5.05320819962285E-16,1.));
#10835=DIRECTION('',(1.96249006996791E-16,1.,-5.05322748329158E-16));
#10836=DIRECTION('',(0.,5.05322748329158E-16,1.));
#10837=DIRECTION('',(1.96249006996791E-16,1.,-5.05322748329158E-16));
#10838=DIRECTION('',(0.,5.05322748329158E-16,1.));
#10839=DIRECTION('',(1.96247826216823E-16,1.,-5.05321608682429E-16));
#10840=DIRECTION('',(0.,5.05321608682429E-16,1.));
#10841=DIRECTION('',(1.96247826216823E-16,1.,-5.05321608682429E-16));
#10842=DIRECTION('',(0.,5.05321608682429E-16,1.));
#10843=DIRECTION('',(1.96246898281166E-16,1.,-5.05321551560575E-16));
#10844=DIRECTION('',(0.,5.05321551560575E-16,1.));
#10845=DIRECTION('',(1.96246898281166E-16,1.,-5.05321551560575E-16));
#10846=DIRECTION('',(0.,5.05321551560575E-16,1.));
#10847=DIRECTION('',(1.96246672964042E-16,1.,-5.05321207712494E-16));
#10848=DIRECTION('',(0.,5.05321207712494E-16,1.));
#10849=DIRECTION('',(1.96246672964042E-16,1.,-5.05321207712494E-16));
#10850=DIRECTION('',(0.,5.05321207712494E-16,1.));
#10851=DIRECTION('',(1.96247246257924E-16,1.,-5.05321550844916E-16));
#10852=DIRECTION('',(0.,5.05321550844916E-16,1.));
#10853=DIRECTION('',(1.96247246257924E-16,1.,-5.05321550844916E-16));
#10854=DIRECTION('',(0.,5.05321550844916E-16,1.));
#10855=DIRECTION('',(1.96247124865541E-16,1.,-5.05321713075154E-16));
#10856=DIRECTION('',(0.,5.05321713075154E-16,1.));
#10857=DIRECTION('',(1.96247124865541E-16,1.,-5.05321713075154E-16));
#10858=DIRECTION('',(0.,5.05321713075154E-16,1.));
#10859=DIRECTION('',(1.96247084674501E-16,1.,-5.05321359110861E-16));
#10860=DIRECTION('',(0.,5.05321359110861E-16,1.));
#10861=DIRECTION('',(1.96247084674501E-16,1.,-5.05321359110861E-16));
#10862=DIRECTION('',(0.,5.05321359110861E-16,1.));
#10863=DIRECTION('',(1.96248008730939E-16,1.,-5.05322046160044E-16));
#10864=DIRECTION('',(0.,5.05322046160044E-16,1.));
#10865=DIRECTION('',(1.96248008730939E-16,1.,-5.05322046160044E-16));
#10866=DIRECTION('',(0.,5.05322046160044E-16,1.));
#10867=DIRECTION('',(1.96246919387846E-16,1.,-5.0532178829772E-16));
#10868=DIRECTION('',(0.,5.0532178829772E-16,1.));
#10869=DIRECTION('',(1.96246919387846E-16,1.,-5.0532178829772E-16));
#10870=DIRECTION('',(0.,5.0532178829772E-16,1.));
#10871=DIRECTION('',(1.96246260246111E-16,1.,-5.05322372264292E-16));
#10872=DIRECTION('',(0.,5.05322372264292E-16,1.));
#10873=DIRECTION('',(1.96246260246111E-16,1.,-5.05322372264292E-16));
#10874=DIRECTION('',(0.,5.05322372264292E-16,1.));
#10875=DIRECTION('',(1.96248302090469E-16,1.,-5.05323843682902E-16));
#10876=DIRECTION('',(0.,5.05323843682902E-16,1.));
#10877=DIRECTION('',(1.96248302090469E-16,1.,-5.05323843682902E-16));
#10878=DIRECTION('',(0.,5.05323843682902E-16,1.));
#10879=DIRECTION('',(1.96246080363257E-16,1.,-5.05317047012789E-16));
#10880=DIRECTION('',(0.,5.05317047012789E-16,1.));
#10881=DIRECTION('',(1.96246080363257E-16,1.,-5.05317047012789E-16));
#10882=DIRECTION('',(0.,5.05317047012789E-16,1.));
#10883=DIRECTION('',(1.96238623443784E-16,1.,-5.05320307592961E-16));
#10884=DIRECTION('',(0.,5.05320307592961E-16,1.));
#10885=DIRECTION('',(1.96254098711272E-16,1.,-5.05322340795706E-16));
#10886=DIRECTION('',(1.96238623443784E-16,1.,-5.05320307592961E-16));
#10887=DIRECTION('',(0.,5.05320307592961E-16,1.));
#10888=DIRECTION('',(1.96254098711272E-16,1.,-5.05322340795706E-16));
#10889=DIRECTION('',(0.,5.05322340795706E-16,1.));
#10890=DIRECTION('',(1.96254098711272E-16,1.,-5.05322340795706E-16));
#10891=DIRECTION('',(0.,5.05322340795706E-16,1.));
#10892=DIRECTION('',(1.96245205497417E-16,1.,-5.05319290738502E-16));
#10893=DIRECTION('',(0.,5.05319290738502E-16,1.));
#10894=DIRECTION('',(1.96245205497417E-16,1.,-5.05319290738502E-16));
#10895=DIRECTION('',(0.,5.05319290738502E-16,1.));
#10896=DIRECTION('',(1.96248034890788E-16,1.,-5.05321506673273E-16));
#10897=DIRECTION('',(0.,5.05321506673273E-16,1.));
#10898=DIRECTION('',(1.96248034890788E-16,1.,-5.05321506673273E-16));
#10899=DIRECTION('',(1.96248034890788E-16,1.,-5.05321506673273E-16));
#10900=DIRECTION('',(0.,5.05321506673273E-16,1.));
#10901=DIRECTION('',(1.96246978474956E-16,1.,-5.0532130432635E-16));
#10902=DIRECTION('',(0.,5.0532130432635E-16,1.));
#10903=DIRECTION('',(1.96246978474956E-16,1.,-5.0532130432635E-16));
#10904=DIRECTION('',(1.96246978474956E-16,1.,-5.0532130432635E-16));
#10905=DIRECTION('',(0.,5.0532130432635E-16,1.));
#10906=DIRECTION('',(3.694383180982E-16,-4.440892098501E-16,-1.));
#10907=DIRECTION('',(1.,-1.962471068511E-16,3.694383180982E-16));
#10908=DIRECTION('',(1.96247116217789E-16,1.,-5.05321807951706E-16));
#10909=DIRECTION('',(1.,-1.962471068511E-16,3.694383180982E-16));
#10910=DIRECTION('',(1.96247116217789E-16,1.,-5.05321807951706E-16));
#10911=DIRECTION('',(0.,5.05321807951706E-16,1.));
#10912=DIRECTION('',(1.96247116217789E-16,1.,-5.05321807951706E-16));
#10913=DIRECTION('',(0.,5.05321807951706E-16,1.));
#10914=DIRECTION('',(1.96247083923254E-16,1.,-5.0532145453547E-16));
#10915=DIRECTION('',(0.,5.0532145453547E-16,1.));
#10916=DIRECTION('',(1.96247083923254E-16,1.,-5.0532145453547E-16));
#10917=DIRECTION('',(0.,5.0532145453547E-16,1.));
#10918=DIRECTION('',(-1.,1.962471068511E-16,-3.694383180982E-16));
#10919=DIRECTION('',(3.694383180982E-16,-4.440892098501E-16,-1.));
#10920=DIRECTION('',(3.694383180982E-16,-4.440892098501E-16,-1.));
#10921=DIRECTION('',(1.96247030402009E-16,1.,-5.05321514657476E-16));
#10922=DIRECTION('',(0.,5.05321514657476E-16,1.));
#10923=DIRECTION('',(1.96247030402009E-16,1.,-5.05321514657476E-16));
#10924=DIRECTION('',(0.,5.05321514657476E-16,1.));
#10925=DIRECTION('',(1.9624659871369E-16,1.,-5.05321013681506E-16));
#10926=DIRECTION('',(0.,5.05321013681506E-16,1.));
#10927=DIRECTION('',(1.9624659871369E-16,1.,-5.05321013681506E-16));
#10928=DIRECTION('',(0.,5.05321013681506E-16,1.));
#10929=DIRECTION('',(1.96248537371366E-16,1.,-5.05322777633431E-16));
#10930=DIRECTION('',(0.,5.05322777633431E-16,1.));
#10931=DIRECTION('',(1.96248537371366E-16,1.,-5.05322777633431E-16));
#10932=DIRECTION('',(0.,5.05322777633431E-16,1.));
#10933=DIRECTION('',(1.96248153880749E-16,1.,-5.05321683917395E-16));
#10934=DIRECTION('',(0.,5.05321683917395E-16,1.));
#10935=DIRECTION('',(1.96248153880749E-16,1.,-5.05321683917395E-16));
#10936=DIRECTION('',(0.,5.05321683917395E-16,1.));
#10937=DIRECTION('',(1.9624648612597E-16,1.,-5.05321518213815E-16));
#10938=DIRECTION('',(0.,5.05321518213815E-16,1.));
#10939=DIRECTION('',(1.9624648612597E-16,1.,-5.05321518213815E-16));
#10940=DIRECTION('',(0.,5.05321518213815E-16,1.));
#10941=DIRECTION('',(1.96245539235522E-16,1.,-5.05320809454747E-16));
#10942=DIRECTION('',(0.,5.05320809454747E-16,1.));
#10943=DIRECTION('',(1.96247831915342E-16,1.,-5.05322166688335E-16));
#10944=DIRECTION('',(1.96245539235522E-16,1.,-5.05320809454747E-16));
#10945=DIRECTION('',(0.,5.05320809454747E-16,1.));
#10946=DIRECTION('',(1.96247831915342E-16,1.,-5.05322166688335E-16));
#10947=DIRECTION('',(0.,5.05322166688335E-16,1.));
#10948=DIRECTION('',(1.96247831915342E-16,1.,-5.05322166688335E-16));
#10949=DIRECTION('',(1.96247831915342E-16,1.,-5.05322166688335E-16));
#10950=DIRECTION('',(0.,5.05322166688335E-16,1.));
#10951=DIRECTION('',(0.135113204733046,-4.66532561948857E-16,-0.990830168044335));
#10952=DIRECTION('',(0.990830168044335,-1.34445237529145E-16,0.135113204733046));
#10953=DIRECTION('',(1.9625260990271E-16,1.,-5.05323574284421E-16));
#10954=DIRECTION('',(0.990830168044335,-1.34445237529145E-16,0.135113204733046));
#10955=DIRECTION('',(1.9625260990271E-16,1.,-5.05323574284421E-16));
#10956=DIRECTION('',(0.,5.05323574284421E-16,1.));
#10957=DIRECTION('',(1.9625260990271E-16,1.,-5.05323574284421E-16));
#10958=DIRECTION('',(1.9625260990271E-16,1.,-5.05323574284421E-16));
#10959=DIRECTION('',(0.,5.05323574284421E-16,1.));
#10960=DIRECTION('',(1.96240355070814E-16,1.,-5.05320450942657E-16));
#10961=DIRECTION('',(0.,5.05320450942657E-16,1.));
#10962=DIRECTION('',(1.96256114793191E-16,1.,-5.05322703286655E-16));
#10963=DIRECTION('',(1.96240355070814E-16,1.,-5.05320450942657E-16));
#10964=DIRECTION('',(0.,5.05320450942657E-16,1.));
#10965=DIRECTION('',(1.96256114793191E-16,1.,-5.05322703286655E-16));
#10966=DIRECTION('',(0.,5.05322703286655E-16,1.));
#10967=DIRECTION('',(1.96256114793191E-16,1.,-5.05322703286655E-16));
#10968=DIRECTION('',(1.96256114793191E-16,1.,-5.05322703286655E-16));
#10969=DIRECTION('',(0.,5.05322703286655E-16,1.));
#10970=DIRECTION('',(1.96241663937928E-16,1.,-5.05314034197453E-16));
#10971=DIRECTION('',(0.,5.05314034197453E-16,1.));
#10972=DIRECTION('',(1.96241663937928E-16,1.,-5.05314034197453E-16));
#10973=DIRECTION('',(0.,5.05314034197453E-16,1.));
#10974=DIRECTION('',(1.96247121854143E-16,1.,-5.05319029236657E-16));
#10975=DIRECTION('',(0.,5.05319029236657E-16,1.));
#10976=DIRECTION('',(1.96247121854143E-16,1.,-5.05319029236657E-16));
#10977=DIRECTION('',(1.96247121854143E-16,1.,-5.05319029236657E-16));
#10978=DIRECTION('',(0.,5.05319029236657E-16,1.));
#10979=DIRECTION('',(1.96247028480388E-16,1.,-5.05321356570001E-16));
#10980=DIRECTION('',(0.,5.05321356570001E-16,1.));
#10981=DIRECTION('',(1.96247028480388E-16,1.,-5.05321356570001E-16));
#10982=DIRECTION('',(0.,5.05321356570001E-16,1.));
#10983=DIRECTION('',(1.96247119597262E-16,1.,-5.05321509279729E-16));
#10984=DIRECTION('',(0.,5.05321509279729E-16,1.));
#10985=DIRECTION('',(1.96247119597262E-16,1.,-5.05321509279729E-16));
#10986=DIRECTION('',(0.,5.05321509279729E-16,1.));
#10987=DIRECTION('',(1.96246957633487E-16,1.,-5.05321526987408E-16));
#10988=DIRECTION('',(0.,5.05321526987408E-16,1.));
#10989=DIRECTION('',(1.96247363322593E-16,1.,-5.05321679878368E-16));
#10990=DIRECTION('',(1.96246957633487E-16,1.,-5.05321526987408E-16));
#10991=DIRECTION('',(0.,5.05321526987408E-16,1.));
#10992=DIRECTION('',(1.96247363322593E-16,1.,-5.05321679878368E-16));
#10993=DIRECTION('',(0.,5.05321679878368E-16,1.));
#10994=DIRECTION('',(1.96247363322593E-16,1.,-5.05321679878368E-16));
#10995=DIRECTION('',(0.,5.05321679878368E-16,1.));
#10996=DIRECTION('',(1.96247146007082E-16,1.,-5.05321846884164E-16));
#10997=DIRECTION('',(0.,5.05321846884164E-16,1.));
#10998=DIRECTION('',(1.96247146007082E-16,1.,-5.05321846884164E-16));
#10999=DIRECTION('',(0.,5.05321846884164E-16,1.));
#11000=DIRECTION('',(1.9624685818154E-16,1.,-5.05320523663974E-16));
#11001=DIRECTION('',(0.,5.05320523663974E-16,1.));
#11002=DIRECTION('',(1.9624685818154E-16,1.,-5.05320523663974E-16));
#11003=DIRECTION('',(0.,5.05320523663974E-16,1.));
#11004=DIRECTION('',(1.9625586873512E-16,1.,-5.05322501480636E-16));
#11005=DIRECTION('',(0.,5.05322501480636E-16,1.));
#11006=DIRECTION('',(1.9625586873512E-16,1.,-5.05322501480636E-16));
#11007=DIRECTION('',(0.,5.05322501480636E-16,1.));
#11008=DIRECTION('',(1.9624678873285E-16,1.,-5.053215531843E-16));
#11009=DIRECTION('',(0.,5.053215531843E-16,1.));
#11010=DIRECTION('',(1.9624678873285E-16,1.,-5.053215531843E-16));
#11011=DIRECTION('',(0.,5.053215531843E-16,1.));
#11012=DIRECTION('',(1.,-1.962471068511E-16,3.694383180982E-16));
#11013=DIRECTION('',(-3.694383180982E-16,4.440892098501E-16,1.));
#11014=DIRECTION('',(-1.962471068511E-16,-1.,4.440892098501E-16));
#11015=DIRECTION('',(-3.694383180982E-16,4.440892098501E-16,1.));
#11016=DIRECTION('',(-1.962471068511E-16,-1.,4.440892098501E-16));
#11017=DIRECTION('',(3.694383180982E-16,-4.440892098501E-16,-1.));
#11018=DIRECTION('',(1.,-1.962471068511E-16,3.694383180982E-16));
#11019=DIRECTION('',(-1.962471068511E-16,-1.,4.440892098501E-16));
#11020=DIRECTION('',(1.,-1.962471068511E-16,3.694383180982E-16));
#11021=DIRECTION('',(-1.,1.962471068511E-16,-3.694383180982E-16));
#11022=DIRECTION('',(3.694383180982E-16,-4.440892098501E-16,-1.));
#11023=DIRECTION('',(3.694383180982E-16,-4.440892098501E-16,-1.));
#11024=DIRECTION('',(1.96247480576683E-16,1.,-5.0532210359782E-16));
#11025=DIRECTION('',(0.,5.0532210359782E-16,1.));
#11026=DIRECTION('',(1.96247480576683E-16,1.,-5.0532210359782E-16));
#11027=DIRECTION('',(0.,5.0532210359782E-16,1.));
#11028=DIRECTION('',(1.96247997317321E-16,1.,-5.05322098614426E-16));
#11029=DIRECTION('',(0.,5.05322098614426E-16,1.));
#11030=DIRECTION('',(1.96247997317321E-16,1.,-5.05322098614426E-16));
#11031=DIRECTION('',(0.,5.05322098614426E-16,1.));
#11032=DIRECTION('',(1.96247262927981E-16,1.,-5.05321504783449E-16));
#11033=DIRECTION('',(0.,5.05321504783449E-16,1.));
#11034=DIRECTION('',(1.96247262927981E-16,1.,-5.05321504783449E-16));
#11035=DIRECTION('',(0.,5.05321504783449E-16,1.));
#11036=DIRECTION('',(1.96265680195123E-16,1.,-5.05323684100707E-16));
#11037=DIRECTION('',(0.,5.05323684100707E-16,1.));
#11038=DIRECTION('',(1.96265680195123E-16,1.,-5.05323684100707E-16));
#11039=DIRECTION('',(1.96265680195123E-16,1.,-5.05323684100707E-16));
#11040=DIRECTION('',(0.,5.05323684100707E-16,1.));
#11041=DIRECTION('',(1.96245218212104E-16,1.,-5.05318545714636E-16));
#11042=DIRECTION('',(0.,5.05318545714636E-16,1.));
#11043=DIRECTION('',(1.96245218212104E-16,1.,-5.05318545714636E-16));
#11044=DIRECTION('',(0.,5.05318545714636E-16,1.));
#11045=DIRECTION('',(1.,-1.962471068511E-16,3.694383180982E-16));
#11046=DIRECTION('',(-3.694383180982E-16,4.440892098501E-16,1.));
#11047=DIRECTION('',(-1.962471068511E-16,-1.,4.440892098501E-16));
#11048=DIRECTION('',(-3.694383180982E-16,4.440892098501E-16,1.));
#11049=DIRECTION('',(3.694383180982E-16,-4.440892098501E-16,-1.));
#11050=DIRECTION('',(1.,-1.962471068511E-16,3.694383180982E-16));
#11051=DIRECTION('',(-1.962471068511E-16,-1.,4.440892098501E-16));
#11052=DIRECTION('',(1.,-1.962471068511E-16,3.694383180982E-16));
#11053=DIRECTION('',(-1.,1.962471068511E-16,-3.694383180982E-16));
#11054=DIRECTION('',(3.694383180982E-16,-4.440892098501E-16,-1.));
#11055=DIRECTION('',(3.694383180982E-16,-4.440892098501E-16,-1.));
#11056=DIRECTION('',(1.96250763142527E-16,1.,-5.05327225212174E-16));
#11057=DIRECTION('',(0.,5.05327225212174E-16,1.));
#11058=DIRECTION('',(1.96250763142527E-16,1.,-5.05327225212174E-16));
#11059=DIRECTION('',(0.,5.05327225212174E-16,1.));
#11060=DIRECTION('',(1.96244355431233E-16,1.,-5.05321410478134E-16));
#11061=DIRECTION('',(0.,5.05321410478134E-16,1.));
#11062=DIRECTION('',(1.96244355431233E-16,1.,-5.05321410478134E-16));
#11063=DIRECTION('',(0.,5.05321410478134E-16,1.));
#11064=DIRECTION('',(1.96248907830181E-16,1.,-5.05321648655746E-16));
#11065=DIRECTION('',(0.,5.05321648655746E-16,1.));
#11066=DIRECTION('',(1.96248907830181E-16,1.,-5.05321648655746E-16));
#11067=DIRECTION('',(0.,5.05321648655746E-16,1.));
#11068=DIRECTION('',(1.96247761602814E-16,1.,-5.05322134615488E-16));
#11069=DIRECTION('',(0.,5.05322134615488E-16,1.));
#11070=DIRECTION('',(1.96247761602814E-16,1.,-5.05322134615488E-16));
#11071=DIRECTION('',(0.,5.05322134615488E-16,1.));
#11072=DIRECTION('',(1.96246644189031E-16,1.,-5.05321305497505E-16));
#11073=DIRECTION('',(0.,5.05321305497505E-16,1.));
#11074=DIRECTION('',(1.96246644189031E-16,1.,-5.05321305497505E-16));
#11075=DIRECTION('',(0.,5.05321305497505E-16,1.));
#11076=DIRECTION('',(1.,-1.962471068511E-16,3.694383180982E-16));
#11077=DIRECTION('',(-3.694383180982E-16,4.440892098501E-16,1.));
#11078=DIRECTION('',(-1.962471068511E-16,-1.,4.440892098501E-16));
#11079=DIRECTION('',(-3.694383180982E-16,4.440892098501E-16,1.));
#11080=DIRECTION('',(3.694383180982E-16,-4.440892098501E-16,-1.));
#11081=DIRECTION('',(1.,-1.962471068511E-16,3.694383180982E-16));
#11082=DIRECTION('',(-1.962471068511E-16,-1.,4.440892098501E-16));
#11083=DIRECTION('',(1.,-1.962471068511E-16,3.694383180982E-16));
#11084=DIRECTION('',(-1.,1.962471068511E-16,-3.694383180982E-16));
#11085=DIRECTION('',(3.694383180982E-16,-4.440892098501E-16,-1.));
#11086=DIRECTION('',(3.694383180982E-16,-4.440892098501E-16,-1.));
#11087=DIRECTION('',(1.9624404660084E-16,1.,-5.05316336875033E-16));
#11088=DIRECTION('',(0.,5.05316336875033E-16,1.));
#11089=DIRECTION('',(1.9624404660084E-16,1.,-5.05316336875033E-16));
#11090=DIRECTION('',(0.,5.05316336875033E-16,1.));
#11091=DIRECTION('',(1.96256986678548E-16,1.,-5.05322504306914E-16));
#11092=DIRECTION('',(0.,5.05322504306914E-16,1.));
#11093=DIRECTION('',(1.96256986678548E-16,1.,-5.05322504306914E-16));
#11094=DIRECTION('',(0.,5.05322504306914E-16,1.));
#11095=DIRECTION('',(1.96255491019653E-16,1.,-5.05321911717639E-16));
#11096=DIRECTION('',(0.,5.05321911717639E-16,1.));
#11097=DIRECTION('',(1.96255491019653E-16,1.,-5.05321911717639E-16));
#11098=DIRECTION('',(1.96255491019653E-16,1.,-5.05321911717639E-16));
#11099=DIRECTION('',(0.,5.05321911717639E-16,1.));
#11100=DIRECTION('',(1.96246795709472E-16,1.,-5.0532131662713E-16));
#11101=DIRECTION('',(0.,5.0532131662713E-16,1.));
#11102=DIRECTION('',(1.96246795709472E-16,1.,-5.0532131662713E-16));
#11103=DIRECTION('',(0.,5.0532131662713E-16,1.));
#11104=DIRECTION('',(1.96250609271419E-16,1.,-5.05321862203377E-16));
#11105=DIRECTION('',(0.,5.05321862203377E-16,1.));
#11106=DIRECTION('',(1.96250609271419E-16,1.,-5.05321862203377E-16));
#11107=DIRECTION('',(0.,5.05321862203377E-16,1.));
#11108=DIRECTION('',(1.96245981291015E-16,1.,-5.05321508616316E-16));
#11109=DIRECTION('',(0.,5.05321508616316E-16,1.));
#11110=DIRECTION('',(1.96245981291015E-16,1.,-5.05321508616316E-16));
#11111=DIRECTION('',(0.,5.05321508616316E-16,1.));
#11112=DIRECTION('',(1.96246935236711E-16,1.,-5.05321476702776E-16));
#11113=DIRECTION('',(0.,5.05321476702776E-16,1.));
#11114=DIRECTION('',(1.96246935236711E-16,1.,-5.05321476702776E-16));
#11115=DIRECTION('',(1.96246935236711E-16,1.,-5.05321476702776E-16));
#11116=DIRECTION('',(0.,5.05321476702776E-16,1.));
#11117=DIRECTION('',(-1.,1.962471068511E-16,-3.694383180982E-16));
#11118=DIRECTION('',(3.694383180982E-16,-4.440892098501E-16,-1.));
#11119=DIRECTION('',(-1.962471068511E-16,-1.,4.440892098501E-16));
#11120=DIRECTION('',(3.694383180982E-16,-4.440892098501E-16,-1.));
#11121=DIRECTION('',(-3.694383180982E-16,4.440892098501E-16,1.));
#11122=DIRECTION('',(-1.,1.962471068511E-16,-3.694383180982E-16));
#11123=DIRECTION('',(-1.,1.962471068511E-16,-3.694383180982E-16));
#11124=DIRECTION('',(0.933667666201156,-2.4183202355224E-17,0.35814059961206));
#11125=DIRECTION('',(-0.35814059961206,4.84915792665682E-16,0.933667666201156));
#11126=DIRECTION('',(-1.96247106850917E-16,-1.,4.44089209850211E-16));
#11127=DIRECTION('',(-0.35814059961206,4.84915792665682E-16,0.933667666201156));
#11128=DIRECTION('',(-1.962471068511E-16,-1.,4.440892098501E-16));
#11129=DIRECTION('',(3.694383180982E-16,-4.440892098501E-16,-1.));
#11130=DIRECTION('',(1.,-1.962471068511E-16,3.694383180982E-16));
#11131=DIRECTION('',(-1.962471068511E-16,-1.,4.440892098501E-16));
#11132=DIRECTION('',(1.,-1.962471068511E-16,3.694383180982E-16));
#11133=DIRECTION('',(-0.939507356737805,3.22622903170633E-17,-0.342528723810929));
#11134=DIRECTION('',(0.342528723810929,-4.84445350763199E-16,-0.939507356737805));
#11135=DIRECTION('',(-1.96247106851148E-16,-1.,4.44089209849931E-16));
#11136=DIRECTION('',(0.342528723810929,-4.84445350763199E-16,-0.939507356737805));
#11137=DIRECTION('',(3.694383180982E-16,-4.440892098501E-16,-1.));
#11138=DIRECTION('',(1.,-1.962471068511E-16,3.694383180982E-16));
#11139=DIRECTION('',(-1.962471068511E-16,-1.,4.440892098501E-16));
#11140=DIRECTION('',(1.,-1.962471068511E-16,3.694383180982E-16));
#11141=DIRECTION('',(0.93252681369355,-3.43366629899434E-16,-0.361100736280826));
#11142=DIRECTION('',(0.361100736280826,3.43260121080135E-16,0.93252681369355));
#11143=DIRECTION('',(-1.9624710685093E-16,-1.,4.44089209849872E-16));
#11144=DIRECTION('',(0.361100736280826,3.43260121080135E-16,0.93252681369355));
#11145=DIRECTION('',(3.694383180982E-16,-4.440892098501E-16,-1.));
#11146=DIRECTION('',(1.,-1.962471068511E-16,3.694383180982E-16));
#11147=DIRECTION('',(-1.962471068511E-16,-1.,4.440892098501E-16));
#11148=DIRECTION('',(1.,-1.962471068511E-16,3.694383180982E-16));
#11149=DIRECTION('',(-0.925643367210568,3.49696896923015E-16,0.378397088703232));
#11150=DIRECTION('',(-0.378397088703232,-3.36808897648706E-16,-0.925643367210568));
#11151=DIRECTION('',(-1.9624710685129E-16,-1.,4.44089209850252E-16));
#11152=DIRECTION('',(-0.378397088703232,-3.36808897648706E-16,-0.925643367210568));
#11153=DIRECTION('',(-3.694383180982E-16,4.440892098501E-16,1.));
#11154=DIRECTION('',(-1.,1.962471068511E-16,-3.694383180982E-16));
#11155=DIRECTION('',(-1.,1.962471068511E-16,-3.694383180982E-16));
#11156=DIRECTION('',(2.E-16,7.771561172376E-16,1.));
#11157=DIRECTION('',(1.,-4.E-16,-2.E-16));
#11158=DIRECTION('',(1.,0.,0.));
#11159=DIRECTION('',(4.E-16,1.,-7.771561172376E-16));
#11160=DIRECTION('',(1.,-4.E-16,-2.E-16));
#11161=DIRECTION('',(-2.E-16,-7.771561172376E-16,-1.));
#11162=DIRECTION('',(0.,0.,-1.));
#11163=DIRECTION('',(4.E-16,1.,-7.771561172376E-16));
#11164=DIRECTION('',(-2.E-16,-7.771561172376E-16,-1.));
#11165=DIRECTION('',(-1.,4.E-16,2.E-16));
#11166=DIRECTION('',(1.,0.,0.));
#11167=DIRECTION('',(3.99999688912555E-16,1.,-8.38388389932392E-16));
#11168=DIRECTION('',(0.,8.38388389932392E-16,1.));
#11169=DIRECTION('',(3.99999688912555E-16,1.,-8.38388389932392E-16));
#11170=DIRECTION('',(0.,8.38388389932392E-16,1.));
#11171=DIRECTION('',(4.00000501370524E-16,1.,-8.38388485224448E-16));
#11172=DIRECTION('',(0.,8.38388485224448E-16,1.));
#11173=DIRECTION('',(4.00000501370524E-16,1.,-8.38388485224448E-16));
#11174=DIRECTION('',(0.,8.38388485224448E-16,1.));
#11175=DIRECTION('',(4.00000303304674E-16,1.,-8.38389043247197E-16));
#11176=DIRECTION('',(0.,8.38389043247197E-16,1.));
#11177=DIRECTION('',(4.00000303304674E-16,1.,-8.38389043247197E-16));
#11178=DIRECTION('',(0.,8.38389043247197E-16,1.));
#11179=DIRECTION('',(3.99998300174688E-16,1.,-8.38386462460634E-16));
#11180=DIRECTION('',(0.,8.38386462460634E-16,1.));
#11181=DIRECTION('',(3.99998300174688E-16,1.,-8.38386462460634E-16));
#11182=DIRECTION('',(0.,8.38386462460634E-16,1.));
#11183=DIRECTION('',(4.00010459563744E-16,1.,-8.38389409370768E-16));
#11184=DIRECTION('',(0.,8.38389409370768E-16,1.));
#11185=DIRECTION('',(4.00010459563744E-16,1.,-8.38389409370768E-16));
#11186=DIRECTION('',(0.,8.38389409370768E-16,1.));
#11187=DIRECTION('',(4.00002948178957E-16,1.,-8.3838936793319E-16));
#11188=DIRECTION('',(0.,8.3838936793319E-16,1.));
#11189=DIRECTION('',(4.00002948178957E-16,1.,-8.3838936793319E-16));
#11190=DIRECTION('',(0.,8.3838936793319E-16,1.));
#11191=DIRECTION('',(3.99997329309303E-16,1.,-8.38387388645114E-16));
#11192=DIRECTION('',(3.99997329309303E-16,1.,-8.38387388645114E-16));
#11193=DIRECTION('',(0.,8.38387388645114E-16,1.));
#11194=DIRECTION('',(3.99997329309303E-16,1.,-8.38387388645114E-16));
#11195=DIRECTION('',(0.,8.38387388645114E-16,1.));
#11196=DIRECTION('',(3.99997315423406E-16,1.,-8.38388394121067E-16));
#11197=DIRECTION('',(0.,8.38388394121067E-16,1.));
#11198=DIRECTION('',(3.99997315423406E-16,1.,-8.38388394121067E-16));
#11199=DIRECTION('',(0.,8.38388394121067E-16,1.));
#11200=DIRECTION('',(4.00011587779806E-16,1.,-8.38388637307984E-16));
#11201=DIRECTION('',(0.,8.38388637307984E-16,1.));
#11202=DIRECTION('',(4.00011587779806E-16,1.,-8.38388637307984E-16));
#11203=DIRECTION('',(0.,8.38388637307984E-16,1.));
#11204=DIRECTION('',(4.00002988170303E-16,1.,-8.38389390885978E-16));
#11205=DIRECTION('',(0.,8.38389390885978E-16,1.));
#11206=DIRECTION('',(4.00002988170303E-16,1.,-8.38389390885978E-16));
#11207=DIRECTION('',(0.,8.38389390885978E-16,1.));
#11208=DIRECTION('',(3.99997084176962E-16,1.,-8.38387511130387E-16));
#11209=DIRECTION('',(3.99997084176962E-16,1.,-8.38387511130387E-16));
#11210=DIRECTION('',(0.,8.38387511130387E-16,1.));
#11211=DIRECTION('',(3.99997084176962E-16,1.,-8.38387511130387E-16));
#11212=DIRECTION('',(0.,8.38387511130387E-16,1.));
#11213=DIRECTION('',(3.99986626191636E-16,1.,-8.38388266212225E-16));
#11214=DIRECTION('',(0.,8.38388266212225E-16,1.));
#11215=DIRECTION('',(3.99986626191636E-16,1.,-8.38388266212225E-16));
#11216=DIRECTION('',(0.,8.38388266212225E-16,1.));
#11217=DIRECTION('',(3.99986626191636E-16,1.,-8.38388266212225E-16));
#11218=DIRECTION('',(4.00013116053452E-16,1.,-8.38388612696402E-16));
#11219=DIRECTION('',(0.,8.38388612696402E-16,1.));
#11220=DIRECTION('',(4.00013116053452E-16,1.,-8.38388612696402E-16));
#11221=DIRECTION('',(0.,8.38388612696402E-16,1.));
#11222=DIRECTION('',(1.962471068511E-16,1.,-4.440892098501E-16));
#11223=DIRECTION('',(-1.,1.962471068511E-16,-3.694383180982E-16));
#11224=DIRECTION('',(1.96247856355014E-16,1.,-5.05321558103108E-16));
#11225=DIRECTION('',(0.,5.05321558103108E-16,1.));
#11226=DIRECTION('',(1.96246279662605E-16,1.,-5.05321968910468E-16));
#11227=DIRECTION('',(0.,5.05321968910468E-16,1.));
#11228=DIRECTION('',(1.9624702083858E-16,1.,-5.05321570684644E-16));
#11229=DIRECTION('',(0.,5.05321570684644E-16,1.));
#11230=DIRECTION('',(1.96247122160209E-16,1.,-5.05321848359326E-16));
#11231=DIRECTION('',(0.,5.05321848359326E-16,1.));
#11232=DIRECTION('',(1.96247042366479E-16,1.,-5.05321309290775E-16));
#11233=DIRECTION('',(0.,5.05321309290775E-16,1.));
#11234=DIRECTION('',(1.96247076833404E-16,1.,-5.05321441422862E-16));
#11235=DIRECTION('',(0.,5.05321441422862E-16,1.));
#11236=DIRECTION('',(1.96247677824059E-16,1.,-5.05321564365589E-16));
#11237=DIRECTION('',(0.,5.05321564365589E-16,1.));
#11238=DIRECTION('',(1.96246536992143E-16,1.,-5.05321650570266E-16));
#11239=DIRECTION('',(0.,5.05321650570266E-16,1.));
#11240=DIRECTION('',(1.96247127890856E-16,1.,-5.05321724292044E-16));
#11241=DIRECTION('',(0.,5.05321724292044E-16,1.));
#11242=DIRECTION('',(1.96247184750479E-16,1.,-5.05321814006849E-16));
#11243=DIRECTION('',(0.,5.05321814006849E-16,1.));
#11244=DIRECTION('',(1.96247099067245E-16,1.,-5.05321243851141E-16));
#11245=DIRECTION('',(0.,5.05321243851141E-16,1.));
#11246=DIRECTION('',(1.96247226566441E-16,1.,-5.05321349100021E-16));
#11247=DIRECTION('',(0.,5.05321349100021E-16,1.));
#11248=DIRECTION('',(1.962471068511E-16,1.,-4.440892098501E-16));
#11249=DIRECTION('',(-1.,1.962471068511E-16,-3.694383180982E-16));
#11250=DIRECTION('',(1.962471068511E-16,1.,-4.440892098501E-16));
#11251=DIRECTION('',(-1.,1.962471068511E-16,-3.694383180982E-16));
#11252=DIRECTION('',(1.962471068511E-16,1.,-4.440892098501E-16));
#11253=DIRECTION('',(-1.,1.962471068511E-16,-3.694383180982E-16));
#11254=DIRECTION('',(1.96246961533952E-16,1.,-5.05321376150146E-16));
#11255=DIRECTION('',(0.,5.05321376150146E-16,1.));
#11256=DIRECTION('',(-3.694383180982E-16,4.440892098501E-16,1.));
#11257=DIRECTION('',(1.96247836355883E-16,1.,-5.05322579536534E-16));
#11258=DIRECTION('',(0.,5.05322579536534E-16,1.));
#11259=DIRECTION('',(1.96246592404793E-16,1.,-5.05321217883797E-16));
#11260=DIRECTION('',(0.,5.05321217883797E-16,1.));
#11261=DIRECTION('',(1.9624593952079E-16,1.,-5.05321511924461E-16));
#11262=DIRECTION('',(0.,5.05321511924461E-16,1.));
#11263=DIRECTION('',(1.96255948092961E-16,1.,-5.05322669690269E-16));
#11264=DIRECTION('',(0.,5.05322669690269E-16,1.));
#11265=DIRECTION('',(1.96247252292687E-16,1.,-5.0532180161182E-16));
#11266=DIRECTION('',(0.,5.0532180161182E-16,1.));
#11267=DIRECTION('',(1.96247127462096E-16,1.,-5.05321548596486E-16));
#11268=DIRECTION('',(0.,5.05321548596486E-16,1.));
#11269=DIRECTION('',(1.96246277655551E-16,1.,-5.05321201143546E-16));
#11270=DIRECTION('',(0.,5.05321201143546E-16,1.));
#11271=DIRECTION('',(1.96247044332632E-16,1.,-5.05321266380373E-16));
#11272=DIRECTION('',(0.,5.05321266380373E-16,1.));
#11273=DIRECTION('',(1.962471068511E-16,1.,-4.440892098501E-16));
#11274=DIRECTION('',(-1.,1.962471068511E-16,-3.694383180982E-16));
#11275=DIRECTION('',(1.962471068511E-16,1.,-4.440892098501E-16));
#11276=DIRECTION('',(-1.,1.962471068511E-16,-3.694383180982E-16));
#11277=DIRECTION('',(-1.,1.962471068511E-16,-3.694383180982E-16));
#11278=DIRECTION('',(0.349742302319005,-4.84679089801207E-16,-0.936845943562015));
#11279=DIRECTION('',(1.96247111101609E-16,1.,-5.05321545319103E-16));
#11280=DIRECTION('',(0.,5.05321545319103E-16,1.));
#11281=DIRECTION('',(1.96247097226995E-16,1.,-5.05321914581373E-16));
#11282=DIRECTION('',(0.,5.05321914581373E-16,1.));
#11283=DIRECTION('',(0.35172800421907,3.46687302609369E-16,0.936102243907187));
#11284=DIRECTION('',(0.,1.,0.));
#11285=DIRECTION('',(1.,0.,0.));
#11286=DIRECTION('',(0.,1.,0.));
#11287=DIRECTION('',(1.,0.,0.));
#11288=DIRECTION('',(1.96247856355014E-16,1.,-5.05321558103108E-16));
#11289=DIRECTION('',(0.,5.05321558103108E-16,1.));
#11290=DIRECTION('',(1.96247856355014E-16,1.,-5.05321558103108E-16));
#11291=DIRECTION('',(0.,5.05321558103108E-16,1.));
#11292=DIRECTION('',(1.96246279662605E-16,1.,-5.05321968910468E-16));
#11293=DIRECTION('',(0.,5.05321968910468E-16,1.));
#11294=DIRECTION('',(1.96246279662605E-16,1.,-5.05321968910468E-16));
#11295=DIRECTION('',(0.,5.05321968910468E-16,1.));
#11296=DIRECTION('',(1.9624702083858E-16,1.,-5.05321570684644E-16));
#11297=DIRECTION('',(0.,5.05321570684644E-16,1.));
#11298=DIRECTION('',(1.9624702083858E-16,1.,-5.05321570684644E-16));
#11299=DIRECTION('',(0.,5.05321570684644E-16,1.));
#11300=DIRECTION('',(1.96247122160209E-16,1.,-5.05321848359326E-16));
#11301=DIRECTION('',(0.,5.05321848359326E-16,1.));
#11302=DIRECTION('',(1.96247122160209E-16,1.,-5.05321848359326E-16));
#11303=DIRECTION('',(0.,5.05321848359326E-16,1.));
#11304=DIRECTION('',(1.96247042366479E-16,1.,-5.05321309290775E-16));
#11305=DIRECTION('',(0.,5.05321309290775E-16,1.));
#11306=DIRECTION('',(1.96247042366479E-16,1.,-5.05321309290775E-16));
#11307=DIRECTION('',(0.,5.05321309290775E-16,1.));
#11308=DIRECTION('',(1.96247076833404E-16,1.,-5.05321441422862E-16));
#11309=DIRECTION('',(0.,5.05321441422862E-16,1.));
#11310=DIRECTION('',(1.96247076833404E-16,1.,-5.05321441422862E-16));
#11311=DIRECTION('',(0.,5.05321441422862E-16,1.));
#11312=DIRECTION('',(1.96247677824059E-16,1.,-5.05321564365589E-16));
#11313=DIRECTION('',(0.,5.05321564365589E-16,1.));
#11314=DIRECTION('',(1.96247677824059E-16,1.,-5.05321564365589E-16));
#11315=DIRECTION('',(0.,5.05321564365589E-16,1.));
#11316=DIRECTION('',(1.96247677824059E-16,1.,-5.05321564365589E-16));
#11317=DIRECTION('',(1.96246536992143E-16,1.,-5.05321650570266E-16));
#11318=DIRECTION('',(0.,5.05321650570266E-16,1.));
#11319=DIRECTION('',(1.96246536992143E-16,1.,-5.05321650570266E-16));
#11320=DIRECTION('',(0.,5.05321650570266E-16,1.));
#11321=DIRECTION('',(1.96247127890856E-16,1.,-5.05321724292044E-16));
#11322=DIRECTION('',(0.,5.05321724292044E-16,1.));
#11323=DIRECTION('',(1.96247127890856E-16,1.,-5.05321724292044E-16));
#11324=DIRECTION('',(0.,5.05321724292044E-16,1.));
#11325=DIRECTION('',(1.96247184750479E-16,1.,-5.05321814006849E-16));
#11326=DIRECTION('',(0.,5.05321814006849E-16,1.));
#11327=DIRECTION('',(1.96247184750479E-16,1.,-5.05321814006849E-16));
#11328=DIRECTION('',(0.,5.05321814006849E-16,1.));
#11329=DIRECTION('',(1.96247099067245E-16,1.,-5.05321243851141E-16));
#11330=DIRECTION('',(0.,5.05321243851141E-16,1.));
#11331=DIRECTION('',(1.96247099067245E-16,1.,-5.05321243851141E-16));
#11332=DIRECTION('',(0.,5.05321243851141E-16,1.));
#11333=DIRECTION('',(1.96247226566441E-16,1.,-5.05321349100021E-16));
#11334=DIRECTION('',(0.,5.05321349100021E-16,1.));
#11335=DIRECTION('',(1.96247226566441E-16,1.,-5.05321349100021E-16));
#11336=DIRECTION('',(0.,5.05321349100021E-16,1.));
#11337=DIRECTION('',(1.96246961533952E-16,1.,-5.05321376150146E-16));
#11338=DIRECTION('',(0.,5.05321376150146E-16,1.));
#11339=DIRECTION('',(1.96246961533952E-16,1.,-5.05321376150146E-16));
#11340=DIRECTION('',(0.,5.05321376150146E-16,1.));
#11341=DIRECTION('',(1.96246961533952E-16,1.,-5.05321376150146E-16));
#11342=DIRECTION('',(1.,-1.962471068511E-16,3.694383180982E-16));
#11343=DIRECTION('',(-3.694383180982E-16,4.440892098501E-16,1.));
#11344=DIRECTION('',(-3.694383180982E-16,4.440892098501E-16,1.));
#11345=DIRECTION('',(1.96247836355883E-16,1.,-5.05322579536534E-16));
#11346=DIRECTION('',(0.,5.05322579536534E-16,1.));
#11347=DIRECTION('',(1.96247836355883E-16,1.,-5.05322579536534E-16));
#11348=DIRECTION('',(0.,5.05322579536534E-16,1.));
#11349=DIRECTION('',(1.96246592404793E-16,1.,-5.05321217883797E-16));
#11350=DIRECTION('',(0.,5.05321217883797E-16,1.));
#11351=DIRECTION('',(1.96246592404793E-16,1.,-5.05321217883797E-16));
#11352=DIRECTION('',(0.,5.05321217883797E-16,1.));
#11353=DIRECTION('',(1.9624593952079E-16,1.,-5.05321511924461E-16));
#11354=DIRECTION('',(0.,5.05321511924461E-16,1.));
#11355=DIRECTION('',(1.9624593952079E-16,1.,-5.05321511924461E-16));
#11356=DIRECTION('',(0.,5.05321511924461E-16,1.));
#11357=DIRECTION('',(1.96255948092961E-16,1.,-5.05322669690269E-16));
#11358=DIRECTION('',(0.,5.05322669690269E-16,1.));
#11359=DIRECTION('',(1.96255948092961E-16,1.,-5.05322669690269E-16));
#11360=DIRECTION('',(0.,5.05322669690269E-16,1.));
#11361=DIRECTION('',(1.96247252292687E-16,1.,-5.0532180161182E-16));
#11362=DIRECTION('',(0.,5.0532180161182E-16,1.));
#11363=DIRECTION('',(1.96247252292687E-16,1.,-5.0532180161182E-16));
#11364=DIRECTION('',(0.,5.0532180161182E-16,1.));
#11365=DIRECTION('',(1.96247127462096E-16,1.,-5.05321548596486E-16));
#11366=DIRECTION('',(0.,5.05321548596486E-16,1.));
#11367=DIRECTION('',(1.96247127462096E-16,1.,-5.05321548596486E-16));
#11368=DIRECTION('',(0.,5.05321548596486E-16,1.));
#11369=DIRECTION('',(1.96246277655551E-16,1.,-5.05321201143546E-16));
#11370=DIRECTION('',(0.,5.05321201143546E-16,1.));
#11371=DIRECTION('',(1.96246277655551E-16,1.,-5.05321201143546E-16));
#11372=DIRECTION('',(0.,5.05321201143546E-16,1.));
#11373=DIRECTION('',(1.96247044332632E-16,1.,-5.05321266380373E-16));
#11374=DIRECTION('',(0.,5.05321266380373E-16,1.));
#11375=DIRECTION('',(1.96247044332632E-16,1.,-5.05321266380373E-16));
#11376=DIRECTION('',(0.,5.05321266380373E-16,1.));
#11377=DIRECTION('',(-3.694383180982E-16,4.440892098501E-16,1.));
#11378=DIRECTION('',(-1.,1.962471068511E-16,-3.694383180982E-16));
#11379=DIRECTION('',(-1.,1.962471068511E-16,-3.694383180982E-16));
#11380=DIRECTION('',(-1.962471068511E-16,-1.,4.440892098501E-16));
#11381=DIRECTION('',(-1.9624710685089E-16,-1.,4.44089209850262E-16));
#11382=DIRECTION('',(-0.936845943562015,2.85365233011705E-17,-0.349742302319005));
#11383=DIRECTION('',(0.349742302319005,-4.84679089801207E-16,-0.936845943562015));
#11384=DIRECTION('',(0.349742302319005,-4.84679089801207E-16,-0.936845943562015));
#11385=DIRECTION('',(1.96247111101609E-16,1.,-5.05321545319103E-16));
#11386=DIRECTION('',(0.,5.05321545319103E-16,1.));
#11387=DIRECTION('',(1.96247111101609E-16,1.,-5.05321545319103E-16));
#11388=DIRECTION('',(0.,5.05321545319103E-16,1.));
#11389=DIRECTION('',(1.96247111101609E-16,1.,-5.05321545319103E-16));
#11390=DIRECTION('',(1.96247097226995E-16,1.,-5.05321914581373E-16));
#11391=DIRECTION('',(0.,5.05321914581373E-16,1.));
#11392=DIRECTION('',(1.96247097226995E-16,1.,-5.05321914581373E-16));
#11393=DIRECTION('',(0.,5.05321914581373E-16,1.));
#11394=DIRECTION('',(0.936102243907187,-3.39905968559268E-16,-0.35172800421907));
#11395=DIRECTION('',(0.35172800421907,3.46687302609369E-16,0.936102243907187));
#11396=DIRECTION('',(0.35172800421907,3.46687302609369E-16,0.936102243907187));
#11397=DIRECTION('',(0.,1.,0.));
#11398=DIRECTION('',(1.,0.,0.));
#11399=DIRECTION('',(-3.694383180982E-16,4.440892098501E-16,1.));
#11400=DIRECTION('',(-1.,1.962471068511E-16,-3.694383180982E-16));
#11401=DIRECTION('',(1.96248007167934E-16,1.,-5.05321779315549E-16));
#11402=DIRECTION('',(0.,5.05321779315549E-16,1.));
#11403=DIRECTION('',(1.96247085203778E-16,1.,-5.05321547253316E-16));
#11404=DIRECTION('',(0.,5.05321547253316E-16,1.));
#11405=DIRECTION('',(1.96247148878196E-16,1.,-5.05322163065818E-16));
#11406=DIRECTION('',(0.,5.05322163065818E-16,1.));
#11407=DIRECTION('',(1.96246979995684E-16,1.,-5.05321085546742E-16));
#11408=DIRECTION('',(0.,5.05321085546742E-16,1.));
#11409=DIRECTION('',(1.96243122465847E-16,1.,-5.05321120113904E-16));
#11410=DIRECTION('',(0.,5.05321120113904E-16,1.));
#11411=DIRECTION('',(1.96247500151759E-16,1.,-5.05321851056054E-16));
#11412=DIRECTION('',(0.,5.05321851056054E-16,1.));
#11413=DIRECTION('',(1.96246256785053E-16,1.,-5.05321760017592E-16));
#11414=DIRECTION('',(0.,5.05321760017592E-16,1.));
#11415=DIRECTION('',(-0.529037913635859,-2.73031139152727E-16,-0.848598188741773));
#11416=DIRECTION('',(1.,-1.962471068511E-16,3.694383180982E-16));
#11417=DIRECTION('',(0.490843733940894,2.90585007887037E-16,0.871247627744811));
#11418=DIRECTION('',(1.96242855242651E-16,1.,-5.05322776533345E-16));
#11419=DIRECTION('',(0.,5.05322776533345E-16,1.));
#11420=DIRECTION('',(1.96254148513129E-16,1.,-5.05322475210734E-16));
#11421=DIRECTION('',(0.,5.05322475210734E-16,1.));
#11422=DIRECTION('',(1.,-1.962471068511E-16,3.694383180982E-16));
#11423=DIRECTION('',(3.694383180982E-16,-4.440892098501E-16,-1.));
#11424=DIRECTION('',(1.,-1.962471068511E-16,3.694383180982E-16));
#11425=DIRECTION('',(0.,1.,0.));
#11426=DIRECTION('',(1.,0.,0.));
#11427=DIRECTION('',(0.,1.,0.));
#11428=DIRECTION('',(1.,0.,0.));
#11429=DIRECTION('',(1.,-1.962471068511E-16,3.694383180982E-16));
#11430=DIRECTION('',(-3.694383180982E-16,4.440892098501E-16,1.));
#11431=DIRECTION('',(-1.962471068511E-16,-1.,4.440892098501E-16));
#11432=DIRECTION('',(-3.694383180982E-16,4.440892098501E-16,1.));
#11433=DIRECTION('',(-1.962471068511E-16,-1.,4.440892098501E-16));
#11434=DIRECTION('',(3.694383180982E-16,-4.440892098501E-16,-1.));
#11435=DIRECTION('',(1.,-1.962471068511E-16,3.694383180982E-16));
#11436=DIRECTION('',(-1.962471068511E-16,-1.,4.440892098501E-16));
#11437=DIRECTION('',(1.,-1.962471068511E-16,3.694383180982E-16));
#11438=DIRECTION('',(-1.,1.962471068511E-16,-3.694383180982E-16));
#11439=DIRECTION('',(3.694383180982E-16,-4.440892098501E-16,-1.));
#11440=DIRECTION('',(-1.962471068511E-16,-1.,4.440892098501E-16));
#11441=DIRECTION('',(3.694383180982E-16,-4.440892098501E-16,-1.));
#11442=DIRECTION('',(3.694383180982E-16,-4.440892098501E-16,-1.));
#11443=DIRECTION('',(1.,-1.962471068511E-16,3.694383180982E-16));
#11444=DIRECTION('',(1.,-1.962471068511E-16,3.694383180982E-16));
#11445=DIRECTION('',(1.96254148513129E-16,1.,-5.05322475210734E-16));
#11446=DIRECTION('',(0.,5.05322475210734E-16,1.));
#11447=DIRECTION('',(1.96254148513129E-16,1.,-5.05322475210734E-16));
#11448=DIRECTION('',(0.,5.05322475210734E-16,1.));
#11449=DIRECTION('',(1.96242855242651E-16,1.,-5.05322776533345E-16));
#11450=DIRECTION('',(0.,5.05322776533345E-16,1.));
#11451=DIRECTION('',(1.96242855242651E-16,1.,-5.05322776533345E-16));
#11452=DIRECTION('',(0.,5.05322776533345E-16,1.));
#11453=DIRECTION('',(0.871247627744811,-3.88958232261316E-16,-0.490843733940894));
#11454=DIRECTION('',(0.490843733940894,2.90585007887037E-16,0.871247627744811));
#11455=DIRECTION('',(-1.96247106850969E-16,-1.,4.44089209849982E-16));
#11456=DIRECTION('',(0.490843733940894,2.90585007887037E-16,0.871247627744811));
#11457=DIRECTION('',(3.694383180982E-16,-4.440892098501E-16,-1.));
#11458=DIRECTION('',(1.,-1.962471068511E-16,3.694383180982E-16));
#11459=DIRECTION('',(-1.962471068511E-16,-1.,4.440892098501E-16));
#11460=DIRECTION('',(1.,-1.962471068511E-16,3.694383180982E-16));
#11461=DIRECTION('',(-0.848598188741773,4.01474968466893E-16,0.529037913635859));
#11462=DIRECTION('',(-0.529037913635859,-2.73031139152727E-16,-0.848598188741773));
#11463=DIRECTION('',(-0.529037913635859,-2.73031139152727E-16,-0.848598188741773));
#11464=DIRECTION('',(1.96246256785053E-16,1.,-5.05321760017592E-16));
#11465=DIRECTION('',(0.,5.05321760017592E-16,1.));
#11466=DIRECTION('',(1.96246256785053E-16,1.,-5.05321760017592E-16));
#11467=DIRECTION('',(0.,5.05321760017592E-16,1.));
#11468=DIRECTION('',(1.96247500151759E-16,1.,-5.05321851056054E-16));
#11469=DIRECTION('',(0.,5.05321851056054E-16,1.));
#11470=DIRECTION('',(1.96247500151759E-16,1.,-5.05321851056054E-16));
#11471=DIRECTION('',(0.,5.05321851056054E-16,1.));
#11472=DIRECTION('',(1.96243122465847E-16,1.,-5.05321120113904E-16));
#11473=DIRECTION('',(0.,5.05321120113904E-16,1.));
#11474=DIRECTION('',(1.96243122465847E-16,1.,-5.05321120113904E-16));
#11475=DIRECTION('',(0.,5.05321120113904E-16,1.));
#11476=DIRECTION('',(1.96246979995684E-16,1.,-5.05321085546742E-16));
#11477=DIRECTION('',(0.,5.05321085546742E-16,1.));
#11478=DIRECTION('',(1.96246979995684E-16,1.,-5.05321085546742E-16));
#11479=DIRECTION('',(0.,5.05321085546742E-16,1.));
#11480=DIRECTION('',(1.96247148878196E-16,1.,-5.05322163065818E-16));
#11481=DIRECTION('',(0.,5.05322163065818E-16,1.));
#11482=DIRECTION('',(1.96247148878196E-16,1.,-5.05322163065818E-16));
#11483=DIRECTION('',(0.,5.05322163065818E-16,1.));
#11484=DIRECTION('',(1.96247085203778E-16,1.,-5.05321547253316E-16));
#11485=DIRECTION('',(0.,5.05321547253316E-16,1.));
#11486=DIRECTION('',(1.96247085203778E-16,1.,-5.05321547253316E-16));
#11487=DIRECTION('',(0.,5.05321547253316E-16,1.));
#11488=DIRECTION('',(1.96248007167934E-16,1.,-5.05321779315549E-16));
#11489=DIRECTION('',(0.,5.05321779315549E-16,1.));
#11490=DIRECTION('',(1.96248007167934E-16,1.,-5.05321779315549E-16));
#11491=DIRECTION('',(0.,5.05321779315549E-16,1.));
#11492=DIRECTION('',(-3.694383180982E-16,4.440892098501E-16,1.));
#11493=DIRECTION('',(-1.,1.962471068511E-16,-3.694383180982E-16));
#11494=DIRECTION('',(-1.,1.962471068511E-16,-3.694383180982E-16));
#11495=DIRECTION('',(1.962471068511E-16,1.,-4.440892098501E-16));
#11496=DIRECTION('',(-1.,1.962471068511E-16,-3.694383180982E-16));
#11497=DIRECTION('',(-1.,1.962471068511E-16,-3.694383180982E-16));
#11498=DIRECTION('',(3.694383180982E-16,-4.440892098501E-16,-1.));
#11499=DIRECTION('',(1.,-1.962471068511E-16,3.694383180982E-16));
#11500=DIRECTION('',(1.96248125055975E-16,1.,-5.05321964541551E-16));
#11501=DIRECTION('',(0.,5.05321964541551E-16,1.));
#11502=DIRECTION('',(1.96247946798527E-16,1.,-5.05321873041933E-16));
#11503=DIRECTION('',(0.,5.05321873041933E-16,1.));
#11504=DIRECTION('',(1.96247058851522E-16,1.,-5.05321223219385E-16));
#11505=DIRECTION('',(0.,5.05321223219385E-16,1.));
#11506=DIRECTION('',(1.96247496508138E-16,1.,-5.05322966086234E-16));
#11507=DIRECTION('',(0.,5.05322966086234E-16,1.));
#11508=DIRECTION('',(1.96239074549678E-16,1.,-5.05319446707753E-16));
#11509=DIRECTION('',(0.,5.05319446707753E-16,1.));
#11510=DIRECTION('',(-3.694383180982E-16,4.440892098501E-16,1.));
#11511=DIRECTION('',(-1.,1.962471068511E-16,-3.694383180982E-16));
#11512=DIRECTION('',(-1.,1.962471068511E-16,-3.694383180982E-16));
#11513=DIRECTION('',(-1.962471068511E-16,-1.,4.440892098501E-16));
#11514=DIRECTION('',(-1.,1.962471068511E-16,-3.694383180982E-16));
#11515=DIRECTION('',(3.694383180982E-16,-4.440892098501E-16,-1.));
#11516=DIRECTION('',(3.694383180982E-16,-4.440892098501E-16,-1.));
#11517=DIRECTION('',(-1.962471068511E-16,-1.,4.440892098501E-16));
#11518=DIRECTION('',(3.694383180982E-16,-4.440892098501E-16,-1.));
#11519=DIRECTION('',(1.,-1.962471068511E-16,3.694383180982E-16));
#11520=DIRECTION('',(1.,-1.962471068511E-16,3.694383180982E-16));
#11521=DIRECTION('',(1.96248125055975E-16,1.,-5.05321964541551E-16));
#11522=DIRECTION('',(0.,5.05321964541551E-16,1.));
#11523=DIRECTION('',(1.96248125055975E-16,1.,-5.05321964541551E-16));
#11524=DIRECTION('',(0.,5.05321964541551E-16,1.));
#11525=DIRECTION('',(1.96247946798527E-16,1.,-5.05321873041933E-16));
#11526=DIRECTION('',(0.,5.05321873041933E-16,1.));
#11527=DIRECTION('',(1.96247946798527E-16,1.,-5.05321873041933E-16));
#11528=DIRECTION('',(0.,5.05321873041933E-16,1.));
#11529=DIRECTION('',(1.96247058851522E-16,1.,-5.05321223219385E-16));
#11530=DIRECTION('',(0.,5.05321223219385E-16,1.));
#11531=DIRECTION('',(1.96247058851522E-16,1.,-5.05321223219385E-16));
#11532=DIRECTION('',(0.,5.05321223219385E-16,1.));
#11533=DIRECTION('',(1.96247496508138E-16,1.,-5.05322966086234E-16));
#11534=DIRECTION('',(0.,5.05322966086234E-16,1.));
#11535=DIRECTION('',(1.96247496508138E-16,1.,-5.05322966086234E-16));
#11536=DIRECTION('',(0.,5.05322966086234E-16,1.));
#11537=DIRECTION('',(1.96239074549678E-16,1.,-5.05319446707753E-16));
#11538=DIRECTION('',(0.,5.05319446707753E-16,1.));
#11539=DIRECTION('',(1.96239074549678E-16,1.,-5.05319446707753E-16));
#11540=DIRECTION('',(0.,5.05319446707753E-16,1.));
#11541=DIRECTION('',(0.,1.,0.));
#11542=DIRECTION('',(1.,0.,0.));
#11543=DIRECTION('',(0.,0.,1.));
#11544=DIRECTION('',(1.,0.,0.));
#11545=CARTESIAN_POINT('',(0.,0.,0.));
#11546=CARTESIAN_POINT('',(-0.0055,0.0039,-0.0029));
#11547=CARTESIAN_POINT('',(-0.0055,-0.0019,-0.0029));
#11548=CARTESIAN_POINT('',(-0.00505,-0.0019,-0.0029));
#11549=CARTESIAN_POINT('',(-0.0055,0.0039,-0.0029));
#11550=CARTESIAN_POINT('',(-0.00505,0.0039,-0.0029));
#11551=CARTESIAN_POINT('',(-0.0055,-0.0019,-0.0029));
#11552=CARTESIAN_POINT('',(-0.0055,-0.00200000000000005,-0.0029));
#11553=CARTESIAN_POINT('',(-0.00514999999999995,-0.00200000000000005,-0.0029));
#11554=CARTESIAN_POINT('',(-0.0055,0.0039,-0.0029));
#11555=CARTESIAN_POINT('',(-0.0055,-0.002,-0.0029));
#11556=CARTESIAN_POINT('',(0.011,0.,0.));
#11557=CARTESIAN_POINT('',(0.,-0.0065,0.00265));
#11558=CARTESIAN_POINT('',(0.,-0.0065,0.00455));
#11559=CARTESIAN_POINT('',(0.,-0.00575,0.00454999999999999));
#11560=CARTESIAN_POINT('',(0.,-0.0065,0.00265));
#11561=CARTESIAN_POINT('',(0.,-0.00575,0.00264999999999999));
#11562=CARTESIAN_POINT('',(0.,-0.0065,0.00455));
#11563=CARTESIAN_POINT('',(0.,-0.0065,0.00465));
#11564=CARTESIAN_POINT('',(0.,-0.00584999999999996,0.00464999999999999));
#11565=CARTESIAN_POINT('',(-2.136625207093E-20,-0.0065,0.00265));
#11566=CARTESIAN_POINT('',(0.,-0.0065,0.00265));
#11567=CARTESIAN_POINT('',(0.,-0.0055,0.00265));
#11568=CARTESIAN_POINT('',(-5.697667218914E-20,-0.0065,0.00465));
#11569=CARTESIAN_POINT('',(0.,-0.0065,0.00265));
#11570=CARTESIAN_POINT('',(0.,-0.0065,0.001056309999757));
#11571=CARTESIAN_POINT('',(0.,-0.0075,0.001056309999757));
#11572=CARTESIAN_POINT('',(0.,-0.005443690000243,0.001056309999757));
#11573=CARTESIAN_POINT('',(0.,-0.005443690000243,0.));
#11574=CARTESIAN_POINT('',(-0.001,-0.005443690000243,0.));
#11575=CARTESIAN_POINT('',(0.,-0.0045,0.));
#11576=CARTESIAN_POINT('',(0.,-0.0045,0.));
#11577=CARTESIAN_POINT('',(0.,-0.00449999999999977,0.001));
#11578=CARTESIAN_POINT('',(-6.837200662697E-20,-0.0045,-1.73450566625E-20));
#11579=CARTESIAN_POINT('',(0.,-0.0045,0.));
#11580=CARTESIAN_POINT('',(0.00125,-0.0045,0.));
#11581=CARTESIAN_POINT('',(0.,0.0002,0.));
#11582=CARTESIAN_POINT('',(0.,-0.001474572,0.));
#11583=CARTESIAN_POINT('',(0.00125,-0.001474572,0.));
#11584=CARTESIAN_POINT('',(0.,-0.001474572,3.274207571735E-19));
#11585=CARTESIAN_POINT('',(0.,-0.001474572,3.27420757173541E-19));
#11586=CARTESIAN_POINT('',(0.,-0.001474572,-0.001027852));
#11587=CARTESIAN_POINT('',(0.,-0.000995721,2.210944760606E-19));
#11588=CARTESIAN_POINT('',(0.,-0.000995721,2.210944760606E-19));
#11589=CARTESIAN_POINT('',(0.,-0.000995721,-0.001027852));
#11590=CARTESIAN_POINT('',(0.,-0.000995721,2.210944760606E-19));
#11591=CARTESIAN_POINT('',(0.,-0.000995721,0.));
#11592=CARTESIAN_POINT('',(0.00125,-0.000995721,0.));
#11593=CARTESIAN_POINT('',(0.,0.0002,0.));
#11594=CARTESIAN_POINT('',(0.,0.0002,0.));
#11595=CARTESIAN_POINT('',(0.00125,0.0002,0.));
#11596=CARTESIAN_POINT('',(-6.837200662697E-20,0.0002,-1.73450566625E-20));
#11597=CARTESIAN_POINT('',(0.,0.0002,-4.44089209850501E-20));
#11598=CARTESIAN_POINT('',(0.,0.0002,-0.000982387));
#11599=CARTESIAN_POINT('',(0.,0.00215,-4.773959005888E-19));
#11600=CARTESIAN_POINT('',(0.,0.0021500000000011,-4.7739590058916E-19));
#11601=CARTESIAN_POINT('',(-9.99999999999816E-5,0.00215000000000055,-0.000977284102893943));
#11602=CARTESIAN_POINT('',(-0.000977284102893996,0.00215000000000297,-0.000100000000000073));
#11603=CARTESIAN_POINT('',(0.,0.00215,-4.773959005888E-19));
#11604=CARTESIAN_POINT('',(0.0001,0.002150000000003,-0.000977284102894004));
#11605=CARTESIAN_POINT('',(0.,0.002150000000006,-4.77395900590249E-19));
#11606=CARTESIAN_POINT('',(0.000977284102894005,0.002150000000003,-9.99999999999912E-5));
#11607=CARTESIAN_POINT('',(0.,0.00215,-4.773959005888E-19));
#11608=CARTESIAN_POINT('',(0.000977284102893957,0.00215000000000146,0.000100000000000069));
#11609=CARTESIAN_POINT('',(0.,0.0021500000000011,-4.7739590058916E-19));
#11610=CARTESIAN_POINT('',(9.99999999999984E-5,0.00215000000000055,0.00097728410289394));
#11611=CARTESIAN_POINT('',(0.,0.00215,-4.773959005888E-19));
#11612=CARTESIAN_POINT('',(-0.0001,0.00215000000000153,0.000977284102893965));
#11613=CARTESIAN_POINT('',(0.,0.00215000000000306,-4.77395900589598E-19));
#11614=CARTESIAN_POINT('',(-0.000977284102893966,0.00215000000000153,9.99999999999915E-5));
#11615=CARTESIAN_POINT('',(0.,0.00215,-4.773959005888E-19));
#11616=CARTESIAN_POINT('',(2.844710579271E-20,0.00215,1.083699268294E-20));
#11617=CARTESIAN_POINT('',(-0.0001,0.00215,1.083699268294E-20));
#11618=CARTESIAN_POINT('',(-0.0001,0.00215,9.99999999999957E-5));
#11619=CARTESIAN_POINT('',(9.99999999999915E-5,0.00215,1.083699268294E-20));
#11620=CARTESIAN_POINT('',(9.99999999999957E-5,0.00215,0.0001));
#11621=CARTESIAN_POINT('',(2.844710579271E-20,0.00215,0.0001));
#11622=CARTESIAN_POINT('',(2.844710579271E-20,0.00215,-9.99999999999912E-5));
#11623=CARTESIAN_POINT('',(0.0001,0.00215,-9.99999999999956E-5));
#11624=CARTESIAN_POINT('',(0.0001,0.00215,1.083699268294E-20));
#11625=CARTESIAN_POINT('',(-9.99999999999816E-5,0.00215,1.083699268294E-20));
#11626=CARTESIAN_POINT('',(-9.99999999999908E-5,0.00215,-0.0001));
#11627=CARTESIAN_POINT('',(2.844710579271E-20,0.00215,-0.0001));
#11628=CARTESIAN_POINT('',(2.844710579271E-20,0.00215,9.99999999999915E-5));
#11629=CARTESIAN_POINT('',(0.,0.005487966,-1.218573242312E-18));
#11630=CARTESIAN_POINT('',(-0.000100000000000018,0.00548796599999568,-0.00106398100025318));
#11631=CARTESIAN_POINT('',(-0.000100000000000004,0.00432736226694652,-0.00103384837042513));
#11632=CARTESIAN_POINT('',(-0.000100000000000011,0.00321603367710212,-0.00100498386411016));
#11633=CARTESIAN_POINT('',(-0.000100000000000001,0.0021500000000011,-0.00097728410289405));
#11634=CARTESIAN_POINT('',(-0.000100000000000008,0.00548796599999565,-0.00106398100025302));
#11635=CARTESIAN_POINT('',(-0.00097728410289416,0.00215000000000594,-0.000100000000000146));
#11636=CARTESIAN_POINT('',(-0.00100498386411041,0.00321603367711203,-0.000100000000000039));
#11637=CARTESIAN_POINT('',(-0.0010338483704254,0.00432736226695671,-0.000100000000000027));
#11638=CARTESIAN_POINT('',(-0.00106398100025331,0.0054879660000009,-0.000100000000000029));
#11639=CARTESIAN_POINT('',(-0.001063981000253,0.00548796600000042,-9.99999999999704E-5));
#11640=CARTESIAN_POINT('',(0.,0.005487966,-1.21857324231219E-18));
#11641=CARTESIAN_POINT('',(0.,0.005487966,-1.218573242312E-18));
#11642=CARTESIAN_POINT('',(0.00106398100025332,0.00548796600000102,-0.00010000000000003));
#11643=CARTESIAN_POINT('',(0.0010338483704254,0.0043273622669569,-0.000100000000000033));
#11644=CARTESIAN_POINT('',(0.00100498386411042,0.0032160336771122,-0.000100000000000035));
#11645=CARTESIAN_POINT('',(0.000977284102894175,0.002150000000006,-0.000100000000000015));
#11646=CARTESIAN_POINT('',(0.00106398100025309,0.00548796600000099,-0.000100000000000014));
#11647=CARTESIAN_POINT('',(0.000100000000000136,0.00215000000000103,-0.000977284102894034));
#11648=CARTESIAN_POINT('',(0.000100000000000014,0.00321603367710193,-0.00100498386411015));
#11649=CARTESIAN_POINT('',(0.000100000000000005,0.00432736226694631,-0.00103384837042513));
#11650=CARTESIAN_POINT('',(0.000100000000000018,0.00548796599999555,-0.00106398100025318));
#11651=CARTESIAN_POINT('',(9.99999999999704E-5,0.00548796599999774,-0.001063981000253));
#11652=CARTESIAN_POINT('',(0.,0.005487966,-1.21857324231219E-18));
#11653=CARTESIAN_POINT('',(0.,0.005487966,-1.218573242312E-18));
#11654=CARTESIAN_POINT('',(0.000977284102894082,0.00215000000000292,0.000100000000000139));
#11655=CARTESIAN_POINT('',(0.00100498386411025,0.00321603367710582,0.000100000000000022));
#11656=CARTESIAN_POINT('',(0.00103384837042523,0.0043273622669503,0.000100000000000017));
#11657=CARTESIAN_POINT('',(0.00106398100025323,0.00548796599999761,0.000100000000000021));
#11658=CARTESIAN_POINT('',(0.001063981000253,0.00548796599999877,9.999999999997E-5));
#11659=CARTESIAN_POINT('',(0.,0.005487966,-1.21857324231219E-18));
#11660=CARTESIAN_POINT('',(0.000100000000000008,0.00548796599999565,0.00106398100025302));
#11661=CARTESIAN_POINT('',(0.000100000000000017,0.00548796599999568,0.00106398100025318));
#11662=CARTESIAN_POINT('',(0.000100000000000008,0.00432736226694652,0.00103384837042513));
#11663=CARTESIAN_POINT('',(0.000100000000000005,0.00321603367710212,0.00100498386411016));
#11664=CARTESIAN_POINT('',(0.000100000000000003,0.0021500000000011,0.000977284102894048));
#11665=CARTESIAN_POINT('',(0.,0.005487966,-1.218573242312E-18));
#11666=CARTESIAN_POINT('',(-0.000100000000000129,0.00215000000000105,0.000977284102894034));
#11667=CARTESIAN_POINT('',(-0.000100000000000011,0.00321603367710198,0.00100498386411015));
#11668=CARTESIAN_POINT('',(-0.000100000000000007,0.00432736226694636,0.00103384837042513));
#11669=CARTESIAN_POINT('',(-0.000100000000000017,0.00548796599999558,0.00106398100025318));
#11670=CARTESIAN_POINT('',(-9.99999999999699E-5,0.00548796599999775,0.001063981000253));
#11671=CARTESIAN_POINT('',(0.,0.005487966,-1.21857324231219E-18));
#11672=CARTESIAN_POINT('',(-0.00106398100025305,0.00548796599999798,0.000100000000000011));
#11673=CARTESIAN_POINT('',(-0.00106398100025324,0.00548796599999801,0.000100000000000022));
#11674=CARTESIAN_POINT('',(-0.00103384837042525,0.00432736226695093,0.000100000000000016));
#11675=CARTESIAN_POINT('',(-0.00100498386411027,0.00321603367710629,0.000100000000000018));
#11676=CARTESIAN_POINT('',(-0.0009772841028941,0.00215000000000307,0.00010000000000001));
#11677=CARTESIAN_POINT('',(-0.0001,0.00215,0.0001));
#11678=CARTESIAN_POINT('',(-0.0001,0.00215,0.0001));
#11679=CARTESIAN_POINT('',(-9.99999999999981E-5,0.00614635753594195,9.99999999999978E-5));
#11680=CARTESIAN_POINT('',(-0.0001,0.00614635753594195,9.99999999999957E-5));
#11681=CARTESIAN_POINT('',(-0.0001,0.00611353523634868,0.000487734596125438));
#11682=CARTESIAN_POINT('',(-0.0001,0.00583718903151622,0.000892345646550817));
#11683=CARTESIAN_POINT('',(-0.0001,0.0054879659999955,0.00106398100025286));
#11684=CARTESIAN_POINT('',(-0.001289874,0.00215,0.0001));
#11685=CARTESIAN_POINT('',(-0.00106398100025287,0.00548796599999795,0.0001));
#11686=CARTESIAN_POINT('',(-0.000892345646550821,0.00583718903151725,0.0001));
#11687=CARTESIAN_POINT('',(-0.000487734596125442,0.00611353523634867,0.0001));
#11688=CARTESIAN_POINT('',(-0.000100000000000002,0.00614635753594195,0.0001));
#11689=CARTESIAN_POINT('',(-0.0001,0.00215,-0.0001));
#11690=CARTESIAN_POINT('',(-0.0001,0.00215,-0.0001));
#11691=CARTESIAN_POINT('',(-9.99999999999978E-5,0.00614635753594195,-9.99999999999981E-5));
#11692=CARTESIAN_POINT('',(-9.99999999999956E-5,0.00614635753594195,-0.0001));
#11693=CARTESIAN_POINT('',(-0.000487734596125438,0.00611353523634868,-0.0001));
#11694=CARTESIAN_POINT('',(-0.000892345646550818,0.00583718903151846,-0.0001));
#11695=CARTESIAN_POINT('',(-0.00106398100025286,0.00548796600000083,-0.0001));
#11696=CARTESIAN_POINT('',(-0.0001,0.00215,-0.001271314));
#11697=CARTESIAN_POINT('',(-0.0001,0.00548796599999561,-0.00106398100025286));
#11698=CARTESIAN_POINT('',(-0.0001,0.00583718903151627,-0.000892345646550819));
#11699=CARTESIAN_POINT('',(-0.0001,0.00611353523634867,-0.000487734596125443));
#11700=CARTESIAN_POINT('',(-0.0001,0.00614635753594195,-0.000100000000000002));
#11701=CARTESIAN_POINT('',(0.0001,0.00215,-0.0001));
#11702=CARTESIAN_POINT('',(0.0001,0.00215,-0.0001));
#11703=CARTESIAN_POINT('',(9.99999999999981E-5,0.00614635753594195,-9.99999999999978E-5));
#11704=CARTESIAN_POINT('',(0.0001,0.00614635753594195,-9.99999999999956E-5));
#11705=CARTESIAN_POINT('',(0.0001,0.00611353523634868,-0.000487734596125438));
#11706=CARTESIAN_POINT('',(0.0001,0.00583718903151621,-0.000892345646550818));
#11707=CARTESIAN_POINT('',(0.0001,0.00548796599999548,-0.00106398100025286));
#11708=CARTESIAN_POINT('',(0.001289874,0.00215,-0.0001));
#11709=CARTESIAN_POINT('',(0.00106398100025286,0.00548796600000095,-0.0001));
#11710=CARTESIAN_POINT('',(0.000892345646550818,0.00583718903151851,-0.0001));
#11711=CARTESIAN_POINT('',(0.000487734596125439,0.00611353523634868,-0.0001));
#11712=CARTESIAN_POINT('',(9.99999999999987E-5,0.00614635753594195,-0.0001));
#11713=CARTESIAN_POINT('',(0.0001,0.00215,0.0001));
#11714=CARTESIAN_POINT('',(0.0001,0.00215,0.0001));
#11715=CARTESIAN_POINT('',(9.99999999999978E-5,0.00614635753594195,9.99999999999981E-5));
#11716=CARTESIAN_POINT('',(9.99999999999957E-5,0.00614635753594195,0.0001));
#11717=CARTESIAN_POINT('',(0.000487734596125438,0.00611353523634868,0.0001));
#11718=CARTESIAN_POINT('',(0.000892345646550817,0.00583718903151708,0.0001));
#11719=CARTESIAN_POINT('',(0.00106398100025286,0.00548796599999754,0.0001));
#11720=CARTESIAN_POINT('',(0.0001,0.00215,0.001271314));
#11721=CARTESIAN_POINT('',(0.0001,0.00548796599999561,0.00106398100025286));
#11722=CARTESIAN_POINT('',(0.0001,0.00583718903151627,0.000892345646550817));
#11723=CARTESIAN_POINT('',(0.0001,0.00611353523634868,0.000487734596125438));
#11724=CARTESIAN_POINT('',(0.0001,0.00614635753594195,9.99999999999983E-5));
#11725=CARTESIAN_POINT('',(0.,0.004965043,-1.102461011371E-18));
#11726=CARTESIAN_POINT('',(0.,0.004965043,-1.102461011371E-18));
#11727=CARTESIAN_POINT('',(0.,0.004965043,-1.102461011371E-18));
#11728=CARTESIAN_POINT('',(0.,0.004965043,-1.102461011371E-18));
#11729=CARTESIAN_POINT('',(0.0025,0.00265,-0.0064));
#11730=CARTESIAN_POINT('',(-0.0025,0.00265,-0.0064));
#11731=CARTESIAN_POINT('',(0.,0.,0.));
#11732=CARTESIAN_POINT('',(-0.00495,0.0002,-4.440892098501E-20));
#11733=CARTESIAN_POINT('',(1.221507603235E-19,0.0002,-5.850174114849E-19));
#11734=CARTESIAN_POINT('',(-0.00495,0.0002,-5.850174114849E-19));
#11735=CARTESIAN_POINT('',(0.00495,0.0002,-5.850174114849E-19));
#11736=CARTESIAN_POINT('',(-0.00495,0.0002,-4.440892098501E-20));
#11737=CARTESIAN_POINT('',(-0.0049499999999995,0.0002,-0.001908001706329));
#11738=CARTESIAN_POINT('',(-0.00495,0.0002,-0.001908001706329));
#11739=CARTESIAN_POINT('',(-0.0046987909999995,0.0002,-0.001908001706329));
#11740=CARTESIAN_POINT('',(-0.004698791,0.0002,-0.002308001706329));
#11741=CARTESIAN_POINT('',(-0.004298791,0.0002,-0.002308001706329));
#11742=CARTESIAN_POINT('',(-0.004298791,0.0002,-4.440892098501E-20));
#11743=CARTESIAN_POINT('',(-0.004298791,0.0002,-0.003593165));
#11744=CARTESIAN_POINT('',(-0.004698791,0.0002,-0.003593165));
#11745=CARTESIAN_POINT('',(-0.004698791,0.0002,-0.003993165));
#11746=CARTESIAN_POINT('',(-0.005463512328387,0.0002,-0.003993165));
#11747=CARTESIAN_POINT('',(-0.00495,0.0002,-0.003993165));
#11748=CARTESIAN_POINT('',(-0.00495,0.0002,-4.440892098501E-20));
#11749=CARTESIAN_POINT('',(-0.00495,0.0002,-0.009));
#11750=CARTESIAN_POINT('',(-0.00495,0.0002,-0.009));
#11751=CARTESIAN_POINT('',(0.00495,0.0002,-0.009));
#11752=CARTESIAN_POINT('',(0.00495,0.0002,-4.44089209850102E-20));
#11753=CARTESIAN_POINT('',(0.00495,0.0002,-0.003993165));
#11754=CARTESIAN_POINT('',(-0.00495,0.0002,-0.003993165));
#11755=CARTESIAN_POINT('',(0.004698791,0.0002,-0.003993165));
#11756=CARTESIAN_POINT('',(0.004698791,0.0002,-0.003593165));
#11757=CARTESIAN_POINT('',(0.004298791,0.0002,-0.003593165));
#11758=CARTESIAN_POINT('',(0.004298791,0.0002,-0.002308001706329));
#11759=CARTESIAN_POINT('',(0.004298791,0.0002,-0.002308001706329));
#11760=CARTESIAN_POINT('',(0.004698791,0.0002,-0.002308001706329));
#11761=CARTESIAN_POINT('',(0.004698791,0.0002,-0.001908001706329));
#11762=CARTESIAN_POINT('',(0.005463512328401,0.0002,-0.001908001706329));
#11763=CARTESIAN_POINT('',(0.00495,0.0002,-0.001908001706329));
#11764=CARTESIAN_POINT('',(0.00495,0.0002,-4.440892098501E-20));
#11765=CARTESIAN_POINT('',(-0.004012054,0.0002,-0.00664466));
#11766=CARTESIAN_POINT('',(-0.004012054,0.0002,-0.006239862));
#11767=CARTESIAN_POINT('',(-0.004416852,0.0002,-0.00664466));
#11768=CARTESIAN_POINT('',(-0.00495,0.0002,-0.006239862));
#11769=CARTESIAN_POINT('',(0.004012054,0.0002,-0.006239862));
#11770=CARTESIAN_POINT('',(0.004012054,0.0002,-0.00664466));
#11771=CARTESIAN_POINT('',(0.004416852,0.0002,-0.00664466));
#11772=CARTESIAN_POINT('',(0.004416852,0.0002,-4.440892098501E-20));
#11773=CARTESIAN_POINT('',(0.004416852,0.0002,-0.006987181));
#11774=CARTESIAN_POINT('',(0.004183315,0.0002,-0.006987181));
#11775=CARTESIAN_POINT('',(0.004183315,0.0002,-0.007220718));
#11776=CARTESIAN_POINT('',(-0.00495,0.0002,-0.007220718));
#11777=CARTESIAN_POINT('',(0.003941993,0.0002,-0.007220718));
#11778=CARTESIAN_POINT('',(0.003941993,0.0002,-0.00746204));
#11779=CARTESIAN_POINT('',(0.003700671,0.0002,-0.00746204));
#11780=CARTESIAN_POINT('',(0.003700671,0.0002,-4.440892098501E-20));
#11781=CARTESIAN_POINT('',(0.003700671,0.0002,-0.008030314));
#11782=CARTESIAN_POINT('',(0.00334258,0.0002,-0.008030314));
#11783=CARTESIAN_POINT('',(0.00334258,0.0002,-0.008388405));
#11784=CARTESIAN_POINT('',(0.,0.0002,-0.008388405));
#11785=CARTESIAN_POINT('',(-0.00334258,0.0002,-0.008388405));
#11786=CARTESIAN_POINT('',(-0.00334258,0.0002,-0.008030314));
#11787=CARTESIAN_POINT('',(-0.003700671,0.0002,-0.008030314));
#11788=CARTESIAN_POINT('',(-0.003700671,0.0002,-0.00746204));
#11789=CARTESIAN_POINT('',(-0.003700671,0.0002,-0.00746204));
#11790=CARTESIAN_POINT('',(-0.003941993,0.0002,-0.00746204));
#11791=CARTESIAN_POINT('',(-0.003941993,0.0002,-0.007220718));
#11792=CARTESIAN_POINT('',(-0.004183315,0.0002,-0.007220718));
#11793=CARTESIAN_POINT('',(-0.004183315,0.0002,-0.007220718));
#11794=CARTESIAN_POINT('',(-0.004183315,0.0002,-0.006987181));
#11795=CARTESIAN_POINT('',(-0.004416852,0.0002,-0.006987181));
#11796=CARTESIAN_POINT('',(-0.004416852,0.0002,-0.00664466));
#11797=CARTESIAN_POINT('',(1.221507603235E-19,0.002634684196369,-5.850174114849E-19));
#11798=CARTESIAN_POINT('',(0.00495,0.002634684196369,-5.850174114849E-19));
#11799=CARTESIAN_POINT('',(0.00495,0.0044,-7.81006836577475E-19));
#11800=CARTESIAN_POINT('',(0.00415,0.0044,-9.7699626167005E-19));
#11801=CARTESIAN_POINT('',(0.00415,0.0052,-8.69824678547475E-19));
#11802=CARTESIAN_POINT('',(1.221507603235E-19,0.0052,-5.850174114849E-19));
#11803=CARTESIAN_POINT('',(-0.00415,0.0052,-8.698246785475E-19));
#11804=CARTESIAN_POINT('',(-0.00415,0.0044,-9.769962616701E-19));
#11805=CARTESIAN_POINT('',(-0.00495,0.0044,-7.810068365775E-19));
#11806=CARTESIAN_POINT('',(-0.00495,0.002634684196369,-5.850174114849E-19));
#11807=CARTESIAN_POINT('',(-0.003673239841756,0.00051,-5.850174114849E-19));
#11808=CARTESIAN_POINT('',(-0.003673239841756,0.00051,-5.850174114849E-19));
#11809=CARTESIAN_POINT('',(-0.0046,0.0013275,-5.850174114849E-19));
#11810=CARTESIAN_POINT('',(-0.0046,0.002634684196369,-5.850174114849E-19));
#11811=CARTESIAN_POINT('',(-0.0046,0.0039725,-5.850174114849E-19));
#11812=CARTESIAN_POINT('',(-0.0046,0.0039725,-5.850174114849E-19));
#11813=CARTESIAN_POINT('',(-0.003673239841756,0.00479,-5.850174114849E-19));
#11814=CARTESIAN_POINT('',(1.221507603235E-19,0.00479,-5.850174114849E-19));
#11815=CARTESIAN_POINT('',(0.0042,0.00479,-8.243055345379E-19));
#11816=CARTESIAN_POINT('',(0.0042,0.00439,-9.747758156209E-19));
#11817=CARTESIAN_POINT('',(0.0046,0.00439,-7.798966135529E-19));
#11818=CARTESIAN_POINT('',(0.0046,0.002634684196369,-5.850174114849E-19));
#11819=CARTESIAN_POINT('',(0.0046,0.00085258,-3.87164100375951E-19));
#11820=CARTESIAN_POINT('',(0.00425742,0.00085258,-1.89310789267004E-19));
#11821=CARTESIAN_POINT('',(0.00425742,0.00051,-3.49130079998349E-19));
#11822=CARTESIAN_POINT('',(1.221507603235E-19,0.00051,-5.850174114849E-19));
#11823=CARTESIAN_POINT('',(-0.00495,0.0044,-9.769962616701E-19));
#11824=CARTESIAN_POINT('',(-0.00495,0.0044,-9.769962616701E-19));
#11825=CARTESIAN_POINT('',(-0.00495,0.0044,-0.009));
#11826=CARTESIAN_POINT('',(-0.00495,0.0044,-0.009));
#11827=CARTESIAN_POINT('',(-0.00495,0.0044,-0.003993165));
#11828=CARTESIAN_POINT('',(-0.00495,0.0038,-0.003993165));
#11829=CARTESIAN_POINT('',(-0.00495,0.0038,-0.002937757401786));
#11830=CARTESIAN_POINT('',(-0.0049499999999995,0.0038,-0.001908001706329));
#11831=CARTESIAN_POINT('',(-0.004949999999999,0.001812266524764,-0.001908001706329));
#11832=CARTESIAN_POINT('',(0.00495,0.0002,-4.440892098501E-20));
#11833=CARTESIAN_POINT('',(0.00495,0.0002,-0.001908001706329));
#11834=CARTESIAN_POINT('',(0.00495,0.0038,-0.001908001706329));
#11835=CARTESIAN_POINT('',(0.00495,0.0038,-8.4376949871501E-19));
#11836=CARTESIAN_POINT('',(0.00495,0.0038,-0.003993165));
#11837=CARTESIAN_POINT('',(0.00495,0.001812266524763,-0.003993165));
#11838=CARTESIAN_POINT('',(0.00495,0.0002,-0.009));
#11839=CARTESIAN_POINT('',(0.00495,0.0044,-0.009));
#11840=CARTESIAN_POINT('',(0.00495,0.0044,-9.769962616701E-19));
#11841=CARTESIAN_POINT('',(-0.0054635123284,0.001812266524764,-0.001908001706329));
#11842=CARTESIAN_POINT('',(-0.004698790999999,0.001812266524764,-0.001908001706329));
#11843=CARTESIAN_POINT('',(-0.0046987909999995,0.,-0.001908001706329));
#11844=CARTESIAN_POINT('',(6.71277199126E-5,0.0038,-0.001908001706329));
#11845=CARTESIAN_POINT('',(-0.006052766706329,0.0038,-0.001908001706329));
#11846=CARTESIAN_POINT('',(-0.006052766706329,0.,-0.001908001706329));
#11847=CARTESIAN_POINT('',(-0.006052766706329,0.,-0.001908001706329));
#11848=CARTESIAN_POINT('',(-0.0054635123284,0.,-0.001908001706329));
#11849=CARTESIAN_POINT('',(0.005463512328401,0.001812266524764,-0.001908001706329));
#11850=CARTESIAN_POINT('',(0.005444130153185,0.,-0.001908001706329));
#11851=CARTESIAN_POINT('',(0.006052766706329,0.,-0.001908001706329));
#11852=CARTESIAN_POINT('',(0.004698791,0.,-0.001908001706329));
#11853=CARTESIAN_POINT('',(0.006052766706329,0.001812266524764,-0.001908001706329));
#11854=CARTESIAN_POINT('',(0.006052766706329,0.0038,-0.001908001706329));
#11855=CARTESIAN_POINT('',(0.005463512328401,0.0038,-0.001908001706329));
#11856=CARTESIAN_POINT('',(0.004698791,0.,-0.001908001706329));
#11857=CARTESIAN_POINT('',(-0.004698791,0.,-0.002308001706329));
#11858=CARTESIAN_POINT('',(-0.004698791,0.,-0.002308001706329));
#11859=CARTESIAN_POINT('',(-0.004298791,0.,-0.002308001706329));
#11860=CARTESIAN_POINT('',(-0.004298791,0.,-0.002308001706329));
#11861=CARTESIAN_POINT('',(0.004698791,0.,-0.002308001706329));
#11862=CARTESIAN_POINT('',(0.004698791,0.,-0.002308001706329));
#11863=CARTESIAN_POINT('',(0.004298791,0.,-0.002308001706329));
#11864=CARTESIAN_POINT('',(0.004298791,0.,-0.002308001706329));
#11865=CARTESIAN_POINT('',(-0.004298791,0.,-0.002308001706329));
#11866=CARTESIAN_POINT('',(-0.004298791,0.,-0.003593165));
#11867=CARTESIAN_POINT('',(-0.004298791,0.,-0.003593165));
#11868=CARTESIAN_POINT('',(-0.004298791,0.,-0.002308001706329));
#11869=CARTESIAN_POINT('',(0.004298791,0.,-0.002308001706329));
#11870=CARTESIAN_POINT('',(0.004298791,0.,-0.002950583353161));
#11871=CARTESIAN_POINT('',(0.004298791,0.,-0.003593165));
#11872=CARTESIAN_POINT('',(0.004298791,0.,-0.003593165));
#11873=CARTESIAN_POINT('',(-0.004698791,0.,-0.003593165));
#11874=CARTESIAN_POINT('',(-0.004698791,0.,-0.003593165));
#11875=CARTESIAN_POINT('',(-0.004698791,0.,-0.003993165));
#11876=CARTESIAN_POINT('',(-0.004698791,0.,-0.003993165));
#11877=CARTESIAN_POINT('',(0.004698791,0.,-0.003593165));
#11878=CARTESIAN_POINT('',(0.004698791,0.,-0.003593165));
#11879=CARTESIAN_POINT('',(0.004698791,0.,-0.003993165));
#11880=CARTESIAN_POINT('',(0.004698791,0.001812266524763,-0.003993165));
#11881=CARTESIAN_POINT('',(-0.005463512328387,0.001812266524763,-0.003993165));
#11882=CARTESIAN_POINT('',(-0.005444130153182,0.,-0.003993165));
#11883=CARTESIAN_POINT('',(-0.006052766706301,0.,-0.003993165));
#11884=CARTESIAN_POINT('',(-0.006052766706301,0.001812266524763,-0.003993165));
#11885=CARTESIAN_POINT('',(-0.006052766706301,0.0038,-0.003993165));
#11886=CARTESIAN_POINT('',(6.71277199126E-5,0.0038,-0.003993165));
#11887=CARTESIAN_POINT('',(0.005463512328387,0.001812266524763,-0.003993165));
#11888=CARTESIAN_POINT('',(0.005463512328387,0.0038,-0.003993165));
#11889=CARTESIAN_POINT('',(0.006052766706301,0.0038,-0.003993165));
#11890=CARTESIAN_POINT('',(0.006052766706301,0.,-0.003993165));
#11891=CARTESIAN_POINT('',(0.006052766706301,0.,-0.003993165));
#11892=CARTESIAN_POINT('',(0.005444130153185,0.,-0.003993165));
#11893=CARTESIAN_POINT('',(1.221507603235E-19,0.002634684196369,-0.009));
#11894=CARTESIAN_POINT('',(-0.00415,0.0044,-0.009));
#11895=CARTESIAN_POINT('',(-0.00415,0.0052,-0.009));
#11896=CARTESIAN_POINT('',(0.00415,0.0052,-0.009));
#11897=CARTESIAN_POINT('',(0.00415000000000007,0.0052,-0.009));
#11898=CARTESIAN_POINT('',(0.00415,0.0044,-0.009));
#11899=CARTESIAN_POINT('',(-0.0025,0.00265,-0.009));
#11900=CARTESIAN_POINT('',(-0.0025,0.0014,-0.009));
#11901=CARTESIAN_POINT('',(0.0025,0.00265,-0.009));
#11902=CARTESIAN_POINT('',(0.0025,0.0014,-0.009));
#11903=CARTESIAN_POINT('',(-0.004012054,0.0002,-0.00664466));
#11904=CARTESIAN_POINT('',(-0.004416852,0.0002,-0.00664466));
#11905=CARTESIAN_POINT('',(-0.004416852,0.0004,-0.00664466));
#11906=CARTESIAN_POINT('',(-0.004012054,0.0004,-0.00664466));
#11907=CARTESIAN_POINT('',(-0.004012054,0.0004,-0.006239862));
#11908=CARTESIAN_POINT('',(-0.004012054,0.0003,-0.006239862));
#11909=CARTESIAN_POINT('',(-0.004416852,0.0002,-0.00664466));
#11910=CARTESIAN_POINT('',(-0.004416852,0.0002,-0.006987181));
#11911=CARTESIAN_POINT('',(-0.004416852,0.0004,-0.006987181));
#11912=CARTESIAN_POINT('',(-0.004416852,0.0004,-0.007238325773505));
#11913=CARTESIAN_POINT('',(-0.004183315,0.0002,-0.006987181));
#11914=CARTESIAN_POINT('',(-0.004183315,0.0002,-0.007220718));
#11915=CARTESIAN_POINT('',(-0.004183315,0.0004,-0.007220718));
#11916=CARTESIAN_POINT('',(-0.004183315,0.0004,-0.006987181));
#11917=CARTESIAN_POINT('',(-0.004183315,0.0002,-0.007220718));
#11918=CARTESIAN_POINT('',(-0.003941993,0.0002,-0.007220718));
#11919=CARTESIAN_POINT('',(-0.003941993,0.0004,-0.007220718));
#11920=CARTESIAN_POINT('',(1.703307510469E-19,0.0004,-0.007220718));
#11921=CARTESIAN_POINT('',(-0.003941993,0.0002,-0.00746204));
#11922=CARTESIAN_POINT('',(-0.003700671,0.0002,-0.00746204));
#11923=CARTESIAN_POINT('',(-0.003700671,0.0004,-0.00746204));
#11924=CARTESIAN_POINT('',(-0.003941993,0.0004,-0.00746204));
#11925=CARTESIAN_POINT('',(-0.003700671,0.0002,-0.00746204));
#11926=CARTESIAN_POINT('',(-0.003700671,0.0002,-0.008030314));
#11927=CARTESIAN_POINT('',(-0.003700671,0.0004,-0.008030314));
#11928=CARTESIAN_POINT('',(-0.003700671,0.0004,-0.007238325773505));
#11929=CARTESIAN_POINT('',(-0.00334258,0.0002,-0.008030314));
#11930=CARTESIAN_POINT('',(-0.00334258,0.0002,-0.008388405));
#11931=CARTESIAN_POINT('',(-0.00334258,0.0004,-0.008388405));
#11932=CARTESIAN_POINT('',(-0.00334258,0.0004,-0.008030314));
#11933=CARTESIAN_POINT('',(0.,0.0003,-0.008388405));
#11934=CARTESIAN_POINT('',(0.00334258,0.0003,-0.008388405));
#11935=CARTESIAN_POINT('',(0.00334258,0.0004,-0.008388405));
#11936=CARTESIAN_POINT('',(0.,0.0004,-0.008388405));
#11937=CARTESIAN_POINT('',(0.00334258,0.0002,-0.008030314));
#11938=CARTESIAN_POINT('',(0.003700671,0.0002,-0.008030314));
#11939=CARTESIAN_POINT('',(0.003700671,0.0004,-0.008030314));
#11940=CARTESIAN_POINT('',(0.00334258,0.0004,-0.008030314));
#11941=CARTESIAN_POINT('',(0.003700671,0.0002,-0.00746204));
#11942=CARTESIAN_POINT('',(0.003700671,0.0002,-0.00746204));
#11943=CARTESIAN_POINT('',(0.003700671,0.0004,-0.00746204));
#11944=CARTESIAN_POINT('',(0.003700671,0.0004,-0.00746204));
#11945=CARTESIAN_POINT('',(0.003941993,0.0002,-0.00746204));
#11946=CARTESIAN_POINT('',(0.003941993,0.0002,-0.007220718));
#11947=CARTESIAN_POINT('',(0.003941993,0.0004,-0.007220718));
#11948=CARTESIAN_POINT('',(0.003941993,0.0004,-0.00746204));
#11949=CARTESIAN_POINT('',(0.004183315,0.0002,-0.007220718));
#11950=CARTESIAN_POINT('',(0.004183315,0.0002,-0.007220718));
#11951=CARTESIAN_POINT('',(0.004183315,0.0004,-0.007220718));
#11952=CARTESIAN_POINT('',(0.004183315,0.0004,-0.007220718));
#11953=CARTESIAN_POINT('',(0.004183315,0.0002,-0.006987181));
#11954=CARTESIAN_POINT('',(0.004416852,0.0002,-0.006987181));
#11955=CARTESIAN_POINT('',(0.004416852,0.0004,-0.006987181));
#11956=CARTESIAN_POINT('',(0.004183315,0.0004,-0.006987181));
#11957=CARTESIAN_POINT('',(0.004416852,0.0002,-0.00664466));
#11958=CARTESIAN_POINT('',(0.004416852,0.0002,-0.00664466));
#11959=CARTESIAN_POINT('',(0.004416852,0.0004,-0.00664466));
#11960=CARTESIAN_POINT('',(0.004416852,0.0004,-0.00664466));
#11961=CARTESIAN_POINT('',(0.004012054,0.0002,-0.00664466));
#11962=CARTESIAN_POINT('',(0.004012054,0.0002,-0.006239862));
#11963=CARTESIAN_POINT('',(0.004012054,0.0004,-0.006239862));
#11964=CARTESIAN_POINT('',(0.004012054,0.0004,-0.00664466));
#11965=CARTESIAN_POINT('',(0.,0.0003,-0.006239862));
#11966=CARTESIAN_POINT('',(1.703307510469E-19,0.0004,-0.006239862));
#11967=CARTESIAN_POINT('',(-0.00415,0.0044,-9.769962616701E-19));
#11968=CARTESIAN_POINT('',(-0.00415,0.0052,-1.1546319456101E-18));
#11969=CARTESIAN_POINT('',(-0.00415000000000014,0.0052,-0.00550481411412613));
#11970=CARTESIAN_POINT('',(-0.004649860258824,0.00502461165667029,-0.006192437628964));
#11971=CARTESIAN_POINT('',(-0.004649860258824,0.00502461165667029,-0.0058790198956285));
#11972=CARTESIAN_POINT('',(-0.00444837846519187,0.0051999999999999,-0.0056015920693934));
#11973=CARTESIAN_POINT('',(-0.00415000000000027,0.0052,-0.00550481411412617));
#11974=CARTESIAN_POINT('',(-0.004649860258824,0.00502461165667064,-0.006192437628964));
#11975=CARTESIAN_POINT('',(-0.004649860258824,0.005024611656671,-0.007759363247059));
#11976=CARTESIAN_POINT('',(-0.004649860258824,0.00502461165667064,-0.007759363247059));
#11977=CARTESIAN_POINT('',(-0.00415000000000027,0.0052,-0.00844698676189683));
#11978=CARTESIAN_POINT('',(-0.00444814634028191,0.0051999999999999,-0.00835028409548846));
#11979=CARTESIAN_POINT('',(-0.004649860258824,0.00502461165667031,-0.00807304018820961));
#11980=CARTESIAN_POINT('',(-0.004649860258824,0.00502461165667031,-0.007759363247059));
#11981=CARTESIAN_POINT('',(-0.00415,0.0052,-0.00844698676189691));
#11982=CARTESIAN_POINT('',(-0.00415,0.0052,-1.1546319456101E-18));
#11983=CARTESIAN_POINT('',(0.00415,0.0044,-9.769962616701E-19));
#11984=CARTESIAN_POINT('',(0.00415000000000014,0.0052,-1.15463194561E-18));
#11985=CARTESIAN_POINT('',(0.0041500000000002,0.0052,-0.00844698676189685));
#11986=CARTESIAN_POINT('',(0.004649860258824,0.00502461165667029,-0.007759363247059));
#11987=CARTESIAN_POINT('',(0.004649860258824,0.00502461165667029,-0.00807278098039448));
#11988=CARTESIAN_POINT('',(0.00444837846519184,0.0051999999999999,-0.00835020880662961));
#11989=CARTESIAN_POINT('',(0.00415000000000027,0.0052,-0.00844698676189683));
#11990=CARTESIAN_POINT('',(0.00464986025882383,0.00502461165667043,-0.007759363247059));
#11991=CARTESIAN_POINT('',(0.00464986025882365,0.00502461165667057,-1.11568791020707E-18));
#11992=CARTESIAN_POINT('',(0.00464986025882391,0.00502461165667043,-0.006192437628964));
#11993=CARTESIAN_POINT('',(0.00415000000000027,0.0052,-0.00550481411412617));
#11994=CARTESIAN_POINT('',(0.00444814634028192,0.0051999999999999,-0.00560151678053454));
#11995=CARTESIAN_POINT('',(0.004649860258824,0.00502461165667031,-0.00587876068781339));
#11996=CARTESIAN_POINT('',(0.004649860258824,0.00502461165667031,-0.006192437628964));
#11997=CARTESIAN_POINT('',(0.00415,0.0052,-0.00550481411412609));
#11998=CARTESIAN_POINT('',(0.00415,0.0052,-1.15463194561E-18));
#11999=CARTESIAN_POINT('',(0.00415,0.0052,-1.15463194561E-18));
#12000=CARTESIAN_POINT('',(0.003926971847761,0.0052,-0.006192437628964));
#12001=CARTESIAN_POINT('',(0.003926971847761,0.0052,-0.005469549217901));
#12002=CARTESIAN_POINT('',(-0.003926971847761,0.0052,-0.005469549217901));
#12003=CARTESIAN_POINT('',(-0.003926971847761,0.0052,-0.005469549217901));
#12004=CARTESIAN_POINT('',(-0.003926971847761,0.0052,-0.006192437628964));
#12005=CARTESIAN_POINT('',(0.00425742,0.00051,-1.132427485118E-19));
#12006=CARTESIAN_POINT('',(0.00425742,0.00051,-1.132427485118E-19));
#12007=CARTESIAN_POINT('',(0.00425742,0.00051,-0.0064));
#12008=CARTESIAN_POINT('',(0.00425742,0.00051,-0.0064));
#12009=CARTESIAN_POINT('',(-0.003673239841756,0.00051,-0.0064));
#12010=CARTESIAN_POINT('',(-0.003673239841756,0.00051,-1.132427485118E-19));
#12011=CARTESIAN_POINT('',(-0.003673239841756,0.00051,-1.132427485118E-19));
#12012=CARTESIAN_POINT('',(-0.003673239841756,0.00051,-0.0064));
#12013=CARTESIAN_POINT('',(-0.0046,0.00132749999999976,-0.0064));
#12014=CARTESIAN_POINT('',(-0.0046,0.0013275,-2.94764213038E-19));
#12015=CARTESIAN_POINT('',(-0.0046,0.0013275,-2.94764213038E-19));
#12016=CARTESIAN_POINT('',(-0.0046,0.0013275,-0.0064));
#12017=CARTESIAN_POINT('',(-0.0046,0.0039725,-0.0064));
#12018=CARTESIAN_POINT('',(-0.0046,0.0039725,-8.820721930647E-19));
#12019=CARTESIAN_POINT('',(-0.0046,0.0039725,-8.820721930647E-19));
#12020=CARTESIAN_POINT('',(-0.0046,0.0039725,-0.0064));
#12021=CARTESIAN_POINT('',(-0.00367323984175573,0.00479,-0.0064));
#12022=CARTESIAN_POINT('',(-0.003673239841756,0.00479,-1.063593657591E-18));
#12023=CARTESIAN_POINT('',(-0.003673239841756,0.00479,-1.063593657591E-18));
#12024=CARTESIAN_POINT('',(-0.003673239841756,0.00479,-0.0064));
#12025=CARTESIAN_POINT('',(0.0042,0.00479,-0.0064));
#12026=CARTESIAN_POINT('',(0.0042,0.00479,-1.0635936575909E-18));
#12027=CARTESIAN_POINT('',(0.0042,0.00439,-9.747758156209E-19));
#12028=CARTESIAN_POINT('',(0.0042,0.00439,-0.0064));
#12029=CARTESIAN_POINT('',(0.0046,0.00439,-0.0064));
#12030=CARTESIAN_POINT('',(0.0046,0.00439,-9.747758156209E-19));
#12031=CARTESIAN_POINT('',(0.0046,0.00439,-9.747758156209E-19));
#12032=CARTESIAN_POINT('',(0.0046,0.00439,-0.0064));
#12033=CARTESIAN_POINT('',(0.0046,0.00085258,-0.0064));
#12034=CARTESIAN_POINT('',(0.0046,0.00085258,-1.89310789267E-19));
#12035=CARTESIAN_POINT('',(0.00425742,0.00085258,-1.89310789267E-19));
#12036=CARTESIAN_POINT('',(0.00425742,0.00085258,-0.0064));
#12037=CARTESIAN_POINT('',(6.71277199126E-5,0.0038,-0.002937757401786));
#12038=CARTESIAN_POINT('',(-0.006052766706301,0.0038,-0.003395931706329));
#12039=CARTESIAN_POINT('',(-0.006649999999972,0.0038,-0.003395931706329));
#12040=CARTESIAN_POINT('',(-0.006649999999972,0.0038,-0.002937757401786));
#12041=CARTESIAN_POINT('',(-0.006649999999972,0.0038,-0.002505235));
#12042=CARTESIAN_POINT('',(-0.006052766706329,0.0038,-0.002505235));
#12043=CARTESIAN_POINT('',(-0.0055,0.0038,-0.0029));
#12044=CARTESIAN_POINT('',(-0.00593785,0.0038,-0.0029));
#12045=CARTESIAN_POINT('',(6.71277199126E-5,0.0038,-0.002937757401786));
#12046=CARTESIAN_POINT('',(0.006052766706329,0.0038,-0.002505235));
#12047=CARTESIAN_POINT('',(0.00665,0.0038,-0.002505235));
#12048=CARTESIAN_POINT('',(0.00665,0.0038,-0.003395931706329));
#12049=CARTESIAN_POINT('',(0.00665,0.0038,-0.003395931706329));
#12050=CARTESIAN_POINT('',(0.006052766706301,0.0038,-0.003395931706329));
#12051=CARTESIAN_POINT('',(0.0055,0.0038,-0.0029));
#12052=CARTESIAN_POINT('',(0.005017867,0.0038,-0.0029));
#12053=CARTESIAN_POINT('',(-0.006052766706329,0.,-0.002505235));
#12054=CARTESIAN_POINT('',(-0.006052766706329,0.,-0.002505235));
#12055=CARTESIAN_POINT('',(-0.006649999999972,0.,-0.002505235));
#12056=CARTESIAN_POINT('',(-0.006649999999972,0.,-0.002505235));
#12057=CARTESIAN_POINT('',(-0.005444130153182,0.,-0.002950583353161));
#12058=CARTESIAN_POINT('',(-0.006649999999972,0.,-0.003395931706329));
#12059=CARTESIAN_POINT('',(-0.006649999999972,0.,-0.003395931706329));
#12060=CARTESIAN_POINT('',(-0.006052766706301,0.,-0.003395931706329));
#12061=CARTESIAN_POINT('',(-0.0055,0.,-0.0029));
#12062=CARTESIAN_POINT('',(-0.00593785,0.,-0.0029));
#12063=CARTESIAN_POINT('',(0.005444130153185,0.,-0.002950583353161));
#12064=CARTESIAN_POINT('',(0.006052766706301,0.,-0.003395931706329));
#12065=CARTESIAN_POINT('',(0.0066499999999895,0.,-0.003395931706329));
#12066=CARTESIAN_POINT('',(0.006649999999979,0.,-0.002950583353161));
#12067=CARTESIAN_POINT('',(0.0066499999999895,0.,-0.002505235));
#12068=CARTESIAN_POINT('',(0.006052766706329,0.,-0.002505235));
#12069=CARTESIAN_POINT('',(0.0055,0.,-0.0029));
#12070=CARTESIAN_POINT('',(0.005017867,0.,-0.0029));
#12071=CARTESIAN_POINT('',(0.006052766706329,0.,-0.002505235));
#12072=CARTESIAN_POINT('',(0.00665,0.,-0.002505235));
#12073=CARTESIAN_POINT('',(-0.006052766706301,0.,-0.003395931706329));
#12074=CARTESIAN_POINT('',(-0.006649999999972,0.,-0.003395931706329));
#12075=CARTESIAN_POINT('',(0.006052766706301,0.,-0.003395931706329));
#12076=CARTESIAN_POINT('',(0.00665,0.,-0.003395931706329));
#12077=CARTESIAN_POINT('',(0.00415,0.0052,-1.15463194561E-18));
#12078=CARTESIAN_POINT('',(0.003926971847761,0.0052,-0.007759363247059));
#12079=CARTESIAN_POINT('',(0.003926971847761,0.0052,-0.008482251658122));
#12080=CARTESIAN_POINT('',(-0.003926971847761,0.0052,-0.007759363247059));
#12081=CARTESIAN_POINT('',(-0.003926971847761,0.0052,-0.008482251658122));
#12082=CARTESIAN_POINT('',(0.003926971847761,0.0052,-0.008482251658122));
#12083=CARTESIAN_POINT('',(-0.0025,0.00265,-5.884182030513E-19));
#12084=CARTESIAN_POINT('',(-0.0025,0.00265,-0.0064));
#12085=CARTESIAN_POINT('',(-0.0025,0.0014,-0.0064));
#12086=CARTESIAN_POINT('',(0.0025,0.00265,-5.884182030513E-19));
#12087=CARTESIAN_POINT('',(0.0025,0.00265,-0.0064));
#12088=CARTESIAN_POINT('',(0.0025,0.0014,-0.0064));
#12089=CARTESIAN_POINT('',(1.703307510469E-19,0.0004,-0.007238325773505));
#12090=CARTESIAN_POINT('',(-0.003113689943605,0.0004,-0.007498833575581));
#12091=CARTESIAN_POINT('',(-0.003113689943605,0.0004,-0.007498833575581));
#12092=CARTESIAN_POINT('',(-0.003454351280814,0.0004,-0.00702));
#12093=CARTESIAN_POINT('',(1.703307510469E-19,0.0004,-0.00702));
#12094=CARTESIAN_POINT('',(-0.003296965743023,0.0004,-0.00702));
#12095=CARTESIAN_POINT('',(-0.003296965743023,0.0004,-0.00702));
#12096=CARTESIAN_POINT('',(-0.00311573395974651,0.000399999833333333,-0.00727617725756381));
#12097=CARTESIAN_POINT('',(-0.00435090270223638,0.0004,-0.0081785720884509));
#12098=CARTESIAN_POINT('',(-0.00303523194405828,0.0004,-0.00739854899292091));
#12099=CARTESIAN_POINT('',(-0.00192385707358973,0.0004,-0.00808764991989467));
#12100=CARTESIAN_POINT('',(-0.00295630435546728,0.000399999833333333,-0.00728503445395944));
#12101=CARTESIAN_POINT('',(-0.002956304405814,0.0004,-0.007285034520349));
#12102=CARTESIAN_POINT('',(-0.00275531421686,0.0004,-0.00702));
#12103=CARTESIAN_POINT('',(1.703307510469E-19,0.0004,-0.00702));
#12104=CARTESIAN_POINT('',(-0.002611555132558,0.0004,-0.00702));
#12105=CARTESIAN_POINT('',(-0.002611555132558,0.0004,-0.00702));
#12106=CARTESIAN_POINT('',(-0.002962436309884,0.0004,-0.007491339026163));
#12107=CARTESIAN_POINT('',(-0.002962436309884,0.0004,-0.007491339026163));
#12108=CARTESIAN_POINT('',(-0.002584302225581,0.0004,-0.00802));
#12109=CARTESIAN_POINT('',(1.703307510469E-19,0.0004,-0.00802));
#12110=CARTESIAN_POINT('',(-0.002747819667442,0.0004,-0.00802));
#12111=CARTESIAN_POINT('',(-0.002747819667442,0.0004,-0.00802));
#12112=CARTESIAN_POINT('',(-0.0029992279103916,0.000399999833333333,-0.00766366798401882));
#12113=CARTESIAN_POINT('',(-0.00157243444745803,0.0004,-0.00668479953912852));
#12114=CARTESIAN_POINT('',(-0.00304283238499313,0.000399999833333333,-0.0075968987779748));
#12115=CARTESIAN_POINT('',(-0.00464136447490656,0.0004,-0.00663630777204592));
#12116=CARTESIAN_POINT('',(-0.00309052498073296,0.000399999833333333,-0.00767184412293755));
#12117=CARTESIAN_POINT('',(-0.003090524972674,0.0004,-0.007671844113372));
#12118=CARTESIAN_POINT('',(-0.00334125171686,0.0004,-0.00802));
#12119=CARTESIAN_POINT('',(1.703307510469E-19,0.0004,-0.00802));
#12120=CARTESIAN_POINT('',(-0.0034999999,0.0004,-0.00802));
#12121=CARTESIAN_POINT('',(-0.0034999999,0.0004,-0.00802));
#12122=CARTESIAN_POINT('',(1.703307510469E-19,0.0004,-0.007135552325581));
#12123=CARTESIAN_POINT('',(-0.002214116905814,0.0004,-0.007135552325581));
#12124=CARTESIAN_POINT('',(-0.002543195757558,0.0004,-0.007135552325581));
#12125=CARTESIAN_POINT('',(-0.002543195757558,0.0004,-0.007238325773505));
#12126=CARTESIAN_POINT('',(-0.002543195757558,0.0004,-0.00702));
#12127=CARTESIAN_POINT('',(1.703307510469E-19,0.0004,-0.00702));
#12128=CARTESIAN_POINT('',(-0.001751498809884,0.0004,-0.00702));
#12129=CARTESIAN_POINT('',(-0.001751498809884,0.0004,-0.007238325773505));
#12130=CARTESIAN_POINT('',(-0.001751498809884,0.0004,-0.007135552325581));
#12131=CARTESIAN_POINT('',(1.703307510469E-19,0.0004,-0.007135552325581));
#12132=CARTESIAN_POINT('',(-0.002081940306977,0.0004,-0.007135552325581));
#12133=CARTESIAN_POINT('',(-0.002081940306977,0.0004,-0.007238325773505));
#12134=CARTESIAN_POINT('',(-0.002081940306977,0.0004,-0.00802));
#12135=CARTESIAN_POINT('',(1.703307510469E-19,0.0004,-0.00802));
#12136=CARTESIAN_POINT('',(-0.002214116905814,0.0004,-0.00802));
#12137=CARTESIAN_POINT('',(-0.002214116905814,0.0004,-0.007238325773505));
#12138=CARTESIAN_POINT('',(-0.00126646513426091,0.0004,-0.00770258840048795));
#12139=CARTESIAN_POINT('',(-0.00147106639721009,0.000399999833333333,-0.00788882267431238));
#12140=CARTESIAN_POINT('',(-0.00154194998255109,0.0004,-0.00773789348968895));
#12141=CARTESIAN_POINT('',(-0.00135217204735042,0.0004,-0.0077578738610908));
#12142=CARTESIAN_POINT('',(-0.00134738362092773,0.000399999833333333,-0.007934970930233));
#12143=CARTESIAN_POINT('',(-0.00134296276992196,0.0004,-0.00773745092563183));
#12144=CARTESIAN_POINT('',(-0.00120126261802299,0.000399999833333333,-0.00787492369186));
#12145=CARTESIAN_POINT('',(-0.00134411196973861,0.0004,-0.00773172628365877));
#12146=CARTESIAN_POINT('',(-0.001141624173256,0.000399999833333333,-0.00772612281976769));
#12147=CARTESIAN_POINT('',(-0.00133004621581833,0.0004,-0.00771929582632893));
#12148=CARTESIAN_POINT('',(-0.001196811309884,0.000399999833333333,-0.00758658793604699));
#12149=CARTESIAN_POINT('',(-0.00133009281888628,0.0004,-0.00772209338746425));
#12150=CARTESIAN_POINT('',(-0.00133716475362755,0.000399999916666667,-0.00753162790698501));
#12151=CARTESIAN_POINT('',(-0.00132337875331865,0.0004,-0.00789032185154275));
#12152=CARTESIAN_POINT('',(-0.00142369165190352,0.000399999833333333,-0.00754525416579252));
#12153=CARTESIAN_POINT('',(-0.001423691760465,0.0004,-0.007545254360465));
#12154=CARTESIAN_POINT('',(-0.00141006292431804,0.0004,-0.00743722288848454));
#12155=CARTESIAN_POINT('',(-0.00138655203693251,0.0004,-0.00724624959150977));
#12156=CARTESIAN_POINT('',(-0.00139030700488015,0.000399999833333333,-0.00743860465116294));
#12157=CARTESIAN_POINT('',(-0.00138665648662068,0.0004,-0.00718562768916117));
#12158=CARTESIAN_POINT('',(-0.001249273155814,0.000399999833333333,-0.007397861555233));
#12159=CARTESIAN_POINT('',(-0.00132593919888007,0.0004,-0.0072822531303295));
#12160=CARTESIAN_POINT('',(-0.001186591469767,0.000399999833333333,-0.00727218023256095));
#12161=CARTESIAN_POINT('',(-0.00133478724638763,0.0004,-0.00726750914730527));
#12162=CARTESIAN_POINT('',(-0.00123224052508133,0.000399999916666667,-0.00716080626424408));
#12163=CARTESIAN_POINT('',(-0.00134296735230644,0.0004,-0.0072792794935203));
#12164=CARTESIAN_POINT('',(-0.00135010891162789,0.000399999833333333,-0.007116656976744));
#12165=CARTESIAN_POINT('',(-0.0013558475777873,0.0004,-0.0072838080672477));
#12166=CARTESIAN_POINT('',(-0.00146934117381981,0.000399999916666667,-0.00716153417752403));
#12167=CARTESIAN_POINT('',(-0.00130316483484596,0.0004,-0.00731600159794988));
#12168=CARTESIAN_POINT('',(-0.00153065957195419,0.000399999833333333,-0.00729616267909057));
#12169=CARTESIAN_POINT('',(-0.001530659420349,0.0004,-0.007296162790698));
#12170=CARTESIAN_POINT('',(-0.00165259020825234,0.0004,-0.00727448620618155));
#12171=CARTESIAN_POINT('',(-0.00133753948288622,0.0004,-0.00731703243346665));
#12172=CARTESIAN_POINT('',(-0.001551099100581,0.000399999833333333,-0.007082318313953));
#12173=CARTESIAN_POINT('',(-0.00136369109656767,0.0004,-0.00730894176708904));
#12174=CARTESIAN_POINT('',(-0.00135283420233213,0.000399999833333333,-0.007014186046512));
#12175=CARTESIAN_POINT('',(-0.00134916437211628,0.0004,-0.00734021294748044));
#12176=CARTESIAN_POINT('',(-0.001202261891279,0.000399999833333333,-0.007049342296512));
#12177=CARTESIAN_POINT('',(-0.00131330162368812,0.0004,-0.00727776167171826));
#12178=CARTESIAN_POINT('',(-0.00109702024883699,0.000399999833333333,-0.007145227107558));
#12179=CARTESIAN_POINT('',(-0.00130675197315037,0.0004,-0.00727441801212801));
#12180=CARTESIAN_POINT('',(-0.001060546775,0.000399999833333333,-0.00727422420058043));
#12181=CARTESIAN_POINT('',(-0.00127174311640323,0.0004,-0.00727631379724306));
#12182=CARTESIAN_POINT('',(-0.00109529456423828,0.000399999916666666,-0.00739227521922159));
#12183=CARTESIAN_POINT('',(-0.00129095924271957,0.0004,-0.00725764843408949));
#12184=CARTESIAN_POINT('',(-0.00119817369899877,0.000399999833333333,-0.00747689495918669));
#12185=CARTESIAN_POINT('',(-0.00124269585604347,0.0004,-0.00770437777435017));
#12186=CARTESIAN_POINT('',(-0.00106054624231576,0.000399999916666667,-0.00756201559963217));
#12187=CARTESIAN_POINT('',(-0.00127192241004966,0.0004,-0.00771293568520959));
#12188=CARTESIAN_POINT('',(-0.001011491542442,0.000399999833333333,-0.0077236700581457));
#12189=CARTESIAN_POINT('',(-0.0013070067946624,0.0004,-0.00772862473854236));
#12190=CARTESIAN_POINT('',(-0.00110687671686,0.000399999833333333,-0.007946190043605));
#12191=CARTESIAN_POINT('',(-0.00133554567502067,0.0004,-0.00770259849735943));
#12192=CARTESIAN_POINT('',(-0.00134753215870208,0.0004,-0.00803682464553575));
#12193=CARTESIAN_POINT('',(-0.00135992617228816,0.0004,-0.00772451275714189));
#12194=CARTESIAN_POINT('',(-0.001566451571512,0.000399999833333333,-0.00795863553779099));
#12195=CARTESIAN_POINT('',(-0.00136076418268397,0.0004,-0.00773353810441988));
#12196=CARTESIAN_POINT('',(-0.00166514786323054,0.0004,-0.00775431984019056));
#12197=CARTESIAN_POINT('',(-0.001665561309884,0.0004,-0.007754375));
#12198=CARTESIAN_POINT('',(1.703307510469E-19,0.0004,-0.00702));
#12199=CARTESIAN_POINT('',(-6.418049593023E-5,0.0004,-0.00702));
#12200=CARTESIAN_POINT('',(0.000312590859706245,0.000399999833333333,-0.00702));
#12201=CARTESIAN_POINT('',(0.000333372357278728,0.0004,-0.0079671685200977));
#12202=CARTESIAN_POINT('',(0.00046452584092667,0.000399999833333333,-0.00702953850680686));
#12203=CARTESIAN_POINT('',(0.000422894154658935,0.0004,-0.00732939958421334));
#12204=CARTESIAN_POINT('',(0.000587846120779225,0.000399999916666667,-0.00707618697415897));
#12205=CARTESIAN_POINT('',(0.000445636742250962,0.0004,-0.00727481423989341));
#12206=CARTESIAN_POINT('',(0.000667878258100921,0.000399999916666667,-0.00717248052731281));
#12207=CARTESIAN_POINT('',(0.000392800238646303,0.0004,-0.00730477206045144));
#12208=CARTESIAN_POINT('',(0.000698219576744,0.000399999833333333,-0.00730865370640385));
#12209=CARTESIAN_POINT('',(0.000391865141467273,0.0004,-0.00731710988082779));
#12210=CARTESIAN_POINT('',(0.00061714217842516,0.000399999833333333,-0.00752413335762633));
#12211=CARTESIAN_POINT('',(0.000371112884127956,0.0004,-0.00720771484889278));
#12212=CARTESIAN_POINT('',(0.000324173345189982,0.000399999833333333,-0.007612296511628));
#12213=CARTESIAN_POINT('',(1.703307510469E-19,0.0004,-0.007612296511628));
#12214=CARTESIAN_POINT('',(6.799610290698E-5,0.0004,-0.007612296511628));
#12215=CARTESIAN_POINT('',(6.799610290698E-5,0.0004,-0.007238325773505));
#12216=CARTESIAN_POINT('',(6.799610290698E-5,0.0004,-0.00802));
#12217=CARTESIAN_POINT('',(1.703307510469E-19,0.0004,-0.00802));
#12218=CARTESIAN_POINT('',(-6.418049593023E-5,0.0004,-0.00802));
#12219=CARTESIAN_POINT('',(-6.418049593023E-5,0.0004,-0.007238325773505));
#12220=CARTESIAN_POINT('',(1.703307510469E-19,0.0004,-0.00702));
#12221=CARTESIAN_POINT('',(0.000775436146512,0.0004,-0.00702));
#12222=CARTESIAN_POINT('',(0.000911019358721,0.0004,-0.00702));
#12223=CARTESIAN_POINT('',(0.000911019358721,0.0004,-0.00702));
#12224=CARTESIAN_POINT('',(0.00106295431511602,0.000399999916666666,-0.007675659520349));
#12225=CARTESIAN_POINT('',(0.001062954315116,0.0004,-0.007675659520349));
#12226=CARTESIAN_POINT('',(0.00107929690220391,0.0004,-0.0077442983861145));
#12227=CARTESIAN_POINT('',(0.00109338043605178,0.0004,-0.0078125239020541));
#12228=CARTESIAN_POINT('',(0.00110519624882286,0.0004,-0.0078803284379601));
#12229=CARTESIAN_POINT('',(0.00110519633171992,0.000399999833333333,-0.00788032842351423));
#12230=CARTESIAN_POINT('',(0.013170710337871,0.000399999999999993,-0.0107035530680955));
#12231=CARTESIAN_POINT('',(0.0011501634531539,0.000399999916666666,-0.00769541847044933));
#12232=CARTESIAN_POINT('',(0.001150163617442,0.0004,-0.007695417877907));
#12233=CARTESIAN_POINT('',(0.001340252643605,0.0004,-0.00702));
#12234=CARTESIAN_POINT('',(1.703307510469E-19,0.0004,-0.00702));
#12235=CARTESIAN_POINT('',(0.001499682149419,0.0004,-0.00702));
#12236=CARTESIAN_POINT('',(0.001499682149419,0.0004,-0.00702));
#12237=CARTESIAN_POINT('',(0.00164275988839068,0.000399999833333333,-0.00752622266693256));
#12238=CARTESIAN_POINT('',(-0.00094230360644824,0.0004,-0.00828127917425958));
#12239=CARTESIAN_POINT('',(0.00172043070892725,0.000399999833333333,-0.00788032832681504));
#12240=CARTESIAN_POINT('',(0.00656327736247658,0.0004,-0.00887503673459576));
#12241=CARTESIAN_POINT('',(0.00177016727089897,0.000399999833333333,-0.00766266888708216));
#12242=CARTESIAN_POINT('',(0.001770167251163,0.0004,-0.007662668968023));
#12243=CARTESIAN_POINT('',(0.001926871466279,0.0004,-0.00702));
#12244=CARTESIAN_POINT('',(1.703307510469E-19,0.0004,-0.00702));
#12245=CARTESIAN_POINT('',(0.002059729387791,0.0004,-0.00702));
#12246=CARTESIAN_POINT('',(0.002059729387791,0.0004,-0.00702));
#12247=CARTESIAN_POINT('',(0.001785837672674,0.0004,-0.00802));
#12248=CARTESIAN_POINT('',(1.703307510469E-19,0.0004,-0.00802));
#12249=CARTESIAN_POINT('',(0.001658430332558,0.0004,-0.00802));
#12250=CARTESIAN_POINT('',(0.001658430332558,0.0004,-0.00802));
#12251=CARTESIAN_POINT('',(0.0014479016483486,0.000399999833333333,-0.00725791795821572));
#12252=CARTESIAN_POINT('',(0.0051678058458496,0.0004,-0.006194294267032));
#12253=CARTESIAN_POINT('',(0.00141647412032955,0.0004,-0.00714080052224368));
#12254=CARTESIAN_POINT('',(-0.000991142784759974,0.0004,-0.00660347281672281));
#12255=CARTESIAN_POINT('',(0.00138726388749337,0.000399999833333333,-0.00725791795223655));
#12256=CARTESIAN_POINT('',(0.00138726390814,0.0004,-0.007257917877907));
#12257=CARTESIAN_POINT('',(0.001175372556395,0.0004,-0.00802));
#12258=CARTESIAN_POINT('',(1.703307510469E-19,0.0004,-0.00802));
#12259=CARTESIAN_POINT('',(0.00104047066686,0.0004,-0.00802));
#12260=CARTESIAN_POINT('',(0.00104047066686,0.0004,-0.00802));
#12261=CARTESIAN_POINT('',(1.703307510469E-19,0.0004,-0.00702));
#12262=CARTESIAN_POINT('',(0.002617778079651,0.0004,-0.00702));
#12263=CARTESIAN_POINT('',(0.002816724300581,0.0004,-0.00702));
#12264=CARTESIAN_POINT('',(0.002816724300581,0.0004,-0.00702));
#12265=CARTESIAN_POINT('',(0.00305314324222294,0.000399999833333333,-0.00772821213027329));
#12266=CARTESIAN_POINT('',(-0.00436226533787875,0.0004,-0.0102038143707439));
#12267=CARTESIAN_POINT('',(0.0031008309309883,0.0004,-0.00787605272443917));
#12268=CARTESIAN_POINT('',(0.0099697134308469,0.000399999999999996,-0.0100688513720505));
#12269=CARTESIAN_POINT('',(0.00315397905149563,0.000399999833333333,-0.00771590290085889));
#12270=CARTESIAN_POINT('',(0.003153979024419,0.0004,-0.007715902979651));
#12271=CARTESIAN_POINT('',(0.00339312328314,0.0004,-0.00702));
#12272=CARTESIAN_POINT('',(1.703307510469E-19,0.0004,-0.00702));
#12273=CARTESIAN_POINT('',(0.003570948501163,0.0004,-0.00702));
#12274=CARTESIAN_POINT('',(0.003570948501163,0.0004,-0.007238325773505));
#12275=CARTESIAN_POINT('',(0.003570948501163,0.0004,-0.00802));
#12276=CARTESIAN_POINT('',(1.703307510469E-19,0.0004,-0.00802));
#12277=CARTESIAN_POINT('',(0.003443541161047,0.0004,-0.00802));
#12278=CARTESIAN_POINT('',(0.003443541161047,0.0004,-0.007238325773505));
#12279=CARTESIAN_POINT('',(0.003443541161047,0.0004,-0.007182836119186));
#12280=CARTESIAN_POINT('',(0.003443541161047,0.0004,-0.007182836119186));
#12281=CARTESIAN_POINT('',(0.003153297701744,0.0004,-0.00802));
#12282=CARTESIAN_POINT('',(1.703307510469E-19,0.0004,-0.00802));
#12283=CARTESIAN_POINT('',(0.003034066233721,0.0004,-0.00802));
#12284=CARTESIAN_POINT('',(0.003034066233721,0.0004,-0.00802));
#12285=CARTESIAN_POINT('',(0.002745185419767,0.0004,-0.007168528343023));
#12286=CARTESIAN_POINT('',(0.002745185419767,0.0004,-0.007238325773505));
#12287=CARTESIAN_POINT('',(0.002745185419767,0.0004,-0.00802));
#12288=CARTESIAN_POINT('',(1.703307510469E-19,0.0004,-0.00802));
#12289=CARTESIAN_POINT('',(0.002617778079651,0.0004,-0.00802));
#12290=CARTESIAN_POINT('',(0.002617778079651,0.0004,-0.007238325773505));
#12291=CARTESIAN_POINT('',(-0.000575906441075731,0.0004,-0.00729131686811681));
#12292=CARTESIAN_POINT('',(-0.000564407603492769,0.000399999833333333,-0.007014186046512));
#12293=CARTESIAN_POINT('',(-0.000746589866710496,0.0004,-0.00707340067241392));
#12294=CARTESIAN_POINT('',(-0.000557038258457855,0.0004,-0.00730917659149532));
#12295=CARTESIAN_POINT('',(-0.000423373457584407,0.000399999916666666,-0.00704666261601181));
#12296=CARTESIAN_POINT('',(-0.000551815556374496,0.0004,-0.00728387235879753));
#12297=CARTESIAN_POINT('',(-0.000323219376467068,0.000399999833333333,-0.00714032158473044));
#12298=CARTESIAN_POINT('',(-0.00075323506444226,0.0004,-0.00740500304870871));
#12299=CARTESIAN_POINT('',(-0.000261219007687541,0.000399999833333333,-0.00728930416465159));
#12300=CARTESIAN_POINT('',(-0.00125854714360869,0.0004,-0.00749843106076685));
#12301=CARTESIAN_POINT('',(-0.000238735365116,0.000399999833333333,-0.00752617732558555));
#12302=CARTESIAN_POINT('',(-0.00118032429303852,0.0004,-0.00755679413292736));
#12303=CARTESIAN_POINT('',(-0.00027484545945293,0.000399999833333333,-0.00781087933823446));
#12304=CARTESIAN_POINT('',(-0.000618245987915885,0.0004,-0.00771017981729088));
#12305=CARTESIAN_POINT('',(-0.000381974304394576,0.0004,-0.00797823123862472));
#12306=CARTESIAN_POINT('',(-0.000552621382989389,0.0004,-0.00776037164186668));
#12307=CARTESIAN_POINT('',(-0.000566400428726938,0.0004,-0.00803676514257061));
#12308=CARTESIAN_POINT('',(-0.000577657949739683,0.0004,-0.00776400215604214));
#12309=CARTESIAN_POINT('',(-0.000791288055446886,0.000399999833333333,-0.00793356286162849));
#12310=CARTESIAN_POINT('',(-0.000202823097379681,0.0004,-0.00758660171289821));
#12311=CARTESIAN_POINT('',(-0.00089007984186,0.000399999833333333,-0.00752617732559843));
#12312=CARTESIAN_POINT('',(4.97883428963748E-5,0.0004,-0.0074949883886156));
#12313=CARTESIAN_POINT('',(-0.000853651797470155,0.000399999833333333,-0.00724011266894671));
#12314=CARTESIAN_POINT('',(-0.000510348781931343,0.0004,-0.00734166264316373));
#12315=CARTESIAN_POINT('',(1.703307510469E-19,0.0004,-0.007595581395349));
#12316=CARTESIAN_POINT('',(0.002093386727907,0.0004,-0.007595581395349));
#12317=CARTESIAN_POINT('',(0.00247015816686,0.0004,-0.007595581395349));
#12318=CARTESIAN_POINT('',(0.00247015816686,0.0004,-0.007238325773505));
#12319=CARTESIAN_POINT('',(0.00247015816686,0.0004,-0.007717674418605));
#12320=CARTESIAN_POINT('',(1.703307510469E-19,0.0004,-0.007717674418605));
#12321=CARTESIAN_POINT('',(0.002093386727907,0.0004,-0.007717674418605));
#12322=CARTESIAN_POINT('',(0.002093386727907,0.0004,-0.007238325773505));
#12323=CARTESIAN_POINT('',(-0.003926971847761,0.0052,-0.007759363247059));
#12324=CARTESIAN_POINT('',(-0.004649860258824,0.0052,-0.007759363247059));
#12325=CARTESIAN_POINT('',(-0.004649860258824,0.005,-0.007759363247059));
#12326=CARTESIAN_POINT('',(-0.003926971847761,0.005,-0.007759363247059));
#12327=CARTESIAN_POINT('',(-0.003926971847761,0.005,-0.008482251658122));
#12328=CARTESIAN_POINT('',(-0.003926971847761,0.0052,-0.008482251658122));
#12329=CARTESIAN_POINT('',(-0.004649860258824,0.0052,-0.007759363247059));
#12330=CARTESIAN_POINT('',(-0.004649860258824,0.0052,-0.006192437628964));
#12331=CARTESIAN_POINT('',(-0.004649860258824,0.005,-0.006192437628964));
#12332=CARTESIAN_POINT('',(-0.004649860258824,0.005,-0.006975900438011));
#12333=CARTESIAN_POINT('',(-0.003926971847761,0.0052,-0.006192437628964));
#12334=CARTESIAN_POINT('',(-0.003926971847761,0.0052,-0.005469549217901));
#12335=CARTESIAN_POINT('',(-0.003926971847761,0.005,-0.005469549217901));
#12336=CARTESIAN_POINT('',(-0.003926971847761,0.005,-0.006192437628964));
#12337=CARTESIAN_POINT('',(0.003926971847761,0.0052,-0.006192437628964));
#12338=CARTESIAN_POINT('',(0.004649860258824,0.0052,-0.006192437628964));
#12339=CARTESIAN_POINT('',(0.004649860258824,0.005,-0.006192437628964));
#12340=CARTESIAN_POINT('',(0.003926971847761,0.005,-0.006192437628964));
#12341=CARTESIAN_POINT('',(0.003926971847761,0.005,-0.005469549217901));
#12342=CARTESIAN_POINT('',(0.003926971847761,0.0052,-0.005469549217901));
#12343=CARTESIAN_POINT('',(0.004649860258824,0.0052,-0.006192437628964));
#12344=CARTESIAN_POINT('',(0.004649860258824,0.0052,-0.007759363247059));
#12345=CARTESIAN_POINT('',(0.004649860258824,0.005,-0.007759363247059));
#12346=CARTESIAN_POINT('',(0.004649860258824,0.005,-0.006975900438011));
#12347=CARTESIAN_POINT('',(0.003926971847761,0.0052,-0.007759363247059));
#12348=CARTESIAN_POINT('',(0.003926971847761,0.0052,-0.008482251658122));
#12349=CARTESIAN_POINT('',(0.003926971847761,0.005,-0.008482251658122));
#12350=CARTESIAN_POINT('',(0.003926971847761,0.005,-0.007759363247059));
#12351=CARTESIAN_POINT('',(-0.003926971847761,0.0052,-0.005469549217901));
#12352=CARTESIAN_POINT('',(1.09442178452E-19,0.005,-0.005469549217901));
#12353=CARTESIAN_POINT('',(0.000133261223694,0.002647710113461,-0.0064));
#12354=CARTESIAN_POINT('',(-0.006649999999972,0.,-0.003395931706329));
#12355=CARTESIAN_POINT('',(-0.0055,0.,-0.0029));
#12356=CARTESIAN_POINT('',(0.00665,0.,-0.003395931706329));
#12357=CARTESIAN_POINT('',(0.0055,0.,-0.0029));
#12358=CARTESIAN_POINT('',(0.003926971847761,0.0052,-0.008482251658122));
#12359=CARTESIAN_POINT('',(1.09442178452E-19,0.005,-0.008482251658122));
#12360=CARTESIAN_POINT('',(-0.0034999999,0.00043,-0.00802));
#12361=CARTESIAN_POINT('',(-0.0034999999,0.00043,-0.00802));
#12362=CARTESIAN_POINT('',(-0.0034999999,0.00023,-0.00802));
#12363=CARTESIAN_POINT('',(-0.0034999999,0.00023,-0.00802));
#12364=CARTESIAN_POINT('',(-0.00311368994360491,0.00023,-0.00749883357558113));
#12365=CARTESIAN_POINT('',(-0.003113689943605,0.00043,-0.007498833575581));
#12366=CARTESIAN_POINT('',(-0.003113689943605,0.00043,-0.007498833575581));
#12367=CARTESIAN_POINT('',(-0.003113689943605,0.00023,-0.007498833575581));
#12368=CARTESIAN_POINT('',(-0.00345435128081386,0.00023,-0.00702));
#12369=CARTESIAN_POINT('',(-0.003454351280814,0.00043,-0.00702));
#12370=CARTESIAN_POINT('',(-0.003454351280814,0.00043,-0.00702));
#12371=CARTESIAN_POINT('',(-0.003454351280814,0.00023,-0.00702));
#12372=CARTESIAN_POINT('',(-0.003296965743023,0.00023,-0.00702));
#12373=CARTESIAN_POINT('',(-0.003296965743023,0.00043,-0.00702));
#12374=CARTESIAN_POINT('',(-0.003296965743023,0.00043,-0.00702));
#12375=CARTESIAN_POINT('',(-0.003296965743023,0.00023,-0.00702));
#12376=CARTESIAN_POINT('',(-0.00311573395974651,0.000230000166666667,-0.00727617725756381));
#12377=CARTESIAN_POINT('',(-0.00311573391162799,0.000230000166666666,-0.007276177325581));
#12378=CARTESIAN_POINT('',(-0.00311573391162799,0.000286666722222222,-0.007276177325581));
#12379=CARTESIAN_POINT('',(-0.00311573391162799,0.000343333277777778,-0.007276177325581));
#12380=CARTESIAN_POINT('',(-0.00311573391162799,0.000399999833333333,-0.007276177325581));
#12381=CARTESIAN_POINT('',(-0.00435090270223638,0.000429999998215992,-0.0081785720884509));
#12382=CARTESIAN_POINT('',(-0.00435090270223638,0.00023,-0.0081785720884509));
#12383=CARTESIAN_POINT('',(-0.00303523194405828,0.00023,-0.00739854899292091));
#12384=CARTESIAN_POINT('',(-0.00303523194423101,0.000399999833333333,-0.00739854899291919));
#12385=CARTESIAN_POINT('',(-0.00192385707358973,0.000429999998215992,-0.00808764991989467));
#12386=CARTESIAN_POINT('',(-0.00192385707358973,0.00023,-0.00808764991989467));
#12387=CARTESIAN_POINT('',(-0.00295630435546728,0.000230000166666667,-0.00728503445395944));
#12388=CARTESIAN_POINT('',(-0.002956304405814,0.000399999833333333,-0.007285034520349));
#12389=CARTESIAN_POINT('',(-0.002956304405814,0.000343333277777778,-0.007285034520349));
#12390=CARTESIAN_POINT('',(-0.002956304405814,0.000286666722222222,-0.007285034520349));
#12391=CARTESIAN_POINT('',(-0.002956304405814,0.000230000166666666,-0.007285034520349));
#12392=CARTESIAN_POINT('',(-0.002956304405814,0.00043,-0.007285034520349));
#12393=CARTESIAN_POINT('',(-0.002956304405814,0.00023,-0.007285034520349));
#12394=CARTESIAN_POINT('',(-0.00275531421686014,0.00023,-0.00702));
#12395=CARTESIAN_POINT('',(-0.00275531421686,0.00043,-0.00702));
#12396=CARTESIAN_POINT('',(-0.00275531421686,0.00043,-0.00702));
#12397=CARTESIAN_POINT('',(-0.00275531421686,0.00023,-0.00702));
#12398=CARTESIAN_POINT('',(-0.002611555132558,0.00023,-0.00702));
#12399=CARTESIAN_POINT('',(-0.002611555132558,0.00043,-0.00702));
#12400=CARTESIAN_POINT('',(-0.002611555132558,0.00043,-0.00702));
#12401=CARTESIAN_POINT('',(-0.002611555132558,0.00023,-0.00702));
#12402=CARTESIAN_POINT('',(-0.00296243630988394,0.00023,-0.00749133902616308));
#12403=CARTESIAN_POINT('',(-0.002962436309884,0.00043,-0.007491339026163));
#12404=CARTESIAN_POINT('',(-0.002962436309884,0.00043,-0.007491339026163));
#12405=CARTESIAN_POINT('',(-0.002962436309884,0.00023,-0.007491339026163));
#12406=CARTESIAN_POINT('',(-0.00258430222558134,0.00023,-0.00802));
#12407=CARTESIAN_POINT('',(-0.002584302225581,0.00043,-0.00802));
#12408=CARTESIAN_POINT('',(-0.002584302225581,0.00043,-0.00802));
#12409=CARTESIAN_POINT('',(-0.002584302225581,0.00023,-0.00802));
#12410=CARTESIAN_POINT('',(-0.002747819667442,0.00023,-0.00802));
#12411=CARTESIAN_POINT('',(-0.002747819667442,0.00043,-0.00802));
#12412=CARTESIAN_POINT('',(-0.002747819667442,0.00043,-0.00802));
#12413=CARTESIAN_POINT('',(-0.002747819667442,0.00023,-0.00802));
#12414=CARTESIAN_POINT('',(-0.00299922818251278,0.000230000083333334,-0.00766366759064964));
#12415=CARTESIAN_POINT('',(-0.00299922773430251,0.00023,-0.00766366824127936));
#12416=CARTESIAN_POINT('',(-0.00299922773430251,0.000286666611111111,-0.00766366824127936));
#12417=CARTESIAN_POINT('',(-0.00299922773430251,0.000343333222222222,-0.00766366824127936));
#12418=CARTESIAN_POINT('',(-0.00299922773430251,0.000399999833333333,-0.00766366824127936));
#12419=CARTESIAN_POINT('',(-0.00157243444745803,0.000429999998215992,-0.00668479953912852));
#12420=CARTESIAN_POINT('',(-0.00157243444745803,0.00023,-0.00668479953912852));
#12421=CARTESIAN_POINT('',(-0.00304283238484552,0.000230000166666667,-0.00759689877786095));
#12422=CARTESIAN_POINT('',(-0.00304286589097308,0.000399999833333333,-0.00759682542217172));
#12423=CARTESIAN_POINT('',(-0.00464136447490656,0.000429999998215992,-0.00663630777204592));
#12424=CARTESIAN_POINT('',(-0.00464136447490656,0.00023,-0.00663630777204592));
#12425=CARTESIAN_POINT('',(-0.00309052500105179,0.000230000166666667,-0.00767184415196448));
#12426=CARTESIAN_POINT('',(-0.003090524972674,0.000399999833333333,-0.007671844113372));
#12427=CARTESIAN_POINT('',(-0.003090524972674,0.000343333277777778,-0.007671844113372));
#12428=CARTESIAN_POINT('',(-0.003090524972674,0.000286666722222222,-0.007671844113372));
#12429=CARTESIAN_POINT('',(-0.003090524972674,0.000230000166666667,-0.007671844113372));
#12430=CARTESIAN_POINT('',(-0.003090524972674,0.00043,-0.007671844113372));
#12431=CARTESIAN_POINT('',(-0.003090524972674,0.00023,-0.007671844113372));
#12432=CARTESIAN_POINT('',(-0.00334125171686002,0.00023,-0.00802));
#12433=CARTESIAN_POINT('',(-0.00334125171686,0.00043,-0.00802));
#12434=CARTESIAN_POINT('',(-0.00334125171686,0.00043,-0.00802));
#12435=CARTESIAN_POINT('',(-0.00334125171686,0.00023,-0.00802));
#12436=CARTESIAN_POINT('',(-0.002214116905814,0.00043,-0.00802));
#12437=CARTESIAN_POINT('',(-0.002214116905814,0.00043,-0.00802));
#12438=CARTESIAN_POINT('',(-0.002214116905814,0.00023,-0.00802));
#12439=CARTESIAN_POINT('',(-0.002214116905814,0.00023,-0.00802));
#12440=CARTESIAN_POINT('',(-0.002214116905814,0.00023,-0.007135552325581));
#12441=CARTESIAN_POINT('',(-0.002214116905814,0.00043,-0.007135552325581));
#12442=CARTESIAN_POINT('',(-0.002214116905814,0.00043,-0.007135552325581));
#12443=CARTESIAN_POINT('',(-0.002214116905814,0.00023,-0.007135552325581));
#12444=CARTESIAN_POINT('',(-0.002543195757558,0.00023,-0.007135552325581));
#12445=CARTESIAN_POINT('',(-0.002543195757558,0.00043,-0.007135552325581));
#12446=CARTESIAN_POINT('',(-0.002543195757558,0.00043,-0.007135552325581));
#12447=CARTESIAN_POINT('',(-0.002543195757558,0.00023,-0.007135552325581));
#12448=CARTESIAN_POINT('',(-0.002543195757558,0.00023,-0.00702));
#12449=CARTESIAN_POINT('',(-0.002543195757558,0.00043,-0.00702));
#12450=CARTESIAN_POINT('',(-0.002543195757558,0.00043,-0.00702));
#12451=CARTESIAN_POINT('',(-0.002543195757558,0.00023,-0.00702));
#12452=CARTESIAN_POINT('',(-0.001751498809884,0.00023,-0.00702));
#12453=CARTESIAN_POINT('',(-0.001751498809884,0.00043,-0.00702));
#12454=CARTESIAN_POINT('',(-0.001751498809884,0.00043,-0.00702));
#12455=CARTESIAN_POINT('',(-0.001751498809884,0.00023,-0.00702));
#12456=CARTESIAN_POINT('',(-0.001751498809884,0.00023,-0.007135552325581));
#12457=CARTESIAN_POINT('',(-0.001751498809884,0.00043,-0.007135552325581));
#12458=CARTESIAN_POINT('',(-0.001751498809884,0.00043,-0.007135552325581));
#12459=CARTESIAN_POINT('',(-0.001751498809884,0.00023,-0.007135552325581));
#12460=CARTESIAN_POINT('',(-0.002081940306977,0.00023,-0.007135552325581));
#12461=CARTESIAN_POINT('',(-0.002081940306977,0.00043,-0.007135552325581));
#12462=CARTESIAN_POINT('',(-0.002081940306977,0.00043,-0.007135552325581));
#12463=CARTESIAN_POINT('',(-0.002081940306977,0.00023,-0.007135552325581));
#12464=CARTESIAN_POINT('',(-0.002081940306977,0.00023,-0.00802));
#12465=CARTESIAN_POINT('',(-0.002081940306977,0.00043,-0.00802));
#12466=CARTESIAN_POINT('',(-0.002081940306977,0.00043,-0.00802));
#12467=CARTESIAN_POINT('',(-0.002081940306977,0.00023,-0.00802));
#12468=CARTESIAN_POINT('',(-0.001665561309884,0.00043,-0.007754375));
#12469=CARTESIAN_POINT('',(-0.00166514789857392,0.000399999833333333,-0.00775431981131404));
#12470=CARTESIAN_POINT('',(-0.00166514786323054,0.00023,-0.00775431984019056));
#12471=CARTESIAN_POINT('',(-0.001665561309884,0.00023,-0.007754375));
#12472=CARTESIAN_POINT('',(-0.00154194998255109,0.00023,-0.00773789348968895));
#12473=CARTESIAN_POINT('',(-0.00154194998255142,0.000399999833333333,-0.007737893489689));
#12474=CARTESIAN_POINT('',(-0.00126646513426091,0.000429999998215992,-0.00770258840048795));
#12475=CARTESIAN_POINT('',(-0.00126646513426091,0.00023,-0.00770258840048795));
#12476=CARTESIAN_POINT('',(-0.00147106639715154,0.000230000166666667,-0.00788882267436569));
#12477=CARTESIAN_POINT('',(-0.00147185802509436,0.000230000166666667,-0.00788954323823184));
#12478=CARTESIAN_POINT('',(-0.00147185802509436,0.000286666722222222,-0.00788954323823184));
#12479=CARTESIAN_POINT('',(-0.00147185802509436,0.000343333277777778,-0.00788954323823184));
#12480=CARTESIAN_POINT('',(-0.00147185802509436,0.000399999833333334,-0.00788954323823184));
#12481=CARTESIAN_POINT('',(-0.00135217204735042,0.000429999998215992,-0.0077578738610908));
#12482=CARTESIAN_POINT('',(-0.00135217204735042,0.00023,-0.0077578738610908));
#12483=CARTESIAN_POINT('',(-0.00134738362092773,0.000230000166666667,-0.007934970930233));
#12484=CARTESIAN_POINT('',(-0.00134738949897603,0.000230000166666667,-0.00793475353423847));
#12485=CARTESIAN_POINT('',(-0.00134738949897603,0.000286666722222222,-0.00793475353423847));
#12486=CARTESIAN_POINT('',(-0.00134738949897603,0.000343333277777778,-0.00793475353423847));
#12487=CARTESIAN_POINT('',(-0.00134738949897603,0.000399999833333333,-0.00793475353423847));
#12488=CARTESIAN_POINT('',(-0.00134296276992196,0.000429999998215992,-0.00773745092563183));
#12489=CARTESIAN_POINT('',(-0.00134296276992196,0.00023,-0.00773745092563183));
#12490=CARTESIAN_POINT('',(-0.00120126261802299,0.000230000166666667,-0.00787492369186));
#12491=CARTESIAN_POINT('',(-0.00120129076968583,0.000230000166666667,-0.00787489638005467));
#12492=CARTESIAN_POINT('',(-0.00120129076968583,0.000286666722222222,-0.00787489638005467));
#12493=CARTESIAN_POINT('',(-0.00120129076968583,0.000343333277777778,-0.00787489638005467));
#12494=CARTESIAN_POINT('',(-0.00120129076968583,0.000399999833333333,-0.00787489638005467));
#12495=CARTESIAN_POINT('',(-0.00134411196973861,0.000429999998215992,-0.00773172628365877));
#12496=CARTESIAN_POINT('',(-0.00134411196973861,0.00023,-0.00773172628365877));
#12497=CARTESIAN_POINT('',(-0.001141624173256,0.000230000166666667,-0.00772612281976769));
#12498=CARTESIAN_POINT('',(-0.00114188097642946,0.000230000166666667,-0.00772612992630545));
#12499=CARTESIAN_POINT('',(-0.00114188097642946,0.000286666722222222,-0.00772612992630545));
#12500=CARTESIAN_POINT('',(-0.00114188097642946,0.000343333277777778,-0.00772612992630545));
#12501=CARTESIAN_POINT('',(-0.00114188097642946,0.000399999833333333,-0.00772612992630545));
#12502=CARTESIAN_POINT('',(-0.00133004621581833,0.000429999998215992,-0.00771929582632893));
#12503=CARTESIAN_POINT('',(-0.00133004621581833,0.00023,-0.00771929582632893));
#12504=CARTESIAN_POINT('',(-0.001196811309884,0.000230000166666667,-0.00758658793604699));
#12505=CARTESIAN_POINT('',(-0.00119670620395908,0.000230000166666667,-0.0075864832458725));
#12506=CARTESIAN_POINT('',(-0.00119670620395908,0.000286666722222222,-0.0075864832458725));
#12507=CARTESIAN_POINT('',(-0.00119670620395908,0.000343333277777778,-0.0075864832458725));
#12508=CARTESIAN_POINT('',(-0.00119670620395908,0.000399999833333333,-0.0075864832458725));
#12509=CARTESIAN_POINT('',(-0.00133009281888628,0.000429999998215992,-0.00772209338746425));
#12510=CARTESIAN_POINT('',(-0.00133009281888628,0.00023,-0.00772209338746425));
#12511=CARTESIAN_POINT('',(-0.00133716378909143,0.000230000166666667,-0.007531627906977));
#12512=CARTESIAN_POINT('',(-0.00133715038698167,0.000230000166666385,-0.00753198935537438));
#12513=CARTESIAN_POINT('',(-0.00133715134834937,0.000286666749988773,-0.00753198939106494));
#12514=CARTESIAN_POINT('',(-0.00133715230971681,0.000343333333311162,-0.00753198942676278));
#12515=CARTESIAN_POINT('',(-0.00133715327108397,0.00039999991663355,-0.00753198946246792));
#12516=CARTESIAN_POINT('',(-0.00132337875331865,0.000429999998215992,-0.00789032185154275));
#12517=CARTESIAN_POINT('',(-0.00132337875331865,0.00023,-0.00789032185154275));
#12518=CARTESIAN_POINT('',(-0.00142369165190352,0.000230000166666667,-0.0075452541657925));
#12519=CARTESIAN_POINT('',(-0.00142371654426814,0.000399999833333333,-0.00754545081341126));
#12520=CARTESIAN_POINT('',(-0.001423691760465,0.00043,-0.007545254360465));
#12521=CARTESIAN_POINT('',(-0.001423691760465,0.00023,-0.007545254360465));
#12522=CARTESIAN_POINT('',(-0.00141006292431804,0.00023,-0.00743722288848454));
#12523=CARTESIAN_POINT('',(-0.00141006295298827,0.000429999998215992,-0.00743722288495492));
#12524=CARTESIAN_POINT('',(-0.00138655203693251,0.000429999998215992,-0.00724624959150977));
#12525=CARTESIAN_POINT('',(-0.00138655203693251,0.00023,-0.00724624959150977));
#12526=CARTESIAN_POINT('',(-0.00139030697714368,0.000230000166666667,-0.00743860465116299));
#12527=CARTESIAN_POINT('',(-0.00139030740556756,0.000230000166666667,-0.00743862801854743));
#12528=CARTESIAN_POINT('',(-0.00139030740556756,0.000286666722222222,-0.00743862801854743));
#12529=CARTESIAN_POINT('',(-0.00139030740556756,0.000343333277777778,-0.00743862801854743));
#12530=CARTESIAN_POINT('',(-0.00139030740556756,0.000399999833333333,-0.00743862801854743));
#12531=CARTESIAN_POINT('',(-0.00138665648662068,0.000429999998215992,-0.00718562768916117));
#12532=CARTESIAN_POINT('',(-0.00138665648662068,0.00023,-0.00718562768916117));
#12533=CARTESIAN_POINT('',(-0.001249273155814,0.000230000166666667,-0.007397861555233));
#12534=CARTESIAN_POINT('',(-0.00124924316268788,0.000230000166666667,-0.0073979078895086));
#12535=CARTESIAN_POINT('',(-0.00124924316268788,0.000286666722222222,-0.0073979078895086));
#12536=CARTESIAN_POINT('',(-0.00124924316268788,0.000343333277777778,-0.0073979078895086));
#12537=CARTESIAN_POINT('',(-0.00124924316268788,0.000399999833333333,-0.0073979078895086));
#12538=CARTESIAN_POINT('',(-0.00132593919888007,0.000429999998215992,-0.0072822531303295));
#12539=CARTESIAN_POINT('',(-0.00132593919888007,0.00023,-0.0072822531303295));
#12540=CARTESIAN_POINT('',(-0.001186591469767,0.000230000166666667,-0.00727218023256095));
#12541=CARTESIAN_POINT('',(-0.00118727859346034,0.000230000166666667,-0.00727222990201988));
#12542=CARTESIAN_POINT('',(-0.00118727859346034,0.000286666722222222,-0.00727222990201988));
#12543=CARTESIAN_POINT('',(-0.00118727859346034,0.000343333277777778,-0.00727222990201988));
#12544=CARTESIAN_POINT('',(-0.00118727859346034,0.000399999833333333,-0.00727222990201988));
#12545=CARTESIAN_POINT('',(-0.00133478724638763,0.000429999998215992,-0.00726750914730527));
#12546=CARTESIAN_POINT('',(-0.00133478724638763,0.00023,-0.00726750914730527));
#12547=CARTESIAN_POINT('',(-0.00123224008895367,0.000230000166666667,-0.00716080668604635));
#12548=CARTESIAN_POINT('',(-0.00123220375972476,0.000230000166666667,-0.00716076888472291));
#12549=CARTESIAN_POINT('',(-0.00123220419732869,0.00028666674999567,-0.00716076846416055));
#12550=CARTESIAN_POINT('',(-0.0012322046349352,0.000343333333324672,-0.00716076804360088));
#12551=CARTESIAN_POINT('',(-0.0012322050725443,0.000399999916653675,-0.0071607676230439));
#12552=CARTESIAN_POINT('',(-0.00134296735230644,0.000429999998215992,-0.0072792794935203));
#12553=CARTESIAN_POINT('',(-0.00134296735230644,0.00023,-0.0072792794935203));
#12554=CARTESIAN_POINT('',(-0.00135010891162789,0.000230000166666667,-0.007116656976744));
#12555=CARTESIAN_POINT('',(-0.00135009223336199,0.000230000166666667,-0.00711703676237235));
#12556=CARTESIAN_POINT('',(-0.00135009223336199,0.000286666722222222,-0.00711703676237235));
#12557=CARTESIAN_POINT('',(-0.00135009223336199,0.000343333277777778,-0.00711703676237235));
#12558=CARTESIAN_POINT('',(-0.00135009223336199,0.000399999833333333,-0.00711703676237235));
#12559=CARTESIAN_POINT('',(-0.0013558475777873,0.000429999998215992,-0.0072838080672477));
#12560=CARTESIAN_POINT('',(-0.0013558475777873,0.00023,-0.0072838080672477));
#12561=CARTESIAN_POINT('',(-0.00146934037965783,0.000230000166666667,-0.00716153343023943));
#12562=CARTESIAN_POINT('',(-0.00146943413746548,0.000230000166666667,-0.00716143241767386));
#12563=CARTESIAN_POINT('',(-0.0014694349373468,0.00028666674998601,-0.00716143316010725));
#12564=CARTESIAN_POINT('',(-0.00146943573722085,0.000343333333305354,-0.00716143390254847));
#12565=CARTESIAN_POINT('',(-0.00146943653708762,0.000399999916624698,-0.00716143464499755));
#12566=CARTESIAN_POINT('',(-0.00130316483484596,0.000429999998215992,-0.00731600159794988));
#12567=CARTESIAN_POINT('',(-0.00130316483484596,0.00023,-0.00731600159794988));
#12568=CARTESIAN_POINT('',(-0.00153065957195422,0.000230000166666667,-0.00729616267909056));
#12569=CARTESIAN_POINT('',(-0.00152992476096849,0.000399999833333333,-0.00729629339681009));
#12570=CARTESIAN_POINT('',(-0.001530659420349,0.00043,-0.007296162790698));
#12571=CARTESIAN_POINT('',(-0.001530659420349,0.00023,-0.007296162790698));
#12572=CARTESIAN_POINT('',(-0.00165259020825239,0.00023,-0.00727448620618191));
#12573=CARTESIAN_POINT('',(-0.00165259020825245,0.000399999833333333,-0.0072744862061819));
#12574=CARTESIAN_POINT('',(-0.00133753948288622,0.000429999998215992,-0.00731703243346665));
#12575=CARTESIAN_POINT('',(-0.00133753948288622,0.00023,-0.00731703243346665));
#12576=CARTESIAN_POINT('',(-0.001551099100581,0.000230000166666667,-0.007082318313953));
#12577=CARTESIAN_POINT('',(-0.00155148972344457,0.000230000166666667,-0.00708188899729438));
#12578=CARTESIAN_POINT('',(-0.00155148972344457,0.000286666722222222,-0.00708188899729438));
#12579=CARTESIAN_POINT('',(-0.00155148972344457,0.000343333277777778,-0.00708188899729438));
#12580=CARTESIAN_POINT('',(-0.00155148972344457,0.000399999833333333,-0.00708188899729438));
#12581=CARTESIAN_POINT('',(-0.00136369109656767,0.000429999998215992,-0.00730894176708904));
#12582=CARTESIAN_POINT('',(-0.00136369109656767,0.00023,-0.00730894176708904));
#12583=CARTESIAN_POINT('',(-0.00135283420233213,0.000230000166666667,-0.007014186046512));
#12584=CARTESIAN_POINT('',(-0.00135285374430634,0.000230000166666667,-0.00701471659515407));
#12585=CARTESIAN_POINT('',(-0.00135285374430634,0.000286666722222222,-0.00701471659515407));
#12586=CARTESIAN_POINT('',(-0.00135285374430634,0.000343333277777778,-0.00701471659515407));
#12587=CARTESIAN_POINT('',(-0.00135285374430634,0.000399999833333333,-0.00701471659515407));
#12588=CARTESIAN_POINT('',(-0.00134916437211628,0.000429999998215992,-0.00734021294748044));
#12589=CARTESIAN_POINT('',(-0.00134916437211628,0.00023,-0.00734021294748044));
#12590=CARTESIAN_POINT('',(-0.001202261891279,0.000230000166666667,-0.007049342296512));
#12591=CARTESIAN_POINT('',(-0.00120222930246315,0.000230000166666667,-0.00704927776982718));
#12592=CARTESIAN_POINT('',(-0.00120222930246315,0.000286666722222222,-0.00704927776982718));
#12593=CARTESIAN_POINT('',(-0.00120222930246315,0.000343333277777778,-0.00704927776982718));
#12594=CARTESIAN_POINT('',(-0.00120222930246315,0.000399999833333333,-0.00704927776982718));
#12595=CARTESIAN_POINT('',(-0.00131330162368812,0.000429999998215992,-0.00727776167171826));
#12596=CARTESIAN_POINT('',(-0.00131330162368812,0.00023,-0.00727776167171826));
#12597=CARTESIAN_POINT('',(-0.00109702024883699,0.000230000166666667,-0.007145227107558));
#12598=CARTESIAN_POINT('',(-0.00109690981646833,0.000230000166666667,-0.00714515943596187));
#12599=CARTESIAN_POINT('',(-0.00109690981646833,0.000286666722222222,-0.00714515943596187));
#12600=CARTESIAN_POINT('',(-0.00109690981646833,0.000343333277777778,-0.00714515943596187));
#12601=CARTESIAN_POINT('',(-0.00109690981646833,0.000399999833333333,-0.00714515943596187));
#12602=CARTESIAN_POINT('',(-0.00130675197315037,0.000429999998215992,-0.00727441801212801));
#12603=CARTESIAN_POINT('',(-0.00130675197315037,0.00023,-0.00727441801212801));
#12604=CARTESIAN_POINT('',(-0.001060546775,0.000230000166666667,-0.00727422420058042));
#12605=CARTESIAN_POINT('',(-0.00106051315820274,0.000230000166666667,-0.00727422417411802));
#12606=CARTESIAN_POINT('',(-0.00106051315820274,0.000286666722222222,-0.00727422417411802));
#12607=CARTESIAN_POINT('',(-0.00106051315820274,0.000343333277777778,-0.00727422417411802));
#12608=CARTESIAN_POINT('',(-0.00106051315820274,0.000399999833333333,-0.00727422417411802));
#12609=CARTESIAN_POINT('',(-0.00127174311640323,0.000429999998215992,-0.00727631379724306));
#12610=CARTESIAN_POINT('',(-0.00127174311640323,0.00023,-0.00727631379724306));
#12611=CARTESIAN_POINT('',(-0.00109529425989075,0.000230000166666667,-0.0073922747529582));
#12612=CARTESIAN_POINT('',(-0.00109529425040532,0.000230000166665642,-0.00739227488395771));
#12613=CARTESIAN_POINT('',(-0.0010952945561987,0.000286666749995328,-0.00739227534925944));
#12614=CARTESIAN_POINT('',(-0.00109529486199391,0.000343333333325015,-0.00739227581455996));
#12615=CARTESIAN_POINT('',(-0.00109529516779097,0.000399999916654701,-0.00739227627985927));
#12616=CARTESIAN_POINT('',(-0.00129095924271957,0.000429999998215992,-0.00725764843408949));
#12617=CARTESIAN_POINT('',(-0.00129095924271957,0.00023,-0.00725764843408949));
#12618=CARTESIAN_POINT('',(-0.00119817369899743,0.000230000166666667,-0.00747689495918694));
#12619=CARTESIAN_POINT('',(-0.00119829251510494,0.000230000166666667,-0.00747661483498253));
#12620=CARTESIAN_POINT('',(-0.00119829251510494,0.000286666722222222,-0.00747661483498253));
#12621=CARTESIAN_POINT('',(-0.00119829251510494,0.000343333277777778,-0.00747661483498253));
#12622=CARTESIAN_POINT('',(-0.00119829251510494,0.000399999833333333,-0.00747661483498253));
#12623=CARTESIAN_POINT('',(-0.00124269585604347,0.000429999998215992,-0.00770437777435017));
#12624=CARTESIAN_POINT('',(-0.00124269585604347,0.00023,-0.00770437777435017));
#12625=CARTESIAN_POINT('',(-0.00106054677499918,0.000230000166666667,-0.00756201489825707));
#12626=CARTESIAN_POINT('',(-0.00106035688523632,0.000230000166666667,-0.00756186648547157));
#12627=CARTESIAN_POINT('',(-0.00106035634237733,0.000286666749990875,-0.00756186718004355));
#12628=CARTESIAN_POINT('',(-0.00106035579952232,0.000343333333315083,-0.00756186787461864));
#12629=CARTESIAN_POINT('',(-0.00106035525667127,0.000399999916639291,-0.00756186856919683));
#12630=CARTESIAN_POINT('',(-0.00127192241004966,0.000429999998215992,-0.00771293568520959));
#12631=CARTESIAN_POINT('',(-0.00127192241004966,0.00023,-0.00771293568520959));
#12632=CARTESIAN_POINT('',(-0.001011491542442,0.000230000166666667,-0.0077236700581457));
#12633=CARTESIAN_POINT('',(-0.00101199933678948,0.000230000166666667,-0.00772364912800239));
#12634=CARTESIAN_POINT('',(-0.00101199933678948,0.000286666722222222,-0.00772364912800239));
#12635=CARTESIAN_POINT('',(-0.00101199933678948,0.000343333277777778,-0.00772364912800239));
#12636=CARTESIAN_POINT('',(-0.00101199933678948,0.000399999833333333,-0.00772364912800239));
#12637=CARTESIAN_POINT('',(-0.0013070067946624,0.000429999998215992,-0.00772862473854236));
#12638=CARTESIAN_POINT('',(-0.0013070067946624,0.00023,-0.00772862473854236));
#12639=CARTESIAN_POINT('',(-0.00110687671686,0.000230000166666667,-0.007946190043605));
#12640=CARTESIAN_POINT('',(-0.00110701901249311,0.000230000166666667,-0.00794603535125108));
#12641=CARTESIAN_POINT('',(-0.00110701901249311,0.000286666722222222,-0.00794603535125108));
#12642=CARTESIAN_POINT('',(-0.00110701901249311,0.000343333277777778,-0.00794603535125108));
#12643=CARTESIAN_POINT('',(-0.00110701901249311,0.000399999833333333,-0.00794603535125108));
#12644=CARTESIAN_POINT('',(-0.00133554567502067,0.000429999998215992,-0.00770259849735943));
#12645=CARTESIAN_POINT('',(-0.00133554567502067,0.00023,-0.00770259849735943));
#12646=CARTESIAN_POINT('',(-0.00134753215870208,0.00023,-0.00803682464553575));
#12647=CARTESIAN_POINT('',(-0.00134753215870184,0.000399999833333333,-0.00803682464553602));
#12648=CARTESIAN_POINT('',(-0.00135992617228816,0.000429999998215992,-0.00772451275714189));
#12649=CARTESIAN_POINT('',(-0.00135992617228816,0.00023,-0.00772451275714189));
#12650=CARTESIAN_POINT('',(-0.00156645157151199,0.000230000166666667,-0.00795863553779099));
#12651=CARTESIAN_POINT('',(-0.00156669099016197,0.000230000166666667,-0.00795890694925071));
#12652=CARTESIAN_POINT('',(-0.00156669099016197,0.000286666722222222,-0.00795890694925071));
#12653=CARTESIAN_POINT('',(-0.00156669099016197,0.000343333277777778,-0.00795890694925071));
#12654=CARTESIAN_POINT('',(-0.00156669099016197,0.000399999833333333,-0.00795890694925071));
#12655=CARTESIAN_POINT('',(-0.00136076418268397,0.000429999998215992,-0.00773353810441988));
#12656=CARTESIAN_POINT('',(-0.00136076418268397,0.00023,-0.00773353810441988));
#12657=CARTESIAN_POINT('',(-6.418049593023E-5,0.00043,-0.00802));
#12658=CARTESIAN_POINT('',(-6.418049593023E-5,0.00043,-0.00802));
#12659=CARTESIAN_POINT('',(-6.41804959302301E-5,0.00023,-0.00802));
#12660=CARTESIAN_POINT('',(-6.41804959302301E-5,0.00023,-0.00802));
#12661=CARTESIAN_POINT('',(-6.418049593023E-5,0.00023,-0.00702));
#12662=CARTESIAN_POINT('',(-6.418049593023E-5,0.00043,-0.00702));
#12663=CARTESIAN_POINT('',(-6.418049593023E-5,0.00043,-0.00702));
#12664=CARTESIAN_POINT('',(-6.41804959302301E-5,0.00023,-0.00702));
#12665=CARTESIAN_POINT('',(0.000312590859706245,0.000230000166666667,-0.00702));
#12666=CARTESIAN_POINT('',(0.000312590943023,0.000230000166666667,-0.00702));
#12667=CARTESIAN_POINT('',(0.000312590943023,0.000286666722222222,-0.00702));
#12668=CARTESIAN_POINT('',(0.000312590943023,0.000343333277777778,-0.00702));
#12669=CARTESIAN_POINT('',(0.000312590943023,0.000399999833333333,-0.00702));
#12670=CARTESIAN_POINT('',(0.000333372357278728,0.000429999998215992,-0.0079671685200977));
#12671=CARTESIAN_POINT('',(0.000333372357278728,0.00023,-0.0079671685200977));
#12672=CARTESIAN_POINT('',(0.000464525870174542,0.000230000166666667,-0.00702953851212464));
#12673=CARTESIAN_POINT('',(0.000464575340812272,0.000230000166666667,-0.00702918505589648));
#12674=CARTESIAN_POINT('',(0.000464575340812272,0.000286666722222222,-0.00702918505589648));
#12675=CARTESIAN_POINT('',(0.000464575340812272,0.000343333277777778,-0.00702918505589648));
#12676=CARTESIAN_POINT('',(0.000464575340812272,0.000399999833333334,-0.00702918505589648));
#12677=CARTESIAN_POINT('',(0.000422894154658935,0.000429999998215992,-0.00732939958421334));
#12678=CARTESIAN_POINT('',(0.000422894154658935,0.00023,-0.00732939958421334));
#12679=CARTESIAN_POINT('',(0.000587845303398311,0.000230000166666667,-0.00707618640982199));
#12680=CARTESIAN_POINT('',(0.000587989967241238,0.000230000166666665,-0.00707596433948593));
#12681=CARTESIAN_POINT('',(0.000587990800012746,0.000286666749988388,-0.00707596488197988));
#12682=CARTESIAN_POINT('',(0.00058799163278158,0.000343333333310112,-0.00707596542447795));
#12683=CARTESIAN_POINT('',(0.000587992465547741,0.000399999916631835,-0.00707596596698011));
#12684=CARTESIAN_POINT('',(0.000445636742250962,0.000429999998215992,-0.00727481423989341));
#12685=CARTESIAN_POINT('',(0.000445636742250962,0.00023,-0.00727481423989341));
#12686=CARTESIAN_POINT('',(0.00066787800697739,0.000230000166666667,-0.00717248001453578));
#12687=CARTESIAN_POINT('',(0.000667688811149523,0.000230000166666666,-0.0071725671325096));
#12688=CARTESIAN_POINT('',(0.000667689049682859,0.000286666749996165,-0.00717256765053717));
#12689=CARTESIAN_POINT('',(0.000667689288214382,0.000343333333325663,-0.00717256816856558));
#12690=CARTESIAN_POINT('',(0.000667689526744093,0.000399999916655161,-0.00717256868659482));
#12691=CARTESIAN_POINT('',(0.000392800238646303,0.000429999998215992,-0.00730477206045144));
#12692=CARTESIAN_POINT('',(0.000392800238646303,0.00023,-0.00730477206045144));
#12693=CARTESIAN_POINT('',(0.000698219576744,0.000230000166666667,-0.00730865370640385));
#12694=CARTESIAN_POINT('',(0.000698099758315693,0.000230000166666667,-0.00730865218359451));
#12695=CARTESIAN_POINT('',(0.000698099758315693,0.000286666722222222,-0.00730865218359451));
#12696=CARTESIAN_POINT('',(0.000698099758315693,0.000343333277777778,-0.00730865218359451));
#12697=CARTESIAN_POINT('',(0.000698099758315693,0.000399999833333333,-0.00730865218359451));
#12698=CARTESIAN_POINT('',(0.000391865141467273,0.000429999998215992,-0.00731710988082779));
#12699=CARTESIAN_POINT('',(0.000391865141467273,0.00023,-0.00731710988082779));
#12700=CARTESIAN_POINT('',(0.000617142178485165,0.000230000166666667,-0.00752413335756108));
#12701=CARTESIAN_POINT('',(0.000617237046868144,0.000230000166666667,-0.00752422053903906));
#12702=CARTESIAN_POINT('',(0.000617237046808138,0.000286666722222222,-0.00752422053910436));
#12703=CARTESIAN_POINT('',(0.000617237046748132,0.000343333277777778,-0.00752422053916965));
#12704=CARTESIAN_POINT('',(0.000617237046688126,0.000399999833333333,-0.00752422053923495));
#12705=CARTESIAN_POINT('',(0.000371112884127956,0.000429999998215992,-0.00720771484889278));
#12706=CARTESIAN_POINT('',(0.000371112884127956,0.00023,-0.00720771484889278));
#12707=CARTESIAN_POINT('',(0.000324172662607251,0.000230000166666667,-0.007612296511628));
#12708=CARTESIAN_POINT('',(0.000324173428488,0.000399999833333333,-0.007612296511628));
#12709=CARTESIAN_POINT('',(0.000324173428488,0.000343333277777778,-0.007612296511628));
#12710=CARTESIAN_POINT('',(0.000324173428488,0.000286666722222222,-0.007612296511628));
#12711=CARTESIAN_POINT('',(0.000324173428488,0.000230000166666667,-0.007612296511628));
#12712=CARTESIAN_POINT('',(0.000324173428488,0.00043,-0.007612296511628));
#12713=CARTESIAN_POINT('',(0.000324173428488,0.00023,-0.007612296511628));
#12714=CARTESIAN_POINT('',(6.79961029069799E-5,0.00023,-0.007612296511628));
#12715=CARTESIAN_POINT('',(6.799610290698E-5,0.00043,-0.007612296511628));
#12716=CARTESIAN_POINT('',(6.799610290698E-5,0.00043,-0.007612296511628));
#12717=CARTESIAN_POINT('',(6.79961029069799E-5,0.00023,-0.007612296511628));
#12718=CARTESIAN_POINT('',(6.79961029069799E-5,0.00023,-0.00802));
#12719=CARTESIAN_POINT('',(6.799610290698E-5,0.00043,-0.00802));
#12720=CARTESIAN_POINT('',(6.799610290698E-5,0.00043,-0.00802));
#12721=CARTESIAN_POINT('',(6.79961029069799E-5,0.00023,-0.00802));
#12722=CARTESIAN_POINT('',(0.00104047066686,0.00043,-0.00802));
#12723=CARTESIAN_POINT('',(0.00104047066686,0.00043,-0.00802));
#12724=CARTESIAN_POINT('',(0.00104047066686,0.00023,-0.00802));
#12725=CARTESIAN_POINT('',(0.00104047066686,0.00023,-0.00802));
#12726=CARTESIAN_POINT('',(0.000775436146511356,0.00023,-0.00702));
#12727=CARTESIAN_POINT('',(0.000775436146512,0.00043,-0.00702));
#12728=CARTESIAN_POINT('',(0.000775436146512,0.00043,-0.00702));
#12729=CARTESIAN_POINT('',(0.000775436146512,0.00023,-0.00702));
#12730=CARTESIAN_POINT('',(0.000911019358721,0.00023,-0.00702));
#12731=CARTESIAN_POINT('',(0.000911019358721,0.00043,-0.00702));
#12732=CARTESIAN_POINT('',(0.000911019358721,0.00043,-0.00702));
#12733=CARTESIAN_POINT('',(0.000911019358721,0.00023,-0.00702));
#12734=CARTESIAN_POINT('',(0.00106295431511602,0.000230000083333334,-0.007675659520349));
#12735=CARTESIAN_POINT('',(0.00106295431511604,0.000229999999999999,-0.00767565952034899));
#12736=CARTESIAN_POINT('',(0.00106295431511604,0.000286666666666666,-0.00767565952034899));
#12737=CARTESIAN_POINT('',(0.00106295431511604,0.000343333333333333,-0.00767565952034899));
#12738=CARTESIAN_POINT('',(0.00106295431511604,0.0004,-0.00767565952034899));
#12739=CARTESIAN_POINT('',(-0.00225823078756842,0.000429999998215992,-0.0084680523871827));
#12740=CARTESIAN_POINT('',(0.00110519625029369,0.00023,-0.00788032844640041));
#12741=CARTESIAN_POINT('',(0.00109338667175987,0.00023,-0.00781255968435508));
#12742=CARTESIAN_POINT('',(0.00107930602670064,0.00023,-0.00774433670900462));
#12743=CARTESIAN_POINT('',(0.001062954315116,0.00023,-0.007675659520349));
#12744=CARTESIAN_POINT('',(0.00110519633240092,0.000230000166666667,-0.00788032843209218));
#12745=CARTESIAN_POINT('',(0.00110523035976137,0.000399999833333333,-0.00788048294714216));
#12746=CARTESIAN_POINT('',(0.013170710337871,0.000429999998215992,-0.0107035530680955));
#12747=CARTESIAN_POINT('',(0.013170710337871,0.000229999999999992,-0.0107035530680955));
#12748=CARTESIAN_POINT('',(0.0011501635578768,0.000230000166666667,-0.00769541809394913));
#12749=CARTESIAN_POINT('',(0.001150163617442,0.0004,-0.007695417877907));
#12750=CARTESIAN_POINT('',(0.001150163617442,0.000343333388888889,-0.007695417877907));
#12751=CARTESIAN_POINT('',(0.001150163617442,0.000286666777777778,-0.007695417877907));
#12752=CARTESIAN_POINT('',(0.001150163617442,0.000230000166666667,-0.007695417877907));
#12753=CARTESIAN_POINT('',(0.001150163617442,0.00043,-0.007695417877907));
#12754=CARTESIAN_POINT('',(0.001150163617442,0.00023,-0.007695417877907));
#12755=CARTESIAN_POINT('',(0.00134025264360479,0.00023,-0.00702));
#12756=CARTESIAN_POINT('',(0.001340252643605,0.00043,-0.00702));
#12757=CARTESIAN_POINT('',(0.001340252643605,0.00043,-0.00702));
#12758=CARTESIAN_POINT('',(0.001340252643605,0.00023,-0.00702));
#12759=CARTESIAN_POINT('',(0.001499682149419,0.00023,-0.00702));
#12760=CARTESIAN_POINT('',(0.001499682149419,0.00043,-0.00702));
#12761=CARTESIAN_POINT('',(0.001499682149419,0.00043,-0.00702));
#12762=CARTESIAN_POINT('',(0.001499682149419,0.00023,-0.00702));
#12763=CARTESIAN_POINT('',(0.00164275988839068,0.000230000166666667,-0.00752622266693256));
#12764=CARTESIAN_POINT('',(0.0016427599110469,0.000230000166666666,-0.00752622274709303));
#12765=CARTESIAN_POINT('',(0.0016427599110469,0.000286666722222222,-0.00752622274709303));
#12766=CARTESIAN_POINT('',(0.0016427599110469,0.000343333277777778,-0.00752622274709303));
#12767=CARTESIAN_POINT('',(0.0016427599110469,0.000399999833333334,-0.00752622274709303));
#12768=CARTESIAN_POINT('',(-0.00094230360644824,0.000429999998215992,-0.00828127917425958));
#12769=CARTESIAN_POINT('',(-0.00094230360644824,0.00023,-0.00828127917425958));
#12770=CARTESIAN_POINT('',(0.00172043070842737,0.000230000166666667,-0.00788032834813136));
#12771=CARTESIAN_POINT('',(0.00172059509254699,0.000230000166666757,-0.00788030409093412));
#12772=CARTESIAN_POINT('',(0.00172059509108116,0.000286666722222312,-0.00788030408119948));
#12773=CARTESIAN_POINT('',(0.00172059508961534,0.000343333277777867,-0.00788030407146485));
#12774=CARTESIAN_POINT('',(0.00172059508814951,0.000399999833333422,-0.00788030406173022));
#12775=CARTESIAN_POINT('',(0.00656327736247658,0.000429999998215992,-0.00887503673459576));
#12776=CARTESIAN_POINT('',(0.00656327736247658,0.000229999999999997,-0.00887503673459576));
#12777=CARTESIAN_POINT('',(0.00177016727089897,0.000230000166666667,-0.00766266888708216));
#12778=CARTESIAN_POINT('',(0.001770167251163,0.000399999833333333,-0.007662668968023));
#12779=CARTESIAN_POINT('',(0.001770167251163,0.000343333277777778,-0.007662668968023));
#12780=CARTESIAN_POINT('',(0.001770167251163,0.000286666722222222,-0.007662668968023));
#12781=CARTESIAN_POINT('',(0.001770167251163,0.000230000166666666,-0.007662668968023));
#12782=CARTESIAN_POINT('',(0.001770167251163,0.00043,-0.007662668968023));
#12783=CARTESIAN_POINT('',(0.001770167251163,0.00023,-0.007662668968023));
#12784=CARTESIAN_POINT('',(0.00192687146627924,0.00023,-0.00702));
#12785=CARTESIAN_POINT('',(0.001926871466279,0.00043,-0.00702));
#12786=CARTESIAN_POINT('',(0.001926871466279,0.00043,-0.00702));
#12787=CARTESIAN_POINT('',(0.001926871466279,0.00023,-0.00702));
#12788=CARTESIAN_POINT('',(0.002059729387791,0.00023,-0.00702));
#12789=CARTESIAN_POINT('',(0.002059729387791,0.00043,-0.00702));
#12790=CARTESIAN_POINT('',(0.002059729387791,0.00043,-0.00702));
#12791=CARTESIAN_POINT('',(0.002059729387791,0.00023,-0.00702));
#12792=CARTESIAN_POINT('',(0.00178583767267455,0.00023,-0.00802));
#12793=CARTESIAN_POINT('',(0.001785837672674,0.00043,-0.00802));
#12794=CARTESIAN_POINT('',(0.001785837672674,0.00043,-0.00802));
#12795=CARTESIAN_POINT('',(0.001785837672674,0.00023,-0.00802));
#12796=CARTESIAN_POINT('',(0.001658430332558,0.00023,-0.00802));
#12797=CARTESIAN_POINT('',(0.001658430332558,0.00043,-0.00802));
#12798=CARTESIAN_POINT('',(0.001658430332558,0.00043,-0.00802));
#12799=CARTESIAN_POINT('',(0.001658430332558,0.00023,-0.00802));
#12800=CARTESIAN_POINT('',(0.0014479016483486,0.000230000166666667,-0.00725791795821572));
#12801=CARTESIAN_POINT('',(0.00144790162616295,0.000230000166666667,-0.00725791787790702));
#12802=CARTESIAN_POINT('',(0.00144790162616295,0.000286666722222223,-0.00725791787790701));
#12803=CARTESIAN_POINT('',(0.00144790162616295,0.000343333277777778,-0.00725791787790701));
#12804=CARTESIAN_POINT('',(0.00144790162616295,0.000399999833333333,-0.00725791787790701));
#12805=CARTESIAN_POINT('',(0.0051678058458496,0.000429999998215992,-0.006194294267032));
#12806=CARTESIAN_POINT('',(0.0051678058458496,0.00023,-0.006194294267032));
#12807=CARTESIAN_POINT('',(0.00141647412032955,0.00023,-0.00714080052224368));
#12808=CARTESIAN_POINT('',(0.00141647412048076,0.000399999833333333,-0.0071408005222416));
#12809=CARTESIAN_POINT('',(-0.000991142784759974,0.000429999998215992,-0.00660347281672281));
#12810=CARTESIAN_POINT('',(-0.000991142784759974,0.00023,-0.00660347281672281));
#12811=CARTESIAN_POINT('',(0.00138726388665612,0.000230000166666667,-0.00725791795521157));
#12812=CARTESIAN_POINT('',(0.00138726390814,0.000399999833333333,-0.007257917877907));
#12813=CARTESIAN_POINT('',(0.00138726390814,0.000343333277777778,-0.007257917877907));
#12814=CARTESIAN_POINT('',(0.00138726390814,0.000286666722222222,-0.007257917877907));
#12815=CARTESIAN_POINT('',(0.00138726390814,0.000230000166666667,-0.007257917877907));
#12816=CARTESIAN_POINT('',(0.00138726390814,0.00043,-0.007257917877907));
#12817=CARTESIAN_POINT('',(0.00138726390814,0.00023,-0.007257917877907));
#12818=CARTESIAN_POINT('',(0.00117537255639551,0.00023,-0.00802));
#12819=CARTESIAN_POINT('',(0.001175372556395,0.00043,-0.00802));
#12820=CARTESIAN_POINT('',(0.001175372556395,0.00043,-0.00802));
#12821=CARTESIAN_POINT('',(0.001175372556395,0.00023,-0.00802));
#12822=CARTESIAN_POINT('',(0.002617778079651,0.00043,-0.00802));
#12823=CARTESIAN_POINT('',(0.002617778079651,0.00043,-0.00802));
#12824=CARTESIAN_POINT('',(0.002617778079651,0.00023,-0.00802));
#12825=CARTESIAN_POINT('',(0.002617778079651,0.00023,-0.00802));
#12826=CARTESIAN_POINT('',(0.002617778079651,0.00023,-0.00702));
#12827=CARTESIAN_POINT('',(0.002617778079651,0.00043,-0.00702));
#12828=CARTESIAN_POINT('',(0.002617778079651,0.00043,-0.00702));
#12829=CARTESIAN_POINT('',(0.002617778079651,0.00023,-0.00702));
#12830=CARTESIAN_POINT('',(0.002816724300581,0.00023,-0.00702));
#12831=CARTESIAN_POINT('',(0.002816724300581,0.00043,-0.00702));
#12832=CARTESIAN_POINT('',(0.002816724300581,0.00043,-0.00702));
#12833=CARTESIAN_POINT('',(0.002816724300581,0.00023,-0.00702));
#12834=CARTESIAN_POINT('',(0.00305314324222294,0.000230000166666667,-0.00772821213027329));
#12835=CARTESIAN_POINT('',(0.00305314326860434,0.000230000166666666,-0.00772821220930222));
#12836=CARTESIAN_POINT('',(0.00305314326860434,0.000286666722222222,-0.00772821220930222));
#12837=CARTESIAN_POINT('',(0.00305314326860434,0.000343333277777778,-0.00772821220930222));
#12838=CARTESIAN_POINT('',(0.00305314326860434,0.000399999833333333,-0.00772821220930222));
#12839=CARTESIAN_POINT('',(-0.00436226533787875,0.000429999998215992,-0.0102038143707439));
#12840=CARTESIAN_POINT('',(-0.00436226533787875,0.00023,-0.0102038143707439));
#12841=CARTESIAN_POINT('',(0.0031008309309883,0.00023,-0.00787605272443917));
#12842=CARTESIAN_POINT('',(0.0031008309309883,0.000399999916666666,-0.00787605272443917));
#12843=CARTESIAN_POINT('',(0.0099697134308469,0.000429999998215992,-0.0100688513720505));
#12844=CARTESIAN_POINT('',(0.0099697134308469,0.000229999999999995,-0.0100688513720505));
#12845=CARTESIAN_POINT('',(0.00315397905149563,0.000230000166666667,-0.00771590290085889));
#12846=CARTESIAN_POINT('',(0.003153979024419,0.000399999833333333,-0.007715902979651));
#12847=CARTESIAN_POINT('',(0.003153979024419,0.000343333277777778,-0.007715902979651));
#12848=CARTESIAN_POINT('',(0.003153979024419,0.000286666722222222,-0.007715902979651));
#12849=CARTESIAN_POINT('',(0.003153979024419,0.000230000166666667,-0.007715902979651));
#12850=CARTESIAN_POINT('',(0.003153979024419,0.00043,-0.007715902979651));
#12851=CARTESIAN_POINT('',(0.003153979024419,0.00023,-0.007715902979651));
#12852=CARTESIAN_POINT('',(0.00339312328313986,0.00023,-0.00702));
#12853=CARTESIAN_POINT('',(0.00339312328314,0.00043,-0.00702));
#12854=CARTESIAN_POINT('',(0.00339312328314,0.00043,-0.00702));
#12855=CARTESIAN_POINT('',(0.00339312328314,0.00023,-0.00702));
#12856=CARTESIAN_POINT('',(0.003570948501163,0.00023,-0.00702));
#12857=CARTESIAN_POINT('',(0.003570948501163,0.00043,-0.00702));
#12858=CARTESIAN_POINT('',(0.003570948501163,0.00043,-0.00702));
#12859=CARTESIAN_POINT('',(0.003570948501163,0.00023,-0.00702));
#12860=CARTESIAN_POINT('',(0.003570948501163,0.00023,-0.00802));
#12861=CARTESIAN_POINT('',(0.003570948501163,0.00043,-0.00802));
#12862=CARTESIAN_POINT('',(0.003570948501163,0.00043,-0.00802));
#12863=CARTESIAN_POINT('',(0.003570948501163,0.00023,-0.00802));
#12864=CARTESIAN_POINT('',(0.003443541161047,0.00023,-0.00802));
#12865=CARTESIAN_POINT('',(0.003443541161047,0.00043,-0.00802));
#12866=CARTESIAN_POINT('',(0.003443541161047,0.00043,-0.00802));
#12867=CARTESIAN_POINT('',(0.003443541161047,0.00023,-0.00802));
#12868=CARTESIAN_POINT('',(0.003443541161047,0.00023,-0.007182836119186));
#12869=CARTESIAN_POINT('',(0.003443541161047,0.00043,-0.007182836119186));
#12870=CARTESIAN_POINT('',(0.003443541161047,0.00043,-0.007182836119186));
#12871=CARTESIAN_POINT('',(0.003443541161047,0.00023,-0.007182836119186));
#12872=CARTESIAN_POINT('',(0.00315329770174423,0.00023,-0.00802));
#12873=CARTESIAN_POINT('',(0.003153297701744,0.00043,-0.00802));
#12874=CARTESIAN_POINT('',(0.003153297701744,0.00043,-0.00802));
#12875=CARTESIAN_POINT('',(0.003153297701744,0.00023,-0.00802));
#12876=CARTESIAN_POINT('',(0.003034066233721,0.00023,-0.00802));
#12877=CARTESIAN_POINT('',(0.003034066233721,0.00043,-0.00802));
#12878=CARTESIAN_POINT('',(0.003034066233721,0.00043,-0.00802));
#12879=CARTESIAN_POINT('',(0.003034066233721,0.00023,-0.00802));
#12880=CARTESIAN_POINT('',(0.002745185419767,0.00023,-0.00716852834302168));
#12881=CARTESIAN_POINT('',(0.002745185419767,0.00043,-0.007168528343023));
#12882=CARTESIAN_POINT('',(0.002745185419767,0.00043,-0.007168528343023));
#12883=CARTESIAN_POINT('',(0.002745185419767,0.00023,-0.007168528343023));
#12884=CARTESIAN_POINT('',(0.002745185419767,0.00023,-0.00802));
#12885=CARTESIAN_POINT('',(0.002745185419767,0.00043,-0.00802));
#12886=CARTESIAN_POINT('',(0.002745185419767,0.00043,-0.00802));
#12887=CARTESIAN_POINT('',(0.002745185419767,0.00023,-0.00802));
#12888=CARTESIAN_POINT('',(-0.000510348781931343,0.000429999998215992,-0.00734166264316373));
#12889=CARTESIAN_POINT('',(-0.000853122345935476,0.000399999833333333,-0.00724026925625885));
#12890=CARTESIAN_POINT('',(-0.000853122345935476,0.000343333277777778,-0.00724026925625885));
#12891=CARTESIAN_POINT('',(-0.000853122345935476,0.000286666722222222,-0.00724026925625885));
#12892=CARTESIAN_POINT('',(-0.000853122345935476,0.000230000166666667,-0.00724026925625885));
#12893=CARTESIAN_POINT('',(-0.000853651793502583,0.000230000166666667,-0.00724011265714788));
#12894=CARTESIAN_POINT('',(-0.000510348781931343,0.00023,-0.00734166264316373));
#12895=CARTESIAN_POINT('',(-0.000746589866710496,0.00023,-0.00707340067241392));
#12896=CARTESIAN_POINT('',(-0.000746589866710223,0.000399999916666667,-0.00707340067241357));
#12897=CARTESIAN_POINT('',(-0.000575906441075731,0.000429999998215992,-0.00729131686811681));
#12898=CARTESIAN_POINT('',(-0.000575906441075731,0.00023,-0.00729131686811681));
#12899=CARTESIAN_POINT('',(-0.000564407603492769,0.000230000166666667,-0.007014186046512));
#12900=CARTESIAN_POINT('',(-0.000564431049585999,0.000230000166666667,-0.00701475111548982));
#12901=CARTESIAN_POINT('',(-0.000564431049585999,0.000286666722222222,-0.00701475111548982));
#12902=CARTESIAN_POINT('',(-0.000564431049585999,0.000343333277777778,-0.00701475111548982));
#12903=CARTESIAN_POINT('',(-0.000564431049585999,0.000399999833333333,-0.00701475111548982));
#12904=CARTESIAN_POINT('',(-0.000557038258457855,0.000429999998215992,-0.00730917659149532));
#12905=CARTESIAN_POINT('',(-0.000557038258457855,0.00023,-0.00730917659149532));
#12906=CARTESIAN_POINT('',(-0.000423373809886103,0.000230000166666667,-0.00704666242732488));
#12907=CARTESIAN_POINT('',(-0.000423267313389285,0.000230000166666667,-0.00704645327045149));
#12908=CARTESIAN_POINT('',(-0.000423266957048006,0.000286666749998121,-0.00704645345188993));
#12909=CARTESIAN_POINT('',(-0.000423266600707097,0.000343333333329575,-0.00704645363332909));
#12910=CARTESIAN_POINT('',(-0.000423266244366557,0.00039999991666103,-0.00704645381476898));
#12911=CARTESIAN_POINT('',(-0.000551815556374496,0.000429999998215992,-0.00728387235879753));
#12912=CARTESIAN_POINT('',(-0.000551815556374496,0.00023,-0.00728387235879753));
#12913=CARTESIAN_POINT('',(-0.000323219376235779,0.000230000166666667,-0.00714032158508828));
#12914=CARTESIAN_POINT('',(-0.000323314698197291,0.000230000166666667,-0.00714038144630949));
#12915=CARTESIAN_POINT('',(-0.000323314698423765,0.000286666722222223,-0.00714038144594885));
#12916=CARTESIAN_POINT('',(-0.000323314698650238,0.000343333277777778,-0.0071403814455882));
#12917=CARTESIAN_POINT('',(-0.000323314698876711,0.000399999833333334,-0.00714038144522756));
#12918=CARTESIAN_POINT('',(-0.00075323506444226,0.000429999998215992,-0.00740500304870871));
#12919=CARTESIAN_POINT('',(-0.00075323506444226,0.00023,-0.00740500304870871));
#12920=CARTESIAN_POINT('',(-0.000261219004072116,0.000230000166666667,-0.00728930417877732));
#12921=CARTESIAN_POINT('',(-0.000261454116536459,0.000230000166666686,-0.00728935954309897));
#12922=CARTESIAN_POINT('',(-0.000261454119871959,0.000286666722222239,-0.00728935952891456));
#12923=CARTESIAN_POINT('',(-0.000261454123207459,0.000343333277777792,-0.00728935951473014));
#12924=CARTESIAN_POINT('',(-0.00026145412654296,0.000399999833333345,-0.00728935950054573));
#12925=CARTESIAN_POINT('',(-0.00125854714360869,0.000429999998215992,-0.00749843106076685));
#12926=CARTESIAN_POINT('',(-0.00125854714360869,0.00023,-0.00749843106076685));
#12927=CARTESIAN_POINT('',(-0.000238735365116,0.000230000166666667,-0.00752617732558555));
#12928=CARTESIAN_POINT('',(-0.000239267426570605,0.000230000166666667,-0.00752616284965679));
#12929=CARTESIAN_POINT('',(-0.000239267426570605,0.000286666722222222,-0.00752616284965679));
#12930=CARTESIAN_POINT('',(-0.000239267426570605,0.000343333277777778,-0.00752616284965679));
#12931=CARTESIAN_POINT('',(-0.000239267426570605,0.000399999833333333,-0.00752616284965679));
#12932=CARTESIAN_POINT('',(-0.00118032429303852,0.000429999998215992,-0.00755679413292736));
#12933=CARTESIAN_POINT('',(-0.00118032429303852,0.00023,-0.00755679413292736));
#12934=CARTESIAN_POINT('',(-0.000274845463156457,0.000230000166666667,-0.0078108793493497));
#12935=CARTESIAN_POINT('',(-0.000274001233097948,0.000230000166666666,-0.0078111162597953));
#12936=CARTESIAN_POINT('',(-0.000274001233097948,0.000286666722222222,-0.0078111162597953));
#12937=CARTESIAN_POINT('',(-0.000274001233097948,0.000343333277777778,-0.0078111162597953));
#12938=CARTESIAN_POINT('',(-0.000274001233097948,0.000399999833333333,-0.0078111162597953));
#12939=CARTESIAN_POINT('',(-0.000618245987915885,0.000429999998215992,-0.00771017981729088));
#12940=CARTESIAN_POINT('',(-0.000618245987915885,0.00023,-0.00771017981729088));
#12941=CARTESIAN_POINT('',(-0.000381974304394576,0.00023,-0.00797823123862472));
#12942=CARTESIAN_POINT('',(-0.000381974304394858,0.000399999916666667,-0.00797823123862509));
#12943=CARTESIAN_POINT('',(-0.000552621382989389,0.000429999998215992,-0.00776037164186668));
#12944=CARTESIAN_POINT('',(-0.000552621382989389,0.00023,-0.00776037164186668));
#12945=CARTESIAN_POINT('',(-0.000566400428726938,0.00023,-0.00803676514257061));
#12946=CARTESIAN_POINT('',(-0.000566400428726843,0.000399999833333333,-0.00803676514257127));
#12947=CARTESIAN_POINT('',(-0.000577657949739683,0.000429999998215992,-0.00776400215604214));
#12948=CARTESIAN_POINT('',(-0.000577657949739683,0.00023,-0.00776400215604214));
#12949=CARTESIAN_POINT('',(-0.000791288054478865,0.000230000166666667,-0.00793356286285421));
#12950=CARTESIAN_POINT('',(-0.000791485721946153,0.000230000166666667,-0.00793371975216035));
#12951=CARTESIAN_POINT('',(-0.000791485722918045,0.000286666722222222,-0.00793371975093586));
#12952=CARTESIAN_POINT('',(-0.000791485723889937,0.000343333277777778,-0.00793371974971137));
#12953=CARTESIAN_POINT('',(-0.000791485724861829,0.000399999833333333,-0.00793371974848688));
#12954=CARTESIAN_POINT('',(-0.000202823097379681,0.000429999998215992,-0.00758660171289821));
#12955=CARTESIAN_POINT('',(-0.000202823097379682,0.00023,-0.00758660171289821));
#12956=CARTESIAN_POINT('',(-0.00089007984186,0.000230000166666667,-0.00752617732559843));
#12957=CARTESIAN_POINT('',(-0.000886971955657967,0.000230000166666667,-0.00752645057443759));
#12958=CARTESIAN_POINT('',(-0.000886971955657967,0.000286666722222222,-0.00752645057443759));
#12959=CARTESIAN_POINT('',(-0.000886971955657967,0.000343333277777778,-0.00752645057443759));
#12960=CARTESIAN_POINT('',(-0.000886971955657967,0.000399999833333333,-0.00752645057443759));
#12961=CARTESIAN_POINT('',(4.97883428963748E-5,0.000429999998215992,-0.0074949883886156));
#12962=CARTESIAN_POINT('',(4.97883428963747E-5,0.00023,-0.0074949883886156));
#12963=CARTESIAN_POINT('',(0.002093386727907,0.00043,-0.007717674418605));
#12964=CARTESIAN_POINT('',(0.002093386727907,0.00043,-0.007717674418605));
#12965=CARTESIAN_POINT('',(0.002093386727907,0.00023,-0.007717674418605));
#12966=CARTESIAN_POINT('',(0.002093386727907,0.00023,-0.007717674418605));
#12967=CARTESIAN_POINT('',(0.002093386727907,0.00023,-0.007595581395349));
#12968=CARTESIAN_POINT('',(0.002093386727907,0.00043,-0.007595581395349));
#12969=CARTESIAN_POINT('',(0.002093386727907,0.00043,-0.007595581395349));
#12970=CARTESIAN_POINT('',(0.002093386727907,0.00023,-0.007595581395349));
#12971=CARTESIAN_POINT('',(0.00247015816686,0.00023,-0.007595581395349));
#12972=CARTESIAN_POINT('',(0.00247015816686,0.00043,-0.007595581395349));
#12973=CARTESIAN_POINT('',(0.00247015816686,0.00043,-0.007595581395349));
#12974=CARTESIAN_POINT('',(0.00247015816686,0.00023,-0.007595581395349));
#12975=CARTESIAN_POINT('',(0.00247015816686,0.00023,-0.007717674418605));
#12976=CARTESIAN_POINT('',(0.00247015816686,0.00043,-0.007717674418605));
#12977=CARTESIAN_POINT('',(0.00247015816686,0.00043,-0.007717674418605));
#12978=CARTESIAN_POINT('',(0.00247015816686,0.00023,-0.007717674418605));
#12979=CARTESIAN_POINT('',(1.09442178452E-19,0.005,-0.006975900438011));
#12980=CARTESIAN_POINT('',(-0.00301845689139743,0.005,-0.00697054890152275));
#12981=CARTESIAN_POINT('',(-0.003326904169767,0.00500000016666667,-0.00641886627907));
#12982=CARTESIAN_POINT('',(-0.00302358025529153,0.005,-0.00633883795469111));
#12983=CARTESIAN_POINT('',(-0.00306039589201722,0.005,-0.00691832593770995));
#12984=CARTESIAN_POINT('',(-0.003557463762791,0.00500000016666667,-0.006647191133721));
#12985=CARTESIAN_POINT('',(-0.00301174117690665,0.005,-0.00695934703058631));
#12986=CARTESIAN_POINT('',(-0.0036401818377613,0.005,-0.00695716293764943));
#12987=CARTESIAN_POINT('',(-0.0030143516723018,0.005,-0.00695445301359238));
#12988=CARTESIAN_POINT('',(-0.00355866289069801,0.00500000016666667,-0.00726381540697699));
#12989=CARTESIAN_POINT('',(-0.00305544728649192,0.005,-0.00699007351774093));
#12990=CARTESIAN_POINT('',(-0.00333055605930201,0.00500000016666667,-0.007492521802326));
#12991=CARTESIAN_POINT('',(-0.00302184100443122,0.005,-0.00695065614757973));
#12992=CARTESIAN_POINT('',(-0.00302338918570524,0.005,-0.00757406934528243));
#12993=CARTESIAN_POINT('',(-0.00302534774560358,0.005,-0.00695035258637542));
#12994=CARTESIAN_POINT('',(-0.00271654806511601,0.00500000016666667,-0.007492521802326));
#12995=CARTESIAN_POINT('',(-0.0029933466080416,0.005,-0.00698757783832988));
#12996=CARTESIAN_POINT('',(-0.002488059693023,0.00500000016666667,-0.00726381540697699));
#12997=CARTESIAN_POINT('',(-0.00302972245519355,0.005,-0.00695436326013155));
#12998=CARTESIAN_POINT('',(-0.00240615482339216,0.005,-0.00695715170351789));
#12999=CARTESIAN_POINT('',(-0.00303236269336777,0.005,-0.00695943712577559));
#13000=CARTESIAN_POINT('',(-0.00248925882093001,0.00500000016666667,-0.006647191133721));
#13001=CARTESIAN_POINT('',(-0.00298822838794271,0.005,-0.00692073162007643));
#13002=CARTESIAN_POINT('',(-0.002720254460465,0.00500000016666667,-0.00641886627907));
#13003=CARTESIAN_POINT('',(-0.00302870173883578,0.005,-0.00697054890152669));
#13004=CARTESIAN_POINT('',(-0.001154193413953,0.005,-0.007300334302326));
#13005=CARTESIAN_POINT('',(-0.00129972378436189,0.00500000016666667,-0.00727744196888127));
#13006=CARTESIAN_POINT('',(-0.00115514133759444,0.005,-0.00730018519074195));
#13007=CARTESIAN_POINT('',(-0.00149795429504022,0.005,-0.00725940272528897));
#13008=CARTESIAN_POINT('',(-0.00136796564767742,0.00500000008333333,-0.00740885572914896));
#13009=CARTESIAN_POINT('',(-0.00150824254629294,0.005,-0.00720979585087875));
#13010=CARTESIAN_POINT('',(-0.0015259460719085,0.005,-0.00745351967310552));
#13011=CARTESIAN_POINT('',(-0.0015443659887382,0.005,-0.00721525023314493));
#13012=CARTESIAN_POINT('',(-0.00167499646619388,0.00500000016666667,-0.00741397892448927));
#13013=CARTESIAN_POINT('',(-0.0016040529428074,0.005,-0.00731622580762984));
#13014=CARTESIAN_POINT('',(-0.00172405169883517,0.00500000008333333,-0.00731892041833201));
#13015=CARTESIAN_POINT('',(-0.00163717371283735,0.005,-0.00731745978325773));
#13016=CARTESIAN_POINT('',(-0.00168071955306423,0.00500000016666667,-0.00724195856047724));
#13017=CARTESIAN_POINT('',(-0.00138491363389891,0.005,-0.00792070844823496));
#13018=CARTESIAN_POINT('',(-0.00153028353022605,0.00500000016666667,-0.00719301235464914));
#13019=CARTESIAN_POINT('',(-0.00185519395129093,0.005,-0.0057393636519522));
#13020=CARTESIAN_POINT('',(-0.00130582886979713,0.00500000008333333,-0.00712242745942899));
#13021=CARTESIAN_POINT('',(-0.00139470001601761,0.005,-0.00692336262279482));
#13022=CARTESIAN_POINT('',(-0.00121098826276396,0.00500000008333333,-0.00704001419330792));
#13023=CARTESIAN_POINT('',(-0.00139682025643046,0.005,-0.0069260034550183));
#13024=CARTESIAN_POINT('',(-0.001178721030233,0.00500000016666667,-0.00692369912790795));
#13025=CARTESIAN_POINT('',(-0.00140169536028698,0.005,-0.00692173567741512));
#13026=CARTESIAN_POINT('',(-0.00120526537693118,0.00500000016666667,-0.0068163771518218));
#13027=CARTESIAN_POINT('',(-0.00141518074957289,0.005,-0.00692867045375087));
#13028=CARTESIAN_POINT('',(-0.00127764962162265,0.00500000008333333,-0.00673434553321243));
#13029=CARTESIAN_POINT('',(-0.00144946398458742,0.005,-0.00699000506600565));
#13030=CARTESIAN_POINT('',(-0.00137123702788919,0.00500000008333333,-0.00669150392755784));
#13031=CARTESIAN_POINT('',(-0.00149470135295254,0.005,-0.00712038329849207));
#13032=CARTESIAN_POINT('',(-0.00149839762907572,0.00500000016666667,-0.006673953488372));
#13033=CARTESIAN_POINT('',(-0.00150941066342763,0.005,-0.00717535735499231));
#13034=CARTESIAN_POINT('',(-0.00167783076799057,0.00500000016666667,-0.00670360465092711));
#13035=CARTESIAN_POINT('',(-0.00160054957861577,0.005,-0.00693760389022961));
#13036=CARTESIAN_POINT('',(-0.00179215330119504,0.005,-0.0067834466570219));
#13037=CARTESIAN_POINT('',(-0.00152609817495371,0.005,-0.0069584353480969));
#13038=CARTESIAN_POINT('',(-0.00184215374399608,0.005,-0.00691950881891381));
#13039=CARTESIAN_POINT('',(-0.001842601844186,0.005,-0.006919447674419));
#13040=CARTESIAN_POINT('',(-0.00169838598241927,0.005,-0.00693911347375079));
#13041=CARTESIAN_POINT('',(-0.00154227912316067,0.005,-0.00695562622611412));
#13042=CARTESIAN_POINT('',(-0.00164185693138314,0.00500000016666667,-0.00683452761626948));
#13043=CARTESIAN_POINT('',(-0.00152348749463522,0.005,-0.00700770300217042));
#13044=CARTESIAN_POINT('',(-0.00150902626278841,0.00500000016666667,-0.006796918604651));
#13045=CARTESIAN_POINT('',(-0.00148661499498321,0.005,-0.00705049379341247));
#13046=CARTESIAN_POINT('',(-0.00136431332678362,0.00500000016666667,-0.00683005813950469));
#13047=CARTESIAN_POINT('',(-0.00141675046578993,0.005,-0.00691133632087835));
#13048=CARTESIAN_POINT('',(-0.00132098120468609,0.00500000008333333,-0.00690756684974001));
#13049=CARTESIAN_POINT('',(-0.00140052431262625,0.005,-0.00690803487220655));
#13050=CARTESIAN_POINT('',(-0.00133896875360937,0.00500000008333333,-0.00695847465854653));
#13051=CARTESIAN_POINT('',(-0.0014379505339307,0.005,-0.00687298237036102));
#13052=CARTESIAN_POINT('',(-0.00139537456008471,0.005,-0.00699722461708971));
#13053=CARTESIAN_POINT('',(-0.00226299177826511,0.005,-0.00418033019164435));
#13054=CARTESIAN_POINT('',(-0.00152537800698504,0.00500000016666667,-0.00703440043604906));
#13055=CARTESIAN_POINT('',(-0.00106053450731756,0.005,-0.00893647079283996));
#13056=CARTESIAN_POINT('',(-0.0017432374577743,0.00500000008333333,-0.00710231455702341));
#13057=CARTESIAN_POINT('',(-0.00166065701701896,0.005,-0.00730687521358405));
#13058=CARTESIAN_POINT('',(-0.00184014945893082,0.00500000008333333,-0.0071791139118589));
#13059=CARTESIAN_POINT('',(-0.00166083320868648,0.005,-0.00729577110771208));
#13060=CARTESIAN_POINT('',(-0.00187530533255789,0.00500000016666667,-0.00730431336296097));
#13061=CARTESIAN_POINT('',(-0.00163100320596773,0.005,-0.00730333725436849));
#13062=CARTESIAN_POINT('',(-0.00183235468849874,0.00500000016666667,-0.00744210401877357));
#13063=CARTESIAN_POINT('',(-0.00160431953589438,0.005,-0.00728477705771171));
#13064=CARTESIAN_POINT('',(-0.00170851639632206,0.00500000008333333,-0.0075420680878448));
#13065=CARTESIAN_POINT('',(-0.00153390673094888,0.005,-0.00712350040376951));
#13066=CARTESIAN_POINT('',(-0.00152537800696583,0.00500000016666667,-0.007577441860465));
#13067=CARTESIAN_POINT('',(-0.00149484848867062,0.005,-0.00715962837716174));
#13068=CARTESIAN_POINT('',(-0.00126740198960714,0.00500000016666667,-0.00750756540703381));
#13069=CARTESIAN_POINT('',(-0.00147832608568292,0.005,-0.00726055587817664));
#13070=CARTESIAN_POINT('',(-0.000316984111628,0.005,-0.007300334302326));
#13071=CARTESIAN_POINT('',(-0.000462514482036888,0.00500000016666667,-0.00727744196888127));
#13072=CARTESIAN_POINT('',(-0.000317931846070166,0.005,-0.00730018504798785));
#13073=CARTESIAN_POINT('',(-0.000660744992709521,0.005,-0.00725940272528775));
#13074=CARTESIAN_POINT('',(-0.000530756345351418,0.00500000008333333,-0.00740885572914896));
#13075=CARTESIAN_POINT('',(-0.000671033243927969,0.005,-0.00720979585099797));
#13076=CARTESIAN_POINT('',(-0.000688736769236511,0.005,-0.00745351967312383));
#13077=CARTESIAN_POINT('',(-0.000707156686187693,0.005,-0.0072152502325478));
#13078=CARTESIAN_POINT('',(-0.000837787163867881,0.00500000016666667,-0.00741397892448927));
#13079=CARTESIAN_POINT('',(-0.000766843640483188,0.005,-0.00731622580762941));
#13080=CARTESIAN_POINT('',(-0.000886842396510173,0.00500000008333333,-0.00731892041833196));
#13081=CARTESIAN_POINT('',(-0.000799964410529864,0.005,-0.00731745978324996));
#13082=CARTESIAN_POINT('',(-0.000843510250739226,0.00500000016666667,-0.00724195856047724));
#13083=CARTESIAN_POINT('',(-0.000547704329592827,0.005,-0.00792070845430914));
#13084=CARTESIAN_POINT('',(-0.000693074227900051,0.00500000016666667,-0.00719301235464914));
#13085=CARTESIAN_POINT('',(-0.00101798464923923,0.005,-0.00573936365109402));
#13086=CARTESIAN_POINT('',(-0.000468619567472133,0.00500000008333333,-0.00712242745942899));
#13087=CARTESIAN_POINT('',(-0.000557490713695685,0.005,-0.00692336262278911));
#13088=CARTESIAN_POINT('',(-0.000373778960437981,0.00500000008333333,-0.00704001419330795));
#13089=CARTESIAN_POINT('',(-0.000559610954104456,0.005,-0.0069260034550183));
#13090=CARTESIAN_POINT('',(-0.000341511727907,0.00500000016666667,-0.00692369912790795));
#13091=CARTESIAN_POINT('',(-0.000564486057960978,0.005,-0.00692173567741512));
#13092=CARTESIAN_POINT('',(-0.000368056074605141,0.00500000016666667,-0.00681637715182187));
#13093=CARTESIAN_POINT('',(-0.000577971447253774,0.005,-0.00692867045375856));
#13094=CARTESIAN_POINT('',(-0.000440440319297629,0.00500000008333333,-0.00673434553321244));
#13095=CARTESIAN_POINT('',(-0.000612254682256284,0.005,-0.00699000506599263));
#13096=CARTESIAN_POINT('',(-0.000534027725564223,0.00500000008333333,-0.00669150392755783));
#13097=CARTESIAN_POINT('',(-0.000657492050578181,0.005,-0.00712038329811281));
#13098=CARTESIAN_POINT('',(-0.000661188326749723,0.00500000016666667,-0.006673953488372));
#13099=CARTESIAN_POINT('',(-0.000672201361101637,0.005,-0.00717535735499231));
#13100=CARTESIAN_POINT('',(-0.000840621465664569,0.00500000016666667,-0.00670360465092711));
#13101=CARTESIAN_POINT('',(-0.000763340276287116,0.005,-0.00693760389023568));
#13102=CARTESIAN_POINT('',(-0.000954943998870239,0.005,-0.00678344665702218));
#13103=CARTESIAN_POINT('',(-0.000688888872619096,0.005,-0.00695843534809811));
#13104=CARTESIAN_POINT('',(-0.00100494444167008,0.005,-0.00691950881891381));
#13105=CARTESIAN_POINT('',(-0.00100539254186,0.005,-0.006919447674419));
#13106=CARTESIAN_POINT('',(-0.000861176680093258,0.005,-0.00693911347375079));
#13107=CARTESIAN_POINT('',(-0.000705069820838162,0.005,-0.00695562622611128));
#13108=CARTESIAN_POINT('',(-0.000804647629058133,0.00500000016666667,-0.00683452761626948));
#13109=CARTESIAN_POINT('',(-0.000686278192262562,0.005,-0.00700770300230968));
#13110=CARTESIAN_POINT('',(-0.000671816960462411,0.00500000016666667,-0.006796918604651));
#13111=CARTESIAN_POINT('',(-0.000649405692657587,0.005,-0.00705049379340987));
#13112=CARTESIAN_POINT('',(-0.000527104024458622,0.00500000016666667,-0.00683005813950469));
#13113=CARTESIAN_POINT('',(-0.00057954116347074,0.005,-0.00691133632086172));
#13114=CARTESIAN_POINT('',(-0.000483771902361091,0.00500000008333333,-0.00690756684973981));
#13115=CARTESIAN_POINT('',(-0.000563315010304018,0.005,-0.00690803487220684));
#13116=CARTESIAN_POINT('',(-0.000501759451283348,0.00500000008333333,-0.0069584746585465));
#13117=CARTESIAN_POINT('',(-0.000600741231609318,0.005,-0.00687298237035454));
#13118=CARTESIAN_POINT('',(-0.000558165257758719,0.005,-0.00699722461708971));
#13119=CARTESIAN_POINT('',(-0.00142578247593925,0.005,-0.00418033019164384));
#13120=CARTESIAN_POINT('',(-0.00068816870465904,0.00500000016666667,-0.00703440043604906));
#13121=CARTESIAN_POINT('',(-0.000223325204832749,0.005,-0.00893647079334976));
#13122=CARTESIAN_POINT('',(-0.000906028155448301,0.00500000008333333,-0.00710231455702341));
#13123=CARTESIAN_POINT('',(-0.000823447714694933,0.005,-0.00730687521358403));
#13124=CARTESIAN_POINT('',(-0.00100294015660581,0.00500000008333333,-0.00717911391185888));
#13125=CARTESIAN_POINT('',(-0.000823623906364669,0.005,-0.00729577110771216));
#13126=CARTESIAN_POINT('',(-0.00103809603023289,0.00500000016666667,-0.00730431336296101));
#13127=CARTESIAN_POINT('',(-0.000793793903646718,0.005,-0.00730333725436822));
#13128=CARTESIAN_POINT('',(-0.000995145386172745,0.00500000016666667,-0.00744210401877356));
#13129=CARTESIAN_POINT('',(-0.00076711023357286,0.005,-0.00728477705771765));
#13130=CARTESIAN_POINT('',(-0.000871307093997071,0.00500000008333333,-0.00754206808784479));
#13131=CARTESIAN_POINT('',(-0.000696697429157169,0.005,-0.00712350040695251));
#13132=CARTESIAN_POINT('',(-0.000688168704639826,0.00500000016666667,-0.007577441860465));
#13133=CARTESIAN_POINT('',(-0.000657639186345367,0.005,-0.00715962837715961));
#13134=CARTESIAN_POINT('',(-0.000430192687281145,0.00500000016666667,-0.0075075654070338));
#13135=CARTESIAN_POINT('',(-0.000641116783373877,0.005,-0.00726055587817763));
#13136=CARTESIAN_POINT('',(0.000357068634201435,0.005,-0.00703827313625837));
#13137=CARTESIAN_POINT('',(0.000146370072566436,0.00500000016666667,-0.00754898992334655));
#13138=CARTESIAN_POINT('',(-1.10429113280057E-5,0.00500000016666667,-0.00745126106673493));
#13139=CARTESIAN_POINT('',(0.000304623335526565,0.005,-0.00712044855873524));
#13140=CARTESIAN_POINT('',(0.000308633620939402,0.00500000016666667,-0.007577441860465));
#13141=CARTESIAN_POINT('',(0.000331958176729327,0.005,-0.00725719837368428));
#13142=CARTESIAN_POINT('',(0.000528563999380281,0.00500000008333333,-0.00750778395670246));
#13143=CARTESIAN_POINT('',(0.000376072815283519,0.005,-0.00733681803435612));
#13144=CARTESIAN_POINT('',(0.000605417777907,0.00500000016666667,-0.00732965843024048));
#13145=CARTESIAN_POINT('',(0.000369240787508361,0.005,-0.00732665787526889));
#13146=CARTESIAN_POINT('',(0.000576420684883991,0.00500000016666667,-0.00721356104651199));
#13147=CARTESIAN_POINT('',(0.000365082340777617,0.005,-0.00732716838792232));
#13148=CARTESIAN_POINT('',(0.000500322579179955,0.005,-0.00712907724763556));
#13149=CARTESIAN_POINT('',(0.000301512140092665,0.005,-0.00742750097170927));
#13150=CARTESIAN_POINT('',(0.00039448027735755,0.00500000016666667,-0.00708111191845999));
#13151=CARTESIAN_POINT('',(0.000150980670998305,0.005,-0.00815052256843234));
#13152=CARTESIAN_POINT('',(0.000263666324403875,0.00500000016666667,-0.00705909156976525));
#13153=CARTESIAN_POINT('',(0.000392043364944269,0.005,-0.00563673840403749));
#13154=CARTESIAN_POINT('',(1.260823557588E-6,0.005,-0.00700970860398421));
#13155=CARTESIAN_POINT('',(0.00219858993951022,0.005,-0.00694054154375849));
#13156=CARTESIAN_POINT('',(4.03243023347864E-7,0.00500000016666667,-0.00697095576287457));
#13157=CARTESIAN_POINT('',(0.000163437720019279,0.005,-0.00695271034403815));
#13158=CARTESIAN_POINT('',(4.08256224019596E-5,0.005,-0.00684557933207812));
#13159=CARTESIAN_POINT('',(0.000189564929664135,0.005,-0.00705025684709262));
#13160=CARTESIAN_POINT('',(0.000209220863121843,0.005,-0.00679800714746971));
#13161=CARTESIAN_POINT('',(0.000230878884813008,0.005,-0.00706347918783453));
#13162=CARTESIAN_POINT('',(0.000363159706460331,0.005,-0.00683229471961882));
#13163=CARTESIAN_POINT('',(0.000208834785319228,0.005,-0.00700239035825694));
#13164=CARTESIAN_POINT('',(0.000435209675666048,0.005,-0.00696362031071777));
#13165=CARTESIAN_POINT('',(0.000436177225581,0.005,-0.006963488372093));
#13166=CARTESIAN_POINT('',(0.000579640593730913,0.005,-0.00694392518552714));
#13167=CARTESIAN_POINT('',(0.000220948203039049,0.005,-0.00700660956248055));
#13168=CARTESIAN_POINT('',(0.000516091601640978,0.005,-0.00679334930712099));
#13169=CARTESIAN_POINT('',(0.000298256478947368,0.005,-0.00697582577585722));
#13170=CARTESIAN_POINT('',(0.000385486818111427,0.00500000016666667,-0.00670491279051829));
#13171=CARTESIAN_POINT('',(0.000200530798752104,0.005,-0.00725150242295021));
#13172=CARTESIAN_POINT('',(0.000188448301163136,0.00500000016666667,-0.006673953488372));
#13173=CARTESIAN_POINT('',(0.000169846849241889,0.005,-0.00720586740120677));
#13174=CARTESIAN_POINT('',(7.76153260884045E-6,0.00500000016666667,-0.00670006177148958));
#13175=CARTESIAN_POINT('',(8.13835132243864E-5,0.005,-0.00693069735586384));
#13176=CARTESIAN_POINT('',(-9.44373704655788E-5,0.00500000008333333,-0.00676574188070155));
#13177=CARTESIAN_POINT('',(8.75042363525634E-5,0.005,-0.00690853573382889));
#13178=CARTESIAN_POINT('',(-0.00014022177939929,0.00500000016666667,-0.00686570505613236));
#13179=CARTESIAN_POINT('',(0.000751328371096489,0.005,-0.00697684860514588));
#13180=CARTESIAN_POINT('',(-0.00014758004186,0.00500000016666667,-0.00700109746703802));
#13181=CARTESIAN_POINT('',(-0.00014758004186,0.005,-0.007001097383721));
#13182=CARTESIAN_POINT('',(-0.00014758004186,0.00500000016666667,-0.0071969366899568));
#13183=CARTESIAN_POINT('',(-0.00257013827660306,0.005,-0.0072522306091066));
#13184=CARTESIAN_POINT('',(-0.000156955195454638,0.00500000008333333,-0.00745600378956726));
#13185=CARTESIAN_POINT('',(-0.00047869941041823,0.005,-0.00739931234568064));
#13186=CARTESIAN_POINT('',(-0.000194182287450006,0.00500000016666667,-0.00755999991665835));
#13187=CARTESIAN_POINT('',(-0.000194182512791,0.005,-0.00756));
#13188=CARTESIAN_POINT('',(-4.02969095843796E-5,0.005,-0.00756));
#13189=CARTESIAN_POINT('',(-0.00033176601273017,0.005,-0.00742376276146197));
#13190=CARTESIAN_POINT('',(0.001950893795349,0.005,-0.00756));
#13191=CARTESIAN_POINT('',(0.001950893795349,0.005,-0.006691395348837));
#13192=CARTESIAN_POINT('',(0.001950893795349,0.005,-0.00756));
#13193=CARTESIAN_POINT('',(0.001950893795349,0.005,-0.006691395348837));
#13194=CARTESIAN_POINT('',(0.001819262254651,0.005,-0.006691395348837));
#13195=CARTESIAN_POINT('',(0.001819262254651,0.005,-0.006691395348837));
#13196=CARTESIAN_POINT('',(0.001819262254651,0.005,-0.00681424081555357));
#13197=CARTESIAN_POINT('',(0.00156060943778167,0.005,-0.00698191439110567));
#13198=CARTESIAN_POINT('',(0.0017105228383186,0.00500000008333333,-0.00671248891854123));
#13199=CARTESIAN_POINT('',(0.00156213566751145,0.005,-0.00698155411368617));
#13200=CARTESIAN_POINT('',(0.00155599917325437,0.00500000016666667,-0.006673953488372));
#13201=CARTESIAN_POINT('',(0.00154260617078213,0.005,-0.00696337447289204));
#13202=CARTESIAN_POINT('',(0.00139782330117329,0.00500000016666667,-0.00671374273255135));
#13203=CARTESIAN_POINT('',(0.00151222427956774,0.005,-0.00689279558517781));
#13204=CARTESIAN_POINT('',(0.00131072298653456,0.00500000016666667,-0.00682493441007715));
#13205=CARTESIAN_POINT('',(0.00104220257149593,0.005,-0.00698477583961699));
#13206=CARTESIAN_POINT('',(0.00104255440582,0.00500000016666667,-0.006673953488372));
#13207=CARTESIAN_POINT('',(0.00102332377135454,0.005,-0.00694059384836885));
#13208=CARTESIAN_POINT('',(0.000843879613809159,0.00500000008333333,-0.00674535723502278));
#13209=CARTESIAN_POINT('',(0.00108491065625799,0.005,-0.00693775918270418));
#13210=CARTESIAN_POINT('',(0.000774385801163,0.00500000016666667,-0.00696523264144859));
#13211=CARTESIAN_POINT('',(0.000774385801163,0.005,-0.00696523255814));
#13212=CARTESIAN_POINT('',(0.000774385801163,0.005,-0.00756));
#13213=CARTESIAN_POINT('',(0.000774385801163,0.005,-0.00756));
#13214=CARTESIAN_POINT('',(0.000920733911628,0.005,-0.00756));
#13215=CARTESIAN_POINT('',(0.000920733911628,0.005,-0.00756));
#13216=CARTESIAN_POINT('',(0.000920733911628,0.00500000016666667,-0.00701357929843463));
#13217=CARTESIAN_POINT('',(0.00134653074429037,0.005,-0.00699321787085433));
#13218=CARTESIAN_POINT('',(0.000935069094952278,0.00500000008333333,-0.00688658024939855));
#13219=CARTESIAN_POINT('',(0.00104985109885942,0.005,-0.00692950589300639));
#13220=CARTESIAN_POINT('',(0.000986959330812432,0.00500000008333333,-0.00682411646665875));
#13221=CARTESIAN_POINT('',(0.00107093540392516,0.005,-0.00696270527671507));
#13222=CARTESIAN_POINT('',(0.00107525789419281,0.00500000016666667,-0.006800406976744));
#13223=CARTESIAN_POINT('',(0.00108185391880755,0.005,-0.00700571035643065));
#13224=CARTESIAN_POINT('',(0.00122733006160315,0.00500000008333333,-0.00686129092255788));
#13225=CARTESIAN_POINT('',(0.00101372937657141,0.005,-0.00702978471990566));
#13226=CARTESIAN_POINT('',(0.001287830568605,0.00500000016666667,-0.00705603932749701));
#13227=CARTESIAN_POINT('',(0.001287830568605,0.005,-0.007056039244186));
#13228=CARTESIAN_POINT('',(0.001287830568605,0.005,-0.00756));
#13229=CARTESIAN_POINT('',(0.001287830568605,0.005,-0.00756));
#13230=CARTESIAN_POINT('',(0.001434996266279,0.005,-0.00756));
#13231=CARTESIAN_POINT('',(0.001434996266279,0.005,-0.00756));
#13232=CARTESIAN_POINT('',(0.001434996266279,0.00500000024999812,-0.00699641639199188));
#13233=CARTESIAN_POINT('',(0.00168928974385831,0.005,-0.00697730417195458));
#13234=CARTESIAN_POINT('',(0.00146951438219175,0.005,-0.006849825008304));
#13235=CARTESIAN_POINT('',(0.00157478744762534,0.005,-0.00693810401826002));
#13236=CARTESIAN_POINT('',(0.00158870266162473,0.00500000016666667,-0.006800406976744));
#13237=CARTESIAN_POINT('',(0.00158997163209302,0.005,-0.00701415817992996));
#13238=CARTESIAN_POINT('',(0.00170360109252941,0.00500000016666667,-0.00683311057357282));
#13239=CARTESIAN_POINT('',(0.0016050502723802,0.005,-0.00698966224719698));
#13240=CARTESIAN_POINT('',(0.00178001806951999,0.00500000016666667,-0.00692865915940225));
#13241=CARTESIAN_POINT('',(0.00124785938874946,0.005,-0.00708596050537891));
#13242=CARTESIAN_POINT('',(0.001803728097674,0.00500000016666667,-0.00710994557749959));
#13243=CARTESIAN_POINT('',(0.001803728097674,0.005,-0.007109945494186));
#13244=CARTESIAN_POINT('',(0.001803728097674,0.005,-0.00756));
#13245=CARTESIAN_POINT('',(0.001803728097674,0.005,-0.00756));
#13246=CARTESIAN_POINT('',(0.0031799999,0.005,-0.00756));
#13247=CARTESIAN_POINT('',(0.00271969830116318,0.005,-0.00636));
#13248=CARTESIAN_POINT('',(0.0031799999,0.005,-0.00756));
#13249=CARTESIAN_POINT('',(0.002719698301163,0.005,-0.00636));
#13250=CARTESIAN_POINT('',(0.002548822574419,0.005,-0.00636));
#13251=CARTESIAN_POINT('',(0.002548822574419,0.005,-0.00636));
#13252=CARTESIAN_POINT('',(0.00205827024883744,0.005,-0.00756));
#13253=CARTESIAN_POINT('',(0.002058270248837,0.005,-0.00756));
#13254=CARTESIAN_POINT('',(0.002238957022093,0.005,-0.00756));
#13255=CARTESIAN_POINT('',(0.002238957022093,0.005,-0.00756));
#13256=CARTESIAN_POINT('',(0.00237876443488387,0.005,-0.007198953488372));
#13257=CARTESIAN_POINT('',(0.002378764434884,0.005,-0.007198953488372));
#13258=CARTESIAN_POINT('',(0.002879945394186,0.005,-0.007198953488372));
#13259=CARTESIAN_POINT('',(0.002879945394186,0.005,-0.007198953488372));
#13260=CARTESIAN_POINT('',(0.0030115769348839,0.005,-0.00756));
#13261=CARTESIAN_POINT('',(0.003011576934884,0.005,-0.00756));
#13262=CARTESIAN_POINT('',(-0.003037851014939,0.00023,-0.007523798723402));
#13263=CARTESIAN_POINT('',(-0.002147683609714,0.00023,-0.007357218219432));
#13264=CARTESIAN_POINT('',(-0.001314237314071,0.00023,-0.007528378159067));
#13265=CARTESIAN_POINT('',(0.000231917294689,0.00023,-0.007410455003081));
#13266=CARTESIAN_POINT('',(6.79961029069799E-5,0.00023,-0.007496744186047));
#13267=CARTESIAN_POINT('',(6.79961029069799E-5,0.00023,-0.007496744186047));
#13268=CARTESIAN_POINT('',(0.000326217313200014,0.000230000166666667,-0.007496744186047));
#13269=CARTESIAN_POINT('',(6.79961029069799E-5,0.00023,-0.007135552325581));
#13270=CARTESIAN_POINT('',(6.79961029069799E-5,0.00023,-0.007135552325581));
#13271=CARTESIAN_POINT('',(0.000323492105814,0.00023,-0.007135552325581));
#13272=CARTESIAN_POINT('',(0.000323483632481032,0.000230000249998674,-0.007135552325581));
#13273=CARTESIAN_POINT('',(0.000345950847186331,0.00023,-0.00774719883295121));
#13274=CARTESIAN_POINT('',(0.000446811502889841,0.000230000166666667,-0.00714450036149748));
#13275=CARTESIAN_POINT('',(0.000407786092616542,0.00023,-0.0072870762598269));
#13276=CARTESIAN_POINT('',(0.000530250826744008,0.000230000166666667,-0.00720413880814));
#13277=CARTESIAN_POINT('',(0.000377579313998817,0.00023,-0.00730687130938569));
#13278=CARTESIAN_POINT('',(0.00056195504186,0.000230000166666667,-0.00731269622093402));
#13279=CARTESIAN_POINT('',(0.000388324260581539,0.00023,-0.00732397534048811));
#13280=CARTESIAN_POINT('',(0.000508130550573377,0.000230000166666667,-0.00744850654070482));
#13281=CARTESIAN_POINT('',(0.000354013100236105,0.00023,-0.00721456893484417));
#13282=CARTESIAN_POINT('',(0.001416621858065,0.00023,-0.007492588148037));
#13283=CARTESIAN_POINT('',(0.003094517681604,0.00023,-0.007537261449389));
#13284=CARTESIAN_POINT('',(-0.000563856275053,0.00023,-0.007525283389838));
#13285=CARTESIAN_POINT('',(-7.94145087309957E-5,0.00023,-0.00758788165125119));
#13286=CARTESIAN_POINT('',(-0.000761354756088636,0.00023,-0.00752611196524029));
#13287=CARTESIAN_POINT('',(-0.000706486092108607,0.000230000166666667,-0.00785348473801997));
#13288=CARTESIAN_POINT('',(-8.43217645982834E-5,0.00023,-0.00746632060196192));
#13289=CARTESIAN_POINT('',(-0.000700672138518745,0.000230000166666667,-0.00718824127928184));
#13290=CARTESIAN_POINT('',(-0.000568841831236368,0.00023,-0.00727314603660234));
#13291=CARTESIAN_POINT('',(-0.000565770248836773,0.000230000166666667,-0.007116656976744));
#13292=CARTESIAN_POINT('',(-0.000568876931249534,0.00023,-0.00728674548032036));
#13293=CARTESIAN_POINT('',(-0.000422374536373634,0.000230000166666667,-0.00719782521838126));
#13294=CARTESIAN_POINT('',(-0.00104927377166874,0.00023,-0.00746344634214452));
#13295=CARTESIAN_POINT('',(-0.000364780059884,0.000230000166666667,-0.00752581395349409));
#13296=CARTESIAN_POINT('',(-0.00104855943460364,0.00023,-0.00758757502046242));
#13297=CARTESIAN_POINT('',(-0.000422374536144295,0.000230000166666667,-0.00785316678710359));
#13298=CARTESIAN_POINT('',(-0.000568755273296497,0.00023,-0.00776619496016202));
#13299=CARTESIAN_POINT('',(-0.000564171032304604,0.00023,-0.00793549952103994));
#13300=CARTESIAN_POINT('',(-0.000560185928879018,0.00023,-0.00776594424143272));
#13301=CARTESIAN_POINT('',(0.002281772447384,0.00023,-0.007656627906977));
#13302=CARTESIAN_POINT('',(-0.00301845689139743,0.00498000000106913,-0.00697054890152275));
#13303=CARTESIAN_POINT('',(-0.00302358119546962,0.00498000000106913,-0.00633883796231623));
#13304=CARTESIAN_POINT('',(-0.00302358025529153,0.00518,-0.00633883795469111));
#13305=CARTESIAN_POINT('',(-0.00301845689139743,0.00518,-0.00697054890152275));
#13306=CARTESIAN_POINT('',(-0.003326904169767,0.00517999983333333,-0.00641886627907));
#13307=CARTESIAN_POINT('',(-0.00332674644032152,0.00517999983333333,-0.00641914839079613));
#13308=CARTESIAN_POINT('',(-0.00332674644032152,0.00511999994444445,-0.00641914839079613));
#13309=CARTESIAN_POINT('',(-0.00332674644032152,0.00506000005555556,-0.00641914839079613));
#13310=CARTESIAN_POINT('',(-0.00332674644032152,0.00500000016666667,-0.00641914839079613));
#13311=CARTESIAN_POINT('',(-0.00302870173883578,0.00498000000106913,-0.00697054890152669));
#13312=CARTESIAN_POINT('',(-0.00272041218991049,0.00500000016666667,-0.00641914839079615));
#13313=CARTESIAN_POINT('',(-0.00272041218991049,0.00506000005555556,-0.00641914839079615));
#13314=CARTESIAN_POINT('',(-0.00272041218991049,0.00511999994444445,-0.00641914839079615));
#13315=CARTESIAN_POINT('',(-0.00272041218991049,0.00517999983333333,-0.00641914839079615));
#13316=CARTESIAN_POINT('',(-0.002720254460465,0.00517999983333333,-0.00641886627907));
#13317=CARTESIAN_POINT('',(-0.00302870173883578,0.00518,-0.00697054890152669));
#13318=CARTESIAN_POINT('',(-0.00298822838794271,0.00498000000106913,-0.00692073162007643));
#13319=CARTESIAN_POINT('',(-0.00248937331901669,0.00500000016666667,-0.00664725390280431));
#13320=CARTESIAN_POINT('',(-0.00248937331901669,0.00506000005555556,-0.00664725390280431));
#13321=CARTESIAN_POINT('',(-0.00248937331901669,0.00511999994444444,-0.00664725390280431));
#13322=CARTESIAN_POINT('',(-0.00248937331901669,0.00517999983333333,-0.00664725390280431));
#13323=CARTESIAN_POINT('',(-0.00248925882093001,0.00517999983333333,-0.006647191133721));
#13324=CARTESIAN_POINT('',(-0.00298822838794271,0.00518,-0.00692073162007643));
#13325=CARTESIAN_POINT('',(-0.00303236269336777,0.00498000000106913,-0.00695943712577559));
#13326=CARTESIAN_POINT('',(-0.00240615482339216,0.00500000016666667,-0.00695715170351789));
#13327=CARTESIAN_POINT('',(-0.00240615482339216,0.00518,-0.00695715170351789));
#13328=CARTESIAN_POINT('',(-0.00303236269336777,0.00518,-0.00695943712577559));
#13329=CARTESIAN_POINT('',(-0.00302972245519355,0.00498000000106913,-0.00695436326013155));
#13330=CARTESIAN_POINT('',(-0.00248827882774858,0.00500000016666667,-0.00726369021522299));
#13331=CARTESIAN_POINT('',(-0.00248827882774858,0.00506000005555556,-0.00726369021522299));
#13332=CARTESIAN_POINT('',(-0.00248827882774858,0.00511999994444445,-0.00726369021522299));
#13333=CARTESIAN_POINT('',(-0.00248827882774858,0.00517999983333333,-0.00726369021522299));
#13334=CARTESIAN_POINT('',(-0.002488059693023,0.00517999983333333,-0.00726381540697699));
#13335=CARTESIAN_POINT('',(-0.00302972245519355,0.00518,-0.00695436326013155));
#13336=CARTESIAN_POINT('',(-0.0029933466080416,0.00498000000106913,-0.00698757783832988));
#13337=CARTESIAN_POINT('',(-0.0027165767110288,0.00500000016666667,-0.00749246954561754));
#13338=CARTESIAN_POINT('',(-0.0027165767110288,0.00506000005555556,-0.00749246954561754));
#13339=CARTESIAN_POINT('',(-0.0027165767110288,0.00511999994444445,-0.00749246954561754));
#13340=CARTESIAN_POINT('',(-0.0027165767110288,0.00517999983333333,-0.00749246954561754));
#13341=CARTESIAN_POINT('',(-0.00271654806511601,0.00517999983333333,-0.007492521802326));
#13342=CARTESIAN_POINT('',(-0.0029933466080416,0.00518,-0.00698757783832988));
#13343=CARTESIAN_POINT('',(-0.00302534774560358,0.00498000000106913,-0.00695035258637542));
#13344=CARTESIAN_POINT('',(-0.00302338918570524,0.00500000016666667,-0.00757406934528243));
#13345=CARTESIAN_POINT('',(-0.00302338918570524,0.00518,-0.00757406934528243));
#13346=CARTESIAN_POINT('',(-0.00302534774560358,0.00518,-0.00695035258637542));
#13347=CARTESIAN_POINT('',(-0.00302184100443122,0.00498000000106913,-0.00695065614757973));
#13348=CARTESIAN_POINT('',(-0.00333044611830587,0.00500000016666667,-0.00749232883068788));
#13349=CARTESIAN_POINT('',(-0.00333044611830587,0.00506000005555556,-0.00749232883068788));
#13350=CARTESIAN_POINT('',(-0.00333044611830587,0.00511999994444445,-0.00749232883068788));
#13351=CARTESIAN_POINT('',(-0.00333044611830587,0.00517999983333333,-0.00749232883068788));
#13352=CARTESIAN_POINT('',(-0.00333055605930201,0.00517999983333333,-0.007492521802326));
#13353=CARTESIAN_POINT('',(-0.00302184100443122,0.00518,-0.00695065614757973));
#13354=CARTESIAN_POINT('',(-0.00305544728649192,0.00498000000106913,-0.00699007351774093));
#13355=CARTESIAN_POINT('',(-0.00355858765426102,0.00500000016666667,-0.00726377447946158));
#13356=CARTESIAN_POINT('',(-0.00355858765426102,0.00506000005555556,-0.00726377447946158));
#13357=CARTESIAN_POINT('',(-0.00355858765426102,0.00511999994444445,-0.00726377447946158));
#13358=CARTESIAN_POINT('',(-0.00355858765426102,0.00517999983333333,-0.00726377447946158));
#13359=CARTESIAN_POINT('',(-0.00355866289069801,0.00517999983333333,-0.00726381540697699));
#13360=CARTESIAN_POINT('',(-0.00305544728649192,0.00518,-0.00699007351774093));
#13361=CARTESIAN_POINT('',(-0.0030143516723018,0.00498000000106913,-0.00695445301359238));
#13362=CARTESIAN_POINT('',(-0.0036401818377613,0.00500000016666667,-0.00695716293764943));
#13363=CARTESIAN_POINT('',(-0.0036401818377613,0.00518,-0.00695716293764943));
#13364=CARTESIAN_POINT('',(-0.0030143516723018,0.00518,-0.00695445301359238));
#13365=CARTESIAN_POINT('',(-0.00301174117690665,0.00498000000106913,-0.00695934703058631));
#13366=CARTESIAN_POINT('',(-0.00355724832607759,0.00500000016666667,-0.00664731436453869));
#13367=CARTESIAN_POINT('',(-0.00355724832607759,0.00506000005555556,-0.00664731436453869));
#13368=CARTESIAN_POINT('',(-0.00355724832607759,0.00511999994444445,-0.00664731436453869));
#13369=CARTESIAN_POINT('',(-0.00355724832607759,0.00517999983333333,-0.00664731436453869));
#13370=CARTESIAN_POINT('',(-0.003557463762791,0.00517999983333333,-0.006647191133721));
#13371=CARTESIAN_POINT('',(-0.00301174117690665,0.00518,-0.00695934703058631));
#13372=CARTESIAN_POINT('',(-0.00306039589201722,0.00498000000106913,-0.00691832593770995));
#13373=CARTESIAN_POINT('',(-0.00306039589201722,0.00518,-0.00691832593770995));
#13374=CARTESIAN_POINT('',(-0.001154193413953,0.00498,-0.007300334302326));
#13375=CARTESIAN_POINT('',(-0.00115514133759427,0.00500000016666667,-0.00730018519074198));
#13376=CARTESIAN_POINT('',(-0.00115514133759444,0.00518,-0.00730018519074195));
#13377=CARTESIAN_POINT('',(-0.001154193413953,0.00518,-0.007300334302326));
#13378=CARTESIAN_POINT('',(-0.00129972378436185,0.00517999983333333,-0.00727744196888128));
#13379=CARTESIAN_POINT('',(-0.00130027080187829,0.00500000016666667,-0.0072773558368097));
#13380=CARTESIAN_POINT('',(-0.00147832608568292,0.00498000000106913,-0.00726055587817664));
#13381=CARTESIAN_POINT('',(-0.00126688663576694,0.00500000016666667,-0.00750816892878289));
#13382=CARTESIAN_POINT('',(-0.00126688663576694,0.00506000005555556,-0.00750816892878289));
#13383=CARTESIAN_POINT('',(-0.00126688663576694,0.00511999994444445,-0.00750816892878289));
#13384=CARTESIAN_POINT('',(-0.00126688663576694,0.00517999983333333,-0.00750816892878289));
#13385=CARTESIAN_POINT('',(-0.00126740198957108,0.00517999983333333,-0.0075075654070054));
#13386=CARTESIAN_POINT('',(-0.00147832608568292,0.00518,-0.00726055587817664));
#13387=CARTESIAN_POINT('',(-0.00149484848867062,0.00498000000106913,-0.00715962837716174));
#13388=CARTESIAN_POINT('',(-0.00152526277865817,0.00500000016666667,-0.00757586489666286));
#13389=CARTESIAN_POINT('',(-0.00152526277865817,0.00506000005555556,-0.00757586489666286));
#13390=CARTESIAN_POINT('',(-0.00152526277865817,0.00511999994444445,-0.00757586489666286));
#13391=CARTESIAN_POINT('',(-0.00152526277865817,0.00517999983333333,-0.00757586489666286));
#13392=CARTESIAN_POINT('',(-0.00152537800696583,0.00517999983333333,-0.007577441860465));
#13393=CARTESIAN_POINT('',(-0.00149484848867062,0.00518,-0.00715962837716174));
#13394=CARTESIAN_POINT('',(-0.00153390673094888,0.00498000000106913,-0.00712350040376951));
#13395=CARTESIAN_POINT('',(-0.00170860547311905,0.00500000008338543,-0.00754228811601591));
#13396=CARTESIAN_POINT('',(-0.00170860662729452,0.00506000000003473,-0.00754228763454762));
#13397=CARTESIAN_POINT('',(-0.00170860778146799,0.00511999991668403,-0.00754228715307457));
#13398=CARTESIAN_POINT('',(-0.00170860893563948,0.00517999983333334,-0.00754228667159674));
#13399=CARTESIAN_POINT('',(-0.00170851754181512,0.00517999983333333,-0.00754206758722862));
#13400=CARTESIAN_POINT('',(-0.00153390673094888,0.00518,-0.00712350040376951));
#13401=CARTESIAN_POINT('',(-0.00160431953589438,0.00498000000106913,-0.00728477705771171));
#13402=CARTESIAN_POINT('',(-0.00183255338444448,0.00500000016666709,-0.00744224137932348));
#13403=CARTESIAN_POINT('',(-0.00183255344881347,0.00506000005555584,-0.007442241286025));
#13404=CARTESIAN_POINT('',(-0.0018325535131824,0.00511999994444459,-0.00744224119272647));
#13405=CARTESIAN_POINT('',(-0.00183255357755128,0.00517999983333333,-0.00744224109942791));
#13406=CARTESIAN_POINT('',(-0.00183235475116301,0.00517999983333333,-0.00744210392441899));
#13407=CARTESIAN_POINT('',(-0.00160431953589438,0.00518,-0.00728477705771171));
#13408=CARTESIAN_POINT('',(-0.00163100320596773,0.00498000000106913,-0.00730333725436849));
#13409=CARTESIAN_POINT('',(-0.00187538423193593,0.00500000016666729,-0.00730431395072619));
#13410=CARTESIAN_POINT('',(-0.0018753842324805,0.00506000005555597,-0.00730431381446707));
#13411=CARTESIAN_POINT('',(-0.00187538423302496,0.00511999994444465,-0.00730431367820794));
#13412=CARTESIAN_POINT('',(-0.00187538423356931,0.00517999983333333,-0.00730431354194882));
#13413=CARTESIAN_POINT('',(-0.001875305332558,0.00517999983333333,-0.00730431322674373));
#13414=CARTESIAN_POINT('',(-0.00163100320596773,0.00518,-0.00730333725436849));
#13415=CARTESIAN_POINT('',(-0.00166083320868648,0.00498000000106913,-0.00729577110771208));
#13416=CARTESIAN_POINT('',(-0.00184043128239357,0.00500000008334677,-0.0071789321385437));
#13417=CARTESIAN_POINT('',(-0.00184043094808196,0.00506000000000927,-0.00717893162465933));
#13418=CARTESIAN_POINT('',(-0.00184043061376815,0.00511999991667177,-0.00717893111077639));
#13419=CARTESIAN_POINT('',(-0.00184043027945214,0.00517999983333426,-0.00717893059689489));
#13420=CARTESIAN_POINT('',(-0.00184014910864292,0.00517999983333333,-0.00717911340950164));
#13421=CARTESIAN_POINT('',(-0.00166083320868648,0.00518,-0.00729577110771208));
#13422=CARTESIAN_POINT('',(-0.00166065701701896,0.00498000000106913,-0.00730687521358405));
#13423=CARTESIAN_POINT('',(-0.00174317526461414,0.00500000008333333,-0.00710246945111848));
#13424=CARTESIAN_POINT('',(-0.00174317526461414,0.00506,-0.00710246945111848));
#13425=CARTESIAN_POINT('',(-0.00174317526461414,0.00511999991666667,-0.00710246945111848));
#13426=CARTESIAN_POINT('',(-0.00174317526461414,0.00517999983333333,-0.00710246945111848));
#13427=CARTESIAN_POINT('',(-0.00174323760156688,0.00517999983333333,-0.00710231461863033));
#13428=CARTESIAN_POINT('',(-0.00166065701701896,0.00518,-0.00730687521358405));
#13429=CARTESIAN_POINT('',(-0.00106053450731756,0.00498000000106913,-0.00893647079283996));
#13430=CARTESIAN_POINT('',(-0.00152528332287346,0.00500000016666667,-0.0070347878692944));
#13431=CARTESIAN_POINT('',(-0.00152528332287346,0.00506000005555556,-0.0070347878692944));
#13432=CARTESIAN_POINT('',(-0.00152528332287346,0.00511999994444444,-0.0070347878692944));
#13433=CARTESIAN_POINT('',(-0.00152528332287346,0.00517999983333333,-0.0070347878692944));
#13434=CARTESIAN_POINT('',(-0.00152537800143245,0.00517999983333333,-0.00703440043455155));
#13435=CARTESIAN_POINT('',(-0.00106053450731756,0.00518,-0.00893647079283996));
#13436=CARTESIAN_POINT('',(-0.00226299177826511,0.00498000000106913,-0.00418033019164435));
#13437=CARTESIAN_POINT('',(-0.00139531460735544,0.00500000000001048,-0.00699744593216746));
#13438=CARTESIAN_POINT('',(-0.00139531453112173,0.00505999991667002,-0.00699744590868733));
#13439=CARTESIAN_POINT('',(-0.00139531445488802,0.00511999983332956,-0.0069974458852072));
#13440=CARTESIAN_POINT('',(-0.00139531437865431,0.0051799997499891,-0.00699744586172706));
#13441=CARTESIAN_POINT('',(-0.00139538975890741,0.0051799997500006,-0.00699723043688663));
#13442=CARTESIAN_POINT('',(-0.00226299177826511,0.00518,-0.00418033019164435));
#13443=CARTESIAN_POINT('',(-0.0014379505339307,0.00498000000106913,-0.00687298237036102));
#13444=CARTESIAN_POINT('',(-0.00133875983689541,0.00500000008336906,-0.00695865784090545));
#13445=CARTESIAN_POINT('',(-0.00133875915984577,0.00506000000002382,-0.00695865705705185));
#13446=CARTESIAN_POINT('',(-0.00133875848280543,0.00511999991667858,-0.00695865627319024));
#13447=CARTESIAN_POINT('',(-0.00133875780577437,0.00517999983333333,-0.00695865548932059));
#13448=CARTESIAN_POINT('',(-0.00133896812327798,0.00517999983333333,-0.00695847383723777));
#13449=CARTESIAN_POINT('',(-0.0014379505339307,0.00518,-0.00687298237036102));
#13450=CARTESIAN_POINT('',(-0.00140052431262625,0.00498000000106913,-0.00690803487220655));
#13451=CARTESIAN_POINT('',(-0.00132098505111208,0.00500000008340272,-0.00690756975774665));
#13452=CARTESIAN_POINT('',(-0.00132098505954807,0.00506000000004626,-0.00690756831510853));
#13453=CARTESIAN_POINT('',(-0.0013209850680233,0.0051199999166898,-0.00690756687247063));
#13454=CARTESIAN_POINT('',(-0.00132098507653778,0.00517999983333333,-0.00690756542983297));
#13455=CARTESIAN_POINT('',(-0.001320981204651,0.00517999983333333,-0.00690756540697672));
#13456=CARTESIAN_POINT('',(-0.00140052431262625,0.00518,-0.00690803487220655));
#13457=CARTESIAN_POINT('',(-0.00141675046578993,0.00498000000106913,-0.00691133632087835));
#13458=CARTESIAN_POINT('',(-0.00136459483845249,0.00500000016666667,-0.00683049448598924));
#13459=CARTESIAN_POINT('',(-0.00136459483845249,0.00506000005555556,-0.00683049448598924));
#13460=CARTESIAN_POINT('',(-0.00136459483845249,0.00511999994444444,-0.00683049448598924));
#13461=CARTESIAN_POINT('',(-0.00136459483845249,0.00517999983333333,-0.00683049448598924));
#13462=CARTESIAN_POINT('',(-0.00136431332676381,0.00517999983333333,-0.00683005813951984));
#13463=CARTESIAN_POINT('',(-0.00141675046578993,0.00518,-0.00691133632087835));
#13464=CARTESIAN_POINT('',(-0.00148661499498321,0.00498000000106913,-0.00705049379341247));
#13465=CARTESIAN_POINT('',(-0.00150892754683939,0.00500000016666667,-0.00679803553905548));
#13466=CARTESIAN_POINT('',(-0.00150892754683939,0.00506000005555556,-0.00679803553905548));
#13467=CARTESIAN_POINT('',(-0.00150892754683939,0.00511999994444444,-0.00679803553905548));
#13468=CARTESIAN_POINT('',(-0.00150892754683939,0.00517999983333333,-0.00679803553905548));
#13469=CARTESIAN_POINT('',(-0.00150902626278841,0.00517999983333333,-0.006796918604651));
#13470=CARTESIAN_POINT('',(-0.00148661499498321,0.00518,-0.00705049379341247));
#13471=CARTESIAN_POINT('',(-0.00152348749463522,0.00498000000106913,-0.00700770300217042));
#13472=CARTESIAN_POINT('',(-0.00164228653915777,0.00500000016666667,-0.006833899096775));
#13473=CARTESIAN_POINT('',(-0.00164228653915918,0.00506000005555556,-0.00683389909677597));
#13474=CARTESIAN_POINT('',(-0.0016422865391606,0.00511999994444444,-0.00683389909677694));
#13475=CARTESIAN_POINT('',(-0.00164228653916201,0.00517999983333333,-0.0068338990967779));
#13476=CARTESIAN_POINT('',(-0.00164185693138447,0.00517999983333333,-0.00683452761627055));
#13477=CARTESIAN_POINT('',(-0.00152348749463522,0.00518,-0.00700770300217042));
#13478=CARTESIAN_POINT('',(-0.00154227912316067,0.00498000000106913,-0.00695562622611412));
#13479=CARTESIAN_POINT('',(-0.00169838598241928,0.00500000016666667,-0.00693911347375078));
#13480=CARTESIAN_POINT('',(-0.00169838598241927,0.00518,-0.00693911347375079));
#13481=CARTESIAN_POINT('',(-0.00154227912316067,0.00518,-0.00695562622611412));
#13482=CARTESIAN_POINT('',(-0.001842601844186,0.00498,-0.006919447674419));
#13483=CARTESIAN_POINT('',(-0.00184215378802992,0.00500000016666667,-0.00691950885283265));
#13484=CARTESIAN_POINT('',(-0.00184215374399608,0.00518,-0.00691950881891381));
#13485=CARTESIAN_POINT('',(-0.001842601844186,0.00518,-0.006919447674419));
#13486=CARTESIAN_POINT('',(-0.00152609817495371,0.00498000000106913,-0.0069584353480969));
#13487=CARTESIAN_POINT('',(-0.00179215330119492,0.00500000008333333,-0.00678344665702143));
#13488=CARTESIAN_POINT('',(-0.00179215330119504,0.00518,-0.0067834466570219));
#13489=CARTESIAN_POINT('',(-0.00152609817495371,0.00518,-0.0069584353480969));
#13490=CARTESIAN_POINT('',(-0.00160054957861577,0.00498000000106913,-0.00693760389022961));
#13491=CARTESIAN_POINT('',(-0.00167767052024061,0.00500000016666667,-0.0067040898661983));
#13492=CARTESIAN_POINT('',(-0.00167767052024061,0.00506000005555556,-0.0067040898661983));
#13493=CARTESIAN_POINT('',(-0.00167767052024061,0.00511999994444444,-0.0067040898661983));
#13494=CARTESIAN_POINT('',(-0.00167767052024061,0.00517999983333333,-0.0067040898661983));
#13495=CARTESIAN_POINT('',(-0.00167783076829779,0.00517999983333333,-0.00670360465104506));
#13496=CARTESIAN_POINT('',(-0.00160054957861577,0.00518,-0.00693760389022961));
#13497=CARTESIAN_POINT('',(-0.00150941066342763,0.00498000000106913,-0.00717535735499231));
#13498=CARTESIAN_POINT('',(-0.00149840428523111,0.00500000016666667,-0.00667425653154876));
#13499=CARTESIAN_POINT('',(-0.00149840428523111,0.00506000005555556,-0.00667425653154876));
#13500=CARTESIAN_POINT('',(-0.00149840428523111,0.00511999994444445,-0.00667425653154876));
#13501=CARTESIAN_POINT('',(-0.00149840428523111,0.00517999983333333,-0.00667425653154876));
#13502=CARTESIAN_POINT('',(-0.00149839762907572,0.00517999983333333,-0.006673953488372));
#13503=CARTESIAN_POINT('',(-0.00150941066342763,0.00518,-0.00717535735499231));
#13504=CARTESIAN_POINT('',(-0.00149470135295254,0.00498000000106913,-0.00712038329849207));
#13505=CARTESIAN_POINT('',(-0.00137122016967051,0.0050000000834109,-0.00669143433699496));
#13506=CARTESIAN_POINT('',(-0.0013712187035496,0.00506000000005171,-0.00669143475904598));
#13507=CARTESIAN_POINT('',(-0.00137121723743086,0.00511999991669252,-0.00669143518110451));
#13508=CARTESIAN_POINT('',(-0.00137121577131427,0.00517999983333333,-0.00669143560317056));
#13509=CARTESIAN_POINT('',(-0.00137123556513756,0.00517999983333333,-0.00669150436045862));
#13510=CARTESIAN_POINT('',(-0.00149470135295254,0.00518,-0.00712038329849207));
#13511=CARTESIAN_POINT('',(-0.00144946398458742,0.00498000000106913,-0.00699000506600565));
#13512=CARTESIAN_POINT('',(-0.00127748815145527,0.00500000008334818,-0.00673410286529851));
#13513=CARTESIAN_POINT('',(-0.00127748759931543,0.00506000000000993,-0.0067341032363571));
#13514=CARTESIAN_POINT('',(-0.00127748704717679,0.00511999991667168,-0.00673410360741748));
#13515=CARTESIAN_POINT('',(-0.00127748649503935,0.00517999983333343,-0.00673410397847964));
#13516=CARTESIAN_POINT('',(-0.00127764908598265,0.00517999983333333,-0.00673434592771054));
#13517=CARTESIAN_POINT('',(-0.00144946398458742,0.00518,-0.00699000506600565));
#13518=CARTESIAN_POINT('',(-0.00141518074957289,0.00498000000106913,-0.00692867045375087));
#13519=CARTESIAN_POINT('',(-0.00120527507000585,0.0050000001666667,-0.00681638226389752));
#13520=CARTESIAN_POINT('',(-0.00120527505478479,0.00506000005555558,-0.00681638229235097));
#13521=CARTESIAN_POINT('',(-0.00120527503956374,0.00511999994444446,-0.00681638232080443));
#13522=CARTESIAN_POINT('',(-0.00120527502434269,0.00517999983333333,-0.00681638234925789));
#13523=CARTESIAN_POINT('',(-0.00120526536162801,0.00517999983333333,-0.006816377180233));
#13524=CARTESIAN_POINT('',(-0.00141518074957289,0.00518,-0.00692867045375087));
#13525=CARTESIAN_POINT('',(-0.00140169536028698,0.00498000000106913,-0.00692173567741512));
#13526=CARTESIAN_POINT('',(-0.00117877902816167,0.00500000016666667,-0.00692369861719323));
#13527=CARTESIAN_POINT('',(-0.00117877902816167,0.00506000005555556,-0.00692369861719323));
#13528=CARTESIAN_POINT('',(-0.00117877902816167,0.00511999994444444,-0.00692369861719323));
#13529=CARTESIAN_POINT('',(-0.00117877902816167,0.00517999983333333,-0.00692369861719323));
#13530=CARTESIAN_POINT('',(-0.001178721030233,0.00517999983333333,-0.00692369912790795));
#13531=CARTESIAN_POINT('',(-0.00140169536028698,0.00518,-0.00692173567741512));
#13532=CARTESIAN_POINT('',(-0.00139682025643046,0.00498000000106913,-0.0069260034550183));
#13533=CARTESIAN_POINT('',(-0.00121097087757739,0.00500000008333868,-0.00704002391932671));
#13534=CARTESIAN_POINT('',(-0.00121097108708842,0.00506000000000357,-0.00704002426082239));
#13535=CARTESIAN_POINT('',(-0.0012109712966004,0.00511999991666845,-0.00704002460231749));
#13536=CARTESIAN_POINT('',(-0.00121097150611332,0.00517999983333333,-0.00704002494381201));
#13537=CARTESIAN_POINT('',(-0.00121098847209271,0.00517999983333333,-0.0070400145348835));
#13538=CARTESIAN_POINT('',(-0.00139682025643046,0.00518,-0.0069260034550183));
#13539=CARTESIAN_POINT('',(-0.00139470001601761,0.00498000000106913,-0.00692336262279482));
#13540=CARTESIAN_POINT('',(-0.00130591798939181,0.00500000008333333,-0.00712222707463525));
#13541=CARTESIAN_POINT('',(-0.00130591798939181,0.00506,-0.00712222707463525));
#13542=CARTESIAN_POINT('',(-0.00130591798939181,0.00511999991666667,-0.00712222707463525));
#13543=CARTESIAN_POINT('',(-0.00130591798939181,0.00517999983333333,-0.00712222707463525));
#13544=CARTESIAN_POINT('',(-0.00130582872907928,0.00517999983333333,-0.0071224273925026));
#13545=CARTESIAN_POINT('',(-0.00139470001601761,0.00518,-0.00692336262279482));
#13546=CARTESIAN_POINT('',(-0.00185519395129093,0.00498000000106913,-0.0057393636519522));
#13547=CARTESIAN_POINT('',(-0.00153040577143404,0.00500000016666667,-0.00719246544771361));
#13548=CARTESIAN_POINT('',(-0.00153040577143404,0.00506000005555556,-0.00719246544771361));
#13549=CARTESIAN_POINT('',(-0.00153040577143404,0.00511999994444445,-0.00719246544771361));
#13550=CARTESIAN_POINT('',(-0.00153040577143404,0.00517999983333333,-0.00719246544771361));
#13551=CARTESIAN_POINT('',(-0.00153028363267621,0.00517999983333333,-0.00719301237992483));
#13552=CARTESIAN_POINT('',(-0.00185519395129093,0.00518,-0.0057393636519522));
#13553=CARTESIAN_POINT('',(-0.00138491363389891,0.00498000000106913,-0.00792070844823496));
#13554=CARTESIAN_POINT('',(-0.00168112620284589,0.00500000016666665,-0.00724102533156315));
#13555=CARTESIAN_POINT('',(-0.00168112618458722,0.00506000005555553,-0.00724102532360585));
#13556=CARTESIAN_POINT('',(-0.00168112616632854,0.00511999994444442,-0.00724102531564854));
#13557=CARTESIAN_POINT('',(-0.00168112614806987,0.0051799998333333,-0.00724102530769123));
#13558=CARTESIAN_POINT('',(-0.00168071953608682,0.00517999983333333,-0.00724195854964845));
#13559=CARTESIAN_POINT('',(-0.00138491363389891,0.00518,-0.00792070844823496));
#13560=CARTESIAN_POINT('',(-0.00163717371283735,0.00498000000106913,-0.00731745978325773));
#13561=CARTESIAN_POINT('',(-0.00172405517769038,0.00500000008333782,-0.00731891974371043));
#13562=CARTESIAN_POINT('',(-0.00172405517153246,0.00506000000000299,-0.00731892011016535));
#13563=CARTESIAN_POINT('',(-0.00172405516537221,0.00511999991666816,-0.00731892047662022));
#13564=CARTESIAN_POINT('',(-0.00172405515920965,0.00517999983333334,-0.00731892084307506));
#13565=CARTESIAN_POINT('',(-0.001724051698837,0.00517999983333333,-0.00731892078488442));
#13566=CARTESIAN_POINT('',(-0.00163717371283735,0.00518,-0.00731745978325773));
#13567=CARTESIAN_POINT('',(-0.0016040529428074,0.00498000000106913,-0.00731622580762984));
#13568=CARTESIAN_POINT('',(-0.00167472084292327,0.00500000016666667,-0.00741359914285807));
#13569=CARTESIAN_POINT('',(-0.00167472084292327,0.00506000005555556,-0.00741359914285807));
#13570=CARTESIAN_POINT('',(-0.00167472084292327,0.00511999994444444,-0.00741359914285807));
#13571=CARTESIAN_POINT('',(-0.00167472084292327,0.00517999983333333,-0.00741359914285807));
#13572=CARTESIAN_POINT('',(-0.00167499646623644,0.00517999983333333,-0.00741397892445414));
#13573=CARTESIAN_POINT('',(-0.0016040529428074,0.00518,-0.00731622580762984));
#13574=CARTESIAN_POINT('',(-0.0015443659887382,0.00498000000106913,-0.00721525023314493));
#13575=CARTESIAN_POINT('',(-0.00152594607190791,0.00500000016666667,-0.00745351967310941));
#13576=CARTESIAN_POINT('',(-0.0015259460719085,0.00518,-0.00745351967310552));
#13577=CARTESIAN_POINT('',(-0.0015443659887382,0.00518,-0.00721525023314493));
#13578=CARTESIAN_POINT('',(-0.00150824254629294,0.00498000000106913,-0.00720979585087875));
#13579=CARTESIAN_POINT('',(-0.00136747979735481,0.00500000008334365,-0.00740954710832048));
#13580=CARTESIAN_POINT('',(-0.00136747934215331,0.00506000000000688,-0.00740954678754445));
#13581=CARTESIAN_POINT('',(-0.0013674788869529,0.00511999991667011,-0.00740954646676687));
#13582=CARTESIAN_POINT('',(-0.0013674784317536,0.00517999983333334,-0.00740954614598773));
#13583=CARTESIAN_POINT('',(-0.00136796521628414,0.00517999983333333,-0.00740885537791117));
#13584=CARTESIAN_POINT('',(-0.00150824254629294,0.00518,-0.00720979585087875));
#13585=CARTESIAN_POINT('',(-0.00149795429504022,0.00498000000106913,-0.00725940272528897));
#13586=CARTESIAN_POINT('',(-0.00149795429504022,0.00518,-0.00725940272528897));
#13587=CARTESIAN_POINT('',(-0.000316984111628,0.00498,-0.007300334302326));
#13588=CARTESIAN_POINT('',(-0.000317931656868701,0.00500000016666667,-0.00730018490523409));
#13589=CARTESIAN_POINT('',(-0.000317931846070166,0.00518,-0.00730018504798785));
#13590=CARTESIAN_POINT('',(-0.000316984111628,0.00518,-0.007300334302326));
#13591=CARTESIAN_POINT('',(-0.000462514482036851,0.00517999983333333,-0.00727744196888128));
#13592=CARTESIAN_POINT('',(-0.000463061499551559,0.00500000016666667,-0.00727735583680997));
#13593=CARTESIAN_POINT('',(-0.000641116783373877,0.00498000000106913,-0.00726055587817763));
#13594=CARTESIAN_POINT('',(-0.000429677333438705,0.00500000016666667,-0.00750816892878546));
#13595=CARTESIAN_POINT('',(-0.000429677333438705,0.00506000005555556,-0.00750816892878546));
#13596=CARTESIAN_POINT('',(-0.000429677333438705,0.00511999994444445,-0.00750816892878546));
#13597=CARTESIAN_POINT('',(-0.000429677333438705,0.00517999983333333,-0.00750816892878546));
#13598=CARTESIAN_POINT('',(-0.000430192687245077,0.00517999983333333,-0.0075075654070054));
#13599=CARTESIAN_POINT('',(-0.000641116783373877,0.00518,-0.00726055587817763));
#13600=CARTESIAN_POINT('',(-0.000657639186345367,0.00498000000106913,-0.00715962837715961));
#13601=CARTESIAN_POINT('',(-0.000688053476332177,0.00500000016666667,-0.00757586489666292));
#13602=CARTESIAN_POINT('',(-0.000688053476332177,0.00506000005555556,-0.00757586489666292));
#13603=CARTESIAN_POINT('',(-0.000688053476332177,0.00511999994444445,-0.00757586489666292));
#13604=CARTESIAN_POINT('',(-0.000688053476332177,0.00517999983333333,-0.00757586489666292));
#13605=CARTESIAN_POINT('',(-0.000688168704639826,0.00517999983333333,-0.007577441860465));
#13606=CARTESIAN_POINT('',(-0.000657639186345367,0.00518,-0.00715962837715961));
#13607=CARTESIAN_POINT('',(-0.000696697429157169,0.00498000000106913,-0.00712350040695251));
#13608=CARTESIAN_POINT('',(-0.000871396170771647,0.00500000008338543,-0.00754228811596112));
#13609=CARTESIAN_POINT('',(-0.000871397324947102,0.00506000000003473,-0.00754228763449284));
#13610=CARTESIAN_POINT('',(-0.000871398479120566,0.00511999991668403,-0.00754228715301978));
#13611=CARTESIAN_POINT('',(-0.000871399633292041,0.00517999983333333,-0.00754228667154196));
#13612=CARTESIAN_POINT('',(-0.000871308239490118,0.00517999983333333,-0.00754206758722862));
#13613=CARTESIAN_POINT('',(-0.000696697429157169,0.00518,-0.00712350040695251));
#13614=CARTESIAN_POINT('',(-0.00076711023357286,0.00498000000106913,-0.00728477705771765));
#13615=CARTESIAN_POINT('',(-0.000995344082118603,0.00500000016666709,-0.00744224137932349));
#13616=CARTESIAN_POINT('',(-0.000995344146487582,0.00506000005555584,-0.00744224128602503));
#13617=CARTESIAN_POINT('',(-0.000995344210856505,0.00511999994444459,-0.00744224119272652));
#13618=CARTESIAN_POINT('',(-0.000995344275225369,0.00517999983333333,-0.00744224109942797));
#13619=CARTESIAN_POINT('',(-0.000995145448837008,0.00517999983333333,-0.00744210392441899));
#13620=CARTESIAN_POINT('',(-0.00076711023357286,0.00518,-0.00728477705771765));
#13621=CARTESIAN_POINT('',(-0.000793793903646718,0.00498000000106913,-0.00730333725436822));
#13622=CARTESIAN_POINT('',(-0.00103817492961094,0.00500000016666729,-0.00730431395072631));
#13623=CARTESIAN_POINT('',(-0.00103817493015552,0.00506000005555597,-0.00730431381446715));
#13624=CARTESIAN_POINT('',(-0.00103817493069998,0.00511999994444465,-0.00730431367820799));
#13625=CARTESIAN_POINT('',(-0.00103817493124432,0.00517999983333333,-0.00730431354194882));
#13626=CARTESIAN_POINT('',(-0.001038096030233,0.00517999983333333,-0.00730431322674373));
#13627=CARTESIAN_POINT('',(-0.000793793903646718,0.00518,-0.00730333725436822));
#13628=CARTESIAN_POINT('',(-0.000823623906364669,0.00498000000106913,-0.00729577110771216));
#13629=CARTESIAN_POINT('',(-0.00100322198006823,0.00500000008334677,-0.00717893213854385));
#13630=CARTESIAN_POINT('',(-0.00100322164575664,0.00506000000000927,-0.0071789316246595));
#13631=CARTESIAN_POINT('',(-0.00100322131144284,0.00511999991667177,-0.00717893111077658));
#13632=CARTESIAN_POINT('',(-0.00100322097712683,0.00517999983333426,-0.00717893059689509));
#13633=CARTESIAN_POINT('',(-0.00100293980631792,0.00517999983333333,-0.00717911340950164));
#13634=CARTESIAN_POINT('',(-0.000823623906364669,0.00518,-0.00729577110771216));
#13635=CARTESIAN_POINT('',(-0.000823447714694933,0.00498000000106913,-0.00730687521358403));
#13636=CARTESIAN_POINT('',(-0.000905965962288136,0.00500000008333333,-0.0071024694511185));
#13637=CARTESIAN_POINT('',(-0.000905965962288136,0.00506,-0.0071024694511185));
#13638=CARTESIAN_POINT('',(-0.000905965962288136,0.00511999991666667,-0.0071024694511185));
#13639=CARTESIAN_POINT('',(-0.000905965962288136,0.00517999983333333,-0.0071024694511185));
#13640=CARTESIAN_POINT('',(-0.000906028299240885,0.00517999983333333,-0.00710231461863033));
#13641=CARTESIAN_POINT('',(-0.000823447714694933,0.00518,-0.00730687521358403));
#13642=CARTESIAN_POINT('',(-0.000223325204832749,0.00498000000106913,-0.00893647079334976));
#13643=CARTESIAN_POINT('',(-0.00068807402054764,0.00500000016666667,-0.00703478786929364));
#13644=CARTESIAN_POINT('',(-0.00068807402054764,0.00506000005555556,-0.00703478786929364));
#13645=CARTESIAN_POINT('',(-0.00068807402054764,0.00511999994444444,-0.00703478786929364));
#13646=CARTESIAN_POINT('',(-0.00068807402054764,0.00517999983333333,-0.00703478786929364));
#13647=CARTESIAN_POINT('',(-0.000688168699106449,0.00517999983333333,-0.00703440043455155));
#13648=CARTESIAN_POINT('',(-0.000223325204832749,0.00518,-0.00893647079334976));
#13649=CARTESIAN_POINT('',(-0.00142578247593925,0.00498000000106913,-0.00418033019164384));
#13650=CARTESIAN_POINT('',(-0.000558105305029437,0.00500000000001048,-0.00699744593216747));
#13651=CARTESIAN_POINT('',(-0.000558105228795726,0.00505999991667002,-0.00699744590868734));
#13652=CARTESIAN_POINT('',(-0.000558105152562016,0.00511999983332956,-0.0069974458852072));
#13653=CARTESIAN_POINT('',(-0.000558105076328307,0.0051799997499891,-0.00699744586172706));
#13654=CARTESIAN_POINT('',(-0.000558180456581406,0.0051799997500006,-0.00699723043688662));
#13655=CARTESIAN_POINT('',(-0.00142578247593925,0.00518,-0.00418033019164384));
#13656=CARTESIAN_POINT('',(-0.000600741231609318,0.00498000000106913,-0.00687298237035454));
#13657=CARTESIAN_POINT('',(-0.000501550534569373,0.00500000008336906,-0.00695865784090532));
#13658=CARTESIAN_POINT('',(-0.000501549857519763,0.00506000000002382,-0.00695865705705175));
#13659=CARTESIAN_POINT('',(-0.000501549180479445,0.00511999991667858,-0.00695865627319017));
#13660=CARTESIAN_POINT('',(-0.000501548503448419,0.00517999983333333,-0.00695865548932055));
#13661=CARTESIAN_POINT('',(-0.000501758820951977,0.00517999983333333,-0.00695847383723778));
#13662=CARTESIAN_POINT('',(-0.000600741231609318,0.00518,-0.00687298237035454));
#13663=CARTESIAN_POINT('',(-0.000563315010304018,0.00498000000106913,-0.00690803487220684));
#13664=CARTESIAN_POINT('',(-0.000483775748787105,0.00500000008340272,-0.00690756975774604));
#13665=CARTESIAN_POINT('',(-0.000483775757223086,0.00506000000004626,-0.00690756831510812));
#13666=CARTESIAN_POINT('',(-0.000483775765698317,0.0051199999166898,-0.00690756687247043));
#13667=CARTESIAN_POINT('',(-0.000483775774212796,0.00517999983333333,-0.00690756542983297));
#13668=CARTESIAN_POINT('',(-0.000483771902326,0.00517999983333333,-0.00690756540697672));
#13669=CARTESIAN_POINT('',(-0.000563315010304018,0.00518,-0.00690803487220684));
#13670=CARTESIAN_POINT('',(-0.00057954116347074,0.00498000000106913,-0.00691133632086172));
#13671=CARTESIAN_POINT('',(-0.000527385536123189,0.00500000016666667,-0.00683049448598243));
#13672=CARTESIAN_POINT('',(-0.000527385536123189,0.00506000005555556,-0.00683049448598243));
#13673=CARTESIAN_POINT('',(-0.000527385536123189,0.00511999994444444,-0.00683049448598243));
#13674=CARTESIAN_POINT('',(-0.000527385536123189,0.00517999983333333,-0.00683049448598243));
#13675=CARTESIAN_POINT('',(-0.000527104024438811,0.00517999983333333,-0.00683005813951984));
#13676=CARTESIAN_POINT('',(-0.00057954116347074,0.00518,-0.00691133632086172));
#13677=CARTESIAN_POINT('',(-0.000649405692657587,0.00498000000106913,-0.00705049379340987));
#13678=CARTESIAN_POINT('',(-0.000671718244513394,0.00500000016666667,-0.00679803553905546));
#13679=CARTESIAN_POINT('',(-0.000671718244513394,0.00506000005555556,-0.00679803553905546));
#13680=CARTESIAN_POINT('',(-0.000671718244513394,0.00511999994444444,-0.00679803553905546));
#13681=CARTESIAN_POINT('',(-0.000671718244513394,0.00517999983333333,-0.00679803553905546));
#13682=CARTESIAN_POINT('',(-0.000671816960462411,0.00517999983333333,-0.006796918604651));
#13683=CARTESIAN_POINT('',(-0.000649405692657587,0.00518,-0.00705049379340987));
#13684=CARTESIAN_POINT('',(-0.000686278192262562,0.00498000000106913,-0.00700770300230968));
#13685=CARTESIAN_POINT('',(-0.000805077236833881,0.00500000016666667,-0.00683389909677313));
#13686=CARTESIAN_POINT('',(-0.000805077236835294,0.00506000005555556,-0.0068338990967741));
#13687=CARTESIAN_POINT('',(-0.000805077236836706,0.00511999994444444,-0.00683389909677506));
#13688=CARTESIAN_POINT('',(-0.000805077236838119,0.00517999983333333,-0.00683389909677603));
#13689=CARTESIAN_POINT('',(-0.000804647629059468,0.00517999983333333,-0.00683452761627055));
#13690=CARTESIAN_POINT('',(-0.000686278192262562,0.00518,-0.00700770300230968));
#13691=CARTESIAN_POINT('',(-0.000705069820838162,0.00498000000106913,-0.00695562622611128));
#13692=CARTESIAN_POINT('',(-0.000861176680093278,0.00500000016666667,-0.00693911347375079));
#13693=CARTESIAN_POINT('',(-0.000861176680093258,0.00518,-0.00693911347375079));
#13694=CARTESIAN_POINT('',(-0.000705069820838162,0.00518,-0.00695562622611128));
#13695=CARTESIAN_POINT('',(-0.00100539254186,0.00498,-0.006919447674419));
#13696=CARTESIAN_POINT('',(-0.00100494448570393,0.00500000016666667,-0.00691950885283265));
#13697=CARTESIAN_POINT('',(-0.00100494444167008,0.00518,-0.00691950881891381));
#13698=CARTESIAN_POINT('',(-0.00100539254186,0.00518,-0.006919447674419));
#13699=CARTESIAN_POINT('',(-0.000688888872619096,0.00498000000106913,-0.00695843534809811));
#13700=CARTESIAN_POINT('',(-0.000954943998870108,0.00500000008333333,-0.00678344665702172));
#13701=CARTESIAN_POINT('',(-0.000954943998870239,0.00518,-0.00678344665702218));
#13702=CARTESIAN_POINT('',(-0.000688888872619096,0.00518,-0.00695843534809811));
#13703=CARTESIAN_POINT('',(-0.000763340276287116,0.00498000000106913,-0.00693760389023568));
#13704=CARTESIAN_POINT('',(-0.00084046121791462,0.00500000016666667,-0.00670408986619827));
#13705=CARTESIAN_POINT('',(-0.00084046121791462,0.00506000005555556,-0.00670408986619827));
#13706=CARTESIAN_POINT('',(-0.00084046121791462,0.00511999994444444,-0.00670408986619827));
#13707=CARTESIAN_POINT('',(-0.00084046121791462,0.00517999983333333,-0.00670408986619827));
#13708=CARTESIAN_POINT('',(-0.000840621465971789,0.00517999983333333,-0.00670360465104506));
#13709=CARTESIAN_POINT('',(-0.000763340276287116,0.00518,-0.00693760389023568));
#13710=CARTESIAN_POINT('',(-0.000672201361101637,0.00498000000106913,-0.00717535735499231));
#13711=CARTESIAN_POINT('',(-0.00066119498290511,0.00500000016666667,-0.00667425653154876));
#13712=CARTESIAN_POINT('',(-0.00066119498290511,0.00506000005555556,-0.00667425653154876));
#13713=CARTESIAN_POINT('',(-0.00066119498290511,0.00511999994444445,-0.00667425653154876));
#13714=CARTESIAN_POINT('',(-0.00066119498290511,0.00517999983333333,-0.00667425653154876));
#13715=CARTESIAN_POINT('',(-0.000661188326749723,0.00517999983333333,-0.006673953488372));
#13716=CARTESIAN_POINT('',(-0.000672201361101637,0.00518,-0.00717535735499231));
#13717=CARTESIAN_POINT('',(-0.000657492050578181,0.00498000000106913,-0.00712038329811281));
#13718=CARTESIAN_POINT('',(-0.000534010867346404,0.0050000000834109,-0.00669143433699769));
#13719=CARTESIAN_POINT('',(-0.000534009401225457,0.00506000000005171,-0.00669143475904871));
#13720=CARTESIAN_POINT('',(-0.000534007935106674,0.00511999991669252,-0.00669143518110726));
#13721=CARTESIAN_POINT('',(-0.000534006468990055,0.00517999983333333,-0.00669143560317332));
#13722=CARTESIAN_POINT('',(-0.000534026262812561,0.00517999983333333,-0.00669150436045862));
#13723=CARTESIAN_POINT('',(-0.000657492050578181,0.00518,-0.00712038329811281));
#13724=CARTESIAN_POINT('',(-0.000612254682256284,0.00498000000106913,-0.00699000506599263));
#13725=CARTESIAN_POINT('',(-0.000440278849130192,0.00500000008334818,-0.00673410286529852));
#13726=CARTESIAN_POINT('',(-0.000440278296990368,0.00506000000000993,-0.00673410323635709));
#13727=CARTESIAN_POINT('',(-0.000440277744851745,0.00511999991667168,-0.00673410360741746));
#13728=CARTESIAN_POINT('',(-0.000440277192714323,0.00517999983333343,-0.00673410397847961));
#13729=CARTESIAN_POINT('',(-0.000440439783657652,0.00517999983333333,-0.00673434592771054));
#13730=CARTESIAN_POINT('',(-0.000612254682256284,0.00518,-0.00699000506599263));
#13731=CARTESIAN_POINT('',(-0.000577971447253774,0.00498000000106913,-0.00692867045375856));
#13732=CARTESIAN_POINT('',(-0.00036806576767975,0.0050000001666667,-0.00681638226389772));
#13733=CARTESIAN_POINT('',(-0.000368065752458727,0.00506000005555558,-0.00681638229235111));
#13734=CARTESIAN_POINT('',(-0.000368065737237709,0.00511999994444446,-0.0068163823208045));
#13735=CARTESIAN_POINT('',(-0.000368065722016697,0.00517999983333333,-0.00681638234925789));
#13736=CARTESIAN_POINT('',(-0.000368056059302009,0.00517999983333333,-0.006816377180233));
#13737=CARTESIAN_POINT('',(-0.000577971447253774,0.00518,-0.00692867045375856));
#13738=CARTESIAN_POINT('',(-0.000564486057960978,0.00498000000106913,-0.00692173567741512));
#13739=CARTESIAN_POINT('',(-0.000341569725835666,0.00500000016666667,-0.00692369861719323));
#13740=CARTESIAN_POINT('',(-0.000341569725835666,0.00506000005555556,-0.00692369861719323));
#13741=CARTESIAN_POINT('',(-0.000341569725835666,0.00511999994444444,-0.00692369861719323));
#13742=CARTESIAN_POINT('',(-0.000341569725835666,0.00517999983333333,-0.00692369861719323));
#13743=CARTESIAN_POINT('',(-0.000341511727907,0.00517999983333333,-0.00692369912790795));
#13744=CARTESIAN_POINT('',(-0.000564486057960978,0.00518,-0.00692173567741512));
#13745=CARTESIAN_POINT('',(-0.000559610954104456,0.00498000000106913,-0.0069260034550183));
#13746=CARTESIAN_POINT('',(-0.000373761575251443,0.00500000008333868,-0.0070400239193268));
#13747=CARTESIAN_POINT('',(-0.000373761784762459,0.00506000000000357,-0.00704002426082245));
#13748=CARTESIAN_POINT('',(-0.000373761994274416,0.00511999991666845,-0.00704002460231752));
#13749=CARTESIAN_POINT('',(-0.000373762203787314,0.00517999983333333,-0.00704002494381201));
#13750=CARTESIAN_POINT('',(-0.00037377916976671,0.00517999983333333,-0.0070400145348835));
#13751=CARTESIAN_POINT('',(-0.000559610954104456,0.00518,-0.0069260034550183));
#13752=CARTESIAN_POINT('',(-0.000557490713695685,0.00498000000106913,-0.00692336262278911));
#13753=CARTESIAN_POINT('',(-0.0004687086870668,0.00500000008333333,-0.00712222707463526));
#13754=CARTESIAN_POINT('',(-0.0004687086870668,0.00506,-0.00712222707463526));
#13755=CARTESIAN_POINT('',(-0.0004687086870668,0.00511999991666667,-0.00712222707463526));
#13756=CARTESIAN_POINT('',(-0.000468708687066799,0.00517999983333333,-0.00712222707463526));
#13757=CARTESIAN_POINT('',(-0.000468619426754279,0.00517999983333333,-0.0071224273925026));
#13758=CARTESIAN_POINT('',(-0.000557490713695685,0.00518,-0.00692336262278911));
#13759=CARTESIAN_POINT('',(-0.00101798464923923,0.00498000000106913,-0.00573936365109402));
#13760=CARTESIAN_POINT('',(-0.000693196469107539,0.00500000016666667,-0.00719246544771599));
#13761=CARTESIAN_POINT('',(-0.000693196469107539,0.00506000005555556,-0.00719246544771599));
#13762=CARTESIAN_POINT('',(-0.000693196469107539,0.00511999994444445,-0.00719246544771599));
#13763=CARTESIAN_POINT('',(-0.000693196469107539,0.00517999983333333,-0.00719246544771599));
#13764=CARTESIAN_POINT('',(-0.00069307433035021,0.00517999983333333,-0.00719301237992483));
#13765=CARTESIAN_POINT('',(-0.00101798464923923,0.00518,-0.00573936365109402));
#13766=CARTESIAN_POINT('',(-0.000547704329592827,0.00498000000106913,-0.00792070845430914));
#13767=CARTESIAN_POINT('',(-0.000843916900526101,0.00500000016666665,-0.0072410253315491));
#13768=CARTESIAN_POINT('',(-0.000843916882267425,0.00506000005555553,-0.00724102532359179));
#13769=CARTESIAN_POINT('',(-0.000843916864008748,0.00511999994444442,-0.00724102531563448));
#13770=CARTESIAN_POINT('',(-0.00084391684575007,0.0051799998333333,-0.00724102530767717));
#13771=CARTESIAN_POINT('',(-0.000843510233761819,0.00517999983333333,-0.00724195854964845));
#13772=CARTESIAN_POINT('',(-0.000547704329592827,0.00518,-0.00792070845430914));
#13773=CARTESIAN_POINT('',(-0.000799964410529864,0.00498000000106913,-0.00731745978324996));
#13774=CARTESIAN_POINT('',(-0.000886845875364638,0.00500000008333781,-0.00731891974371027));
#13775=CARTESIAN_POINT('',(-0.000886845869206711,0.00506000000000299,-0.00731892011016523));
#13776=CARTESIAN_POINT('',(-0.000886845863046465,0.00511999991666816,-0.00731892047662016));
#13777=CARTESIAN_POINT('',(-0.0008868458568839,0.00517999983333333,-0.00731892084307505));
#13778=CARTESIAN_POINT('',(-0.000886842396512,0.00517999983333333,-0.00731892078488442));
#13779=CARTESIAN_POINT('',(-0.000799964410529864,0.00518,-0.00731745978324996));
#13780=CARTESIAN_POINT('',(-0.000766843640483188,0.00498000000106913,-0.00731622580762941));
#13781=CARTESIAN_POINT('',(-0.000837511540597256,0.00500000016666667,-0.00741359914285803));
#13782=CARTESIAN_POINT('',(-0.000837511540597257,0.00506000005555556,-0.00741359914285803));
#13783=CARTESIAN_POINT('',(-0.000837511540597257,0.00511999994444444,-0.00741359914285803));
#13784=CARTESIAN_POINT('',(-0.000837511540597256,0.00517999983333333,-0.00741359914285803));
#13785=CARTESIAN_POINT('',(-0.00083778716391044,0.00517999983333333,-0.00741397892445414));
#13786=CARTESIAN_POINT('',(-0.000766843640483188,0.00518,-0.00731622580762941));
#13787=CARTESIAN_POINT('',(-0.000707156686187693,0.00498000000106913,-0.0072152502325478));
#13788=CARTESIAN_POINT('',(-0.000688736769235924,0.00500000016666667,-0.00745351967312772));
#13789=CARTESIAN_POINT('',(-0.000688736769236511,0.00518,-0.00745351967312383));
#13790=CARTESIAN_POINT('',(-0.000707156686187693,0.00518,-0.0072152502325478));
#13791=CARTESIAN_POINT('',(-0.000671033243927969,0.00498000000106913,-0.00720979585099797));
#13792=CARTESIAN_POINT('',(-0.000530270495030424,0.00500000008334365,-0.00740954710831796));
#13793=CARTESIAN_POINT('',(-0.000530270039828924,0.00506000000000688,-0.00740954678754193));
#13794=CARTESIAN_POINT('',(-0.000530269584628521,0.00511999991667011,-0.00740954646676435));
#13795=CARTESIAN_POINT('',(-0.000530269129429215,0.00517999983333334,-0.00740954614598521));
#13796=CARTESIAN_POINT('',(-0.00053075591395814,0.00517999983333333,-0.00740885537791117));
#13797=CARTESIAN_POINT('',(-0.000671033243927969,0.00518,-0.00720979585099797));
#13798=CARTESIAN_POINT('',(-0.000660744992709521,0.00498000000106913,-0.00725940272528775));
#13799=CARTESIAN_POINT('',(-0.000660744992709521,0.00518,-0.00725940272528775));
#13800=CARTESIAN_POINT('',(0.000357068634201435,0.00498000000106913,-0.00703827313625837));
#13801=CARTESIAN_POINT('',(-1.11557723261772E-5,0.00500000016666667,-0.00745066814627989));
#13802=CARTESIAN_POINT('',(-1.10429114791213E-5,0.00517999983333333,-0.00745126106660684));
#13803=CARTESIAN_POINT('',(0.000357068634201435,0.00518,-0.00703827313625837));
#13804=CARTESIAN_POINT('',(0.000146370073803182,0.00517999983333333,-0.00754898992381256));
#13805=CARTESIAN_POINT('',(0.000146221077237728,0.00517999983333333,-0.00754935255305053));
#13806=CARTESIAN_POINT('',(0.000146221077237971,0.00511999994444445,-0.00754935255305063));
#13807=CARTESIAN_POINT('',(0.000146221077238214,0.00506000005555556,-0.00754935255305073));
#13808=CARTESIAN_POINT('',(0.000146221077238457,0.00500000016666667,-0.00754935255305083));
#13809=CARTESIAN_POINT('',(-0.00033176601273017,0.00498000000106913,-0.00742376276146197));
#13810=CARTESIAN_POINT('',(-4.02969095843795E-5,0.00500000008333333,-0.00756));
#13811=CARTESIAN_POINT('',(-4.02969095843795E-5,0.00518,-0.00756));
#13812=CARTESIAN_POINT('',(-0.00033176601273017,0.00518,-0.00742376276146197));
#13813=CARTESIAN_POINT('',(-0.000194182512791,0.00498,-0.00756));
#13814=CARTESIAN_POINT('',(-0.000194221231979068,0.00500000016666667,-0.00756000000029274));
#13815=CARTESIAN_POINT('',(-0.000194182287449977,0.00517999983333333,-0.00755999991665835));
#13816=CARTESIAN_POINT('',(-0.000194182512791,0.00518,-0.00756));
#13817=CARTESIAN_POINT('',(-0.00047869941041823,0.00498000000106913,-0.00739931234568064));
#13818=CARTESIAN_POINT('',(-0.000156932813430691,0.00500000008336939,-0.00745600990492765));
#13819=CARTESIAN_POINT('',(-0.000156932637895128,0.00506000000002436,-0.00745600890873872));
#13820=CARTESIAN_POINT('',(-0.000156932462364191,0.00511999991667933,-0.00745600791254898));
#13821=CARTESIAN_POINT('',(-0.00015693228683788,0.00517999983333431,-0.00745600691635842));
#13822=CARTESIAN_POINT('',(-0.000156955032022572,0.00517999983333333,-0.00745600285001119));
#13823=CARTESIAN_POINT('',(-0.00047869941041823,0.00518,-0.00739931234568064));
#13824=CARTESIAN_POINT('',(-0.00257013827660306,0.00498000000106913,-0.0072522306091066));
#13825=CARTESIAN_POINT('',(-0.00014758004186,0.00517999983333333,-0.007196936773256));
#13826=CARTESIAN_POINT('',(-0.00014758004186,0.00511999994444445,-0.007196936773256));
#13827=CARTESIAN_POINT('',(-0.00014758004186,0.00506000005555556,-0.007196936773256));
#13828=CARTESIAN_POINT('',(-0.00014758004186,0.00500000016666667,-0.007196936773256));
#13829=CARTESIAN_POINT('',(-0.00014758004186,0.00517999983333333,-0.0071969366899568));
#13830=CARTESIAN_POINT('',(-0.00257013827660306,0.00518,-0.0072522306091066));
#13831=CARTESIAN_POINT('',(-0.00014758004186,0.00498,-0.007001097383721));
#13832=CARTESIAN_POINT('',(-0.00014758004186,0.00500000016666667,-0.007001097383721));
#13833=CARTESIAN_POINT('',(-0.00014758004186,0.00506000005555556,-0.007001097383721));
#13834=CARTESIAN_POINT('',(-0.00014758004186,0.00511999994444445,-0.007001097383721));
#13835=CARTESIAN_POINT('',(-0.00014758004186,0.00517999983333333,-0.007001097383721));
#13836=CARTESIAN_POINT('',(-0.000147580041859987,0.00517999983333333,-0.00700109731539775));
#13837=CARTESIAN_POINT('',(-0.00014758004186,0.00518,-0.007001097383721));
#13838=CARTESIAN_POINT('',(0.000751328371096489,0.00498000000106913,-0.00697684860514588));
#13839=CARTESIAN_POINT('',(-0.000140678906704775,0.00500000016666622,-0.00686564830341869));
#13840=CARTESIAN_POINT('',(-0.000140678920784719,0.00506000005555497,-0.00686564841636274));
#13841=CARTESIAN_POINT('',(-0.000140678934864642,0.00511999994444371,-0.0068656485293068));
#13842=CARTESIAN_POINT('',(-0.000140678948944543,0.00517999983333246,-0.00686564864225085));
#13843=CARTESIAN_POINT('',(-0.000140221801356641,0.00517999983333333,-0.00686570516803552));
#13844=CARTESIAN_POINT('',(0.000751328371096489,0.00518,-0.00697684860514588));
#13845=CARTESIAN_POINT('',(8.75042363525634E-5,0.00498000000106913,-0.00690853573382889));
#13846=CARTESIAN_POINT('',(-9.46032151687433E-5,0.00500000008335365,-0.00676561370616299));
#13847=CARTESIAN_POINT('',(-9.46027329755441E-5,0.00506000000001354,-0.00676561309176522));
#13848=CARTESIAN_POINT('',(-9.46022507792356E-5,0.00511999991667344,-0.0067656124773699));
#13849=CARTESIAN_POINT('',(-9.46017685798179E-5,0.00517999983333333,-0.00676561186297701));
#13850=CARTESIAN_POINT('',(-9.44368732469575E-5,0.00517999983333333,-0.00676574127905929));
#13851=CARTESIAN_POINT('',(8.75042363525634E-5,0.00518,-0.00690853573382889));
#13852=CARTESIAN_POINT('',(8.13835132243864E-5,0.00498000000106913,-0.00693069735586384));
#13853=CARTESIAN_POINT('',(7.91025649336357E-6,0.00500000016666667,-0.00670052769527673));
#13854=CARTESIAN_POINT('',(7.91025649336359E-6,0.00506000005555556,-0.00670052769527673));
#13855=CARTESIAN_POINT('',(7.9102564933636E-6,0.00511999994444444,-0.00670052769527673));
#13856=CARTESIAN_POINT('',(7.91025649336361E-6,0.00517999983333333,-0.00670052769527673));
#13857=CARTESIAN_POINT('',(7.76152790698504E-6,0.00517999983333333,-0.006700061773256));
#13858=CARTESIAN_POINT('',(8.13835132243864E-5,0.00518,-0.00693069735586384));
#13859=CARTESIAN_POINT('',(0.000169846849241889,0.00498000000106913,-0.00720586740120677));
#13860=CARTESIAN_POINT('',(0.000188430327427221,0.00500000016666667,-0.00667446745255967));
#13861=CARTESIAN_POINT('',(0.000188430327427221,0.00506000005555556,-0.00667446745255967));
#13862=CARTESIAN_POINT('',(0.000188430327427221,0.00511999994444445,-0.00667446745255967));
#13863=CARTESIAN_POINT('',(0.000188430327427221,0.00517999983333333,-0.00667446745255967));
#13864=CARTESIAN_POINT('',(0.000188448301163136,0.00517999983333333,-0.006673953488372));
#13865=CARTESIAN_POINT('',(0.000169846849241889,0.00518,-0.00720586740120677));
#13866=CARTESIAN_POINT('',(0.000200530798752104,0.00498000000106913,-0.00725150242295021));
#13867=CARTESIAN_POINT('',(0.000385590494164635,0.00500000016666667,-0.00670460639950494));
#13868=CARTESIAN_POINT('',(0.00038559049384691,0.00506000005555556,-0.00670460639939743));
#13869=CARTESIAN_POINT('',(0.000385590493529186,0.00511999994444445,-0.00670460639928992));
#13870=CARTESIAN_POINT('',(0.000385590493211461,0.00517999983333333,-0.00670460639918241));
#13871=CARTESIAN_POINT('',(0.000385486817796341,0.00517999983333333,-0.00670491279040357));
#13872=CARTESIAN_POINT('',(0.000200530798752104,0.00518,-0.00725150242295021));
#13873=CARTESIAN_POINT('',(0.000298256478947368,0.00498000000106913,-0.00697582577585722));
#13874=CARTESIAN_POINT('',(0.000516091601640891,0.00500000008333333,-0.00679334930712078));
#13875=CARTESIAN_POINT('',(0.000516091601640978,0.00518,-0.00679334930712099));
#13876=CARTESIAN_POINT('',(0.000298256478947368,0.00518,-0.00697582577585722));
#13877=CARTESIAN_POINT('',(0.000220948203039049,0.00498000000106913,-0.00700660956248055));
#13878=CARTESIAN_POINT('',(0.000579640593730918,0.00500000016666667,-0.00694392518552714));
#13879=CARTESIAN_POINT('',(0.000579640593730913,0.00518,-0.00694392518552714));
#13880=CARTESIAN_POINT('',(0.000220948203039049,0.00518,-0.00700660956248055));
#13881=CARTESIAN_POINT('',(0.000436177225581,0.00498,-0.006963488372093));
#13882=CARTESIAN_POINT('',(0.000435209675666572,0.00500000016666667,-0.0069636203107177));
#13883=CARTESIAN_POINT('',(0.000435209675666048,0.00518,-0.00696362031071777));
#13884=CARTESIAN_POINT('',(0.000436177225581,0.00518,-0.006963488372093));
#13885=CARTESIAN_POINT('',(0.000208834785319228,0.00498000000106913,-0.00700239035825694));
#13886=CARTESIAN_POINT('',(0.00036315970646829,0.00500000008333333,-0.00683229471961595));
#13887=CARTESIAN_POINT('',(0.000363159706460331,0.00518,-0.00683229471961882));
#13888=CARTESIAN_POINT('',(0.000208834785319228,0.00518,-0.00700239035825694));
#13889=CARTESIAN_POINT('',(0.000230878884813008,0.00498000000106913,-0.00706347918783453));
#13890=CARTESIAN_POINT('',(0.000209220863123453,0.00500000016666667,-0.00679800714746468));
#13891=CARTESIAN_POINT('',(0.000209220863121843,0.00518,-0.00679800714746971));
#13892=CARTESIAN_POINT('',(0.000230878884813008,0.00518,-0.00706347918783453));
#13893=CARTESIAN_POINT('',(0.000189564929664135,0.00498000000106913,-0.00705025684709262));
#13894=CARTESIAN_POINT('',(4.08256224019595E-5,0.00500000016666667,-0.00684557933207812));
#13895=CARTESIAN_POINT('',(4.08256224019596E-5,0.00518,-0.00684557933207812));
#13896=CARTESIAN_POINT('',(0.000189564929664135,0.00518,-0.00705025684709262));
#13897=CARTESIAN_POINT('',(0.000163437720019279,0.00498000000106913,-0.00695271034403815));
#13898=CARTESIAN_POINT('',(1.62651804856966E-6,0.00500000016666667,-0.00697081877087464));
#13899=CARTESIAN_POINT('',(1.62651804856967E-6,0.00506000005555556,-0.00697081877087464));
#13900=CARTESIAN_POINT('',(1.62651804856968E-6,0.00511999994444444,-0.00697081877087464));
#13901=CARTESIAN_POINT('',(1.62651804856969E-6,0.00517999983333333,-0.00697081877087464));
#13902=CARTESIAN_POINT('',(4.03243023285068E-7,0.00517999983333333,-0.00697095571573261));
#13903=CARTESIAN_POINT('',(0.000163437720019279,0.00518,-0.00695271034403815));
#13904=CARTESIAN_POINT('',(0.00219858993951022,0.00498000000106913,-0.00694054154375849));
#13905=CARTESIAN_POINT('',(1.26082355758712E-6,0.00500000016666667,-0.00700970860398421));
#13906=CARTESIAN_POINT('',(1.26082355758804E-6,0.00518,-0.00700970860398421));
#13907=CARTESIAN_POINT('',(0.00219858993951022,0.00518,-0.00694054154375849));
#13908=CARTESIAN_POINT('',(0.000392043364944269,0.00498000000106913,-0.00563673840403749));
#13909=CARTESIAN_POINT('',(0.000263723333038621,0.00500000016666667,-0.00705845994287908));
#13910=CARTESIAN_POINT('',(0.000263723333038621,0.00506000005555556,-0.00705845994287908));
#13911=CARTESIAN_POINT('',(0.000263723333038621,0.00511999994444445,-0.00705845994287908));
#13912=CARTESIAN_POINT('',(0.000263723333038621,0.00517999983333333,-0.00705845994287908));
#13913=CARTESIAN_POINT('',(0.000263666324403875,0.00517999983333333,-0.00705909156976525));
#13914=CARTESIAN_POINT('',(0.000392043364944269,0.00518,-0.00563673840403749));
#13915=CARTESIAN_POINT('',(0.000150980670998305,0.00498000000106913,-0.00815052256843234));
#13916=CARTESIAN_POINT('',(0.000394536744337248,0.00500000016666666,-0.00708086391951926));
#13917=CARTESIAN_POINT('',(0.000394536744846909,0.00506000005555556,-0.0070808639196353));
#13918=CARTESIAN_POINT('',(0.000394536745356571,0.00511999994444445,-0.00708086391975135));
#13919=CARTESIAN_POINT('',(0.000394536745866233,0.00517999983333333,-0.0070808639198674));
#13920=CARTESIAN_POINT('',(0.000394480277863104,0.00517999983333333,-0.00708111191859353));
#13921=CARTESIAN_POINT('',(0.000150980670998305,0.00518,-0.00815052256843234));
#13922=CARTESIAN_POINT('',(0.000301512140092665,0.00498000000106913,-0.00742750097170927));
#13923=CARTESIAN_POINT('',(0.000500322579179955,0.00500000008333333,-0.00712907724763556));
#13924=CARTESIAN_POINT('',(0.000500322579179955,0.00518,-0.00712907724763556));
#13925=CARTESIAN_POINT('',(0.000301512140092665,0.00518,-0.00742750097170927));
#13926=CARTESIAN_POINT('',(0.000365082340777617,0.00498000000106913,-0.00732716838792232));
#13927=CARTESIAN_POINT('',(0.000576346331880403,0.00500000016666667,-0.00721360101581856));
#13928=CARTESIAN_POINT('',(0.000576346331880403,0.00506000005555556,-0.00721360101581856));
#13929=CARTESIAN_POINT('',(0.000576346331880403,0.00511999994444444,-0.00721360101581856));
#13930=CARTESIAN_POINT('',(0.000576346331880403,0.00517999983333333,-0.00721360101581856));
#13931=CARTESIAN_POINT('',(0.000576420684883991,0.00517999983333333,-0.00721356104651199));
#13932=CARTESIAN_POINT('',(0.000365082340777618,0.00518,-0.00732716838792232));
#13933=CARTESIAN_POINT('',(0.000369240787508361,0.00498000000106913,-0.00732665787526889));
#13934=CARTESIAN_POINT('',(0.000605319785740155,0.00500000016666667,-0.0073296571852731));
#13935=CARTESIAN_POINT('',(0.000605319785740155,0.00506000005555556,-0.0073296571852731));
#13936=CARTESIAN_POINT('',(0.000605319785740155,0.00511999994444444,-0.0073296571852731));
#13937=CARTESIAN_POINT('',(0.000605319785740155,0.00517999983333333,-0.0073296571852731));
#13938=CARTESIAN_POINT('',(0.000605417777907,0.00517999983333333,-0.00732965843024048));
#13939=CARTESIAN_POINT('',(0.000369240787508361,0.00518,-0.00732665787526889));
#13940=CARTESIAN_POINT('',(0.000376072815283519,0.00498000000106913,-0.00733681803435612));
#13941=CARTESIAN_POINT('',(0.000528579420446774,0.00500000008333333,-0.00750780006826603));
#13942=CARTESIAN_POINT('',(0.000528579420446774,0.00506000002777778,-0.00750780006826603));
#13943=CARTESIAN_POINT('',(0.000528579420446774,0.00511999997222222,-0.00750780006826603));
#13944=CARTESIAN_POINT('',(0.000528579420446774,0.00517999991666667,-0.00750780006826603));
#13945=CARTESIAN_POINT('',(0.000528564289800337,0.00517999991666667,-0.00750778369347483));
#13946=CARTESIAN_POINT('',(0.000376072815283519,0.00518,-0.00733681803435612));
#13947=CARTESIAN_POINT('',(0.000331958176729327,0.00498000000106913,-0.00725719837368428));
#13948=CARTESIAN_POINT('',(0.000308729692054113,0.00500000016666667,-0.00757612281490504));
#13949=CARTESIAN_POINT('',(0.000308729692054113,0.00506000005555556,-0.00757612281490504));
#13950=CARTESIAN_POINT('',(0.000308729692054113,0.00511999994444445,-0.00757612281490504));
#13951=CARTESIAN_POINT('',(0.000308729692054113,0.00517999983333333,-0.00757612281490504));
#13952=CARTESIAN_POINT('',(0.000308633620939402,0.00517999983333333,-0.007577441860465));
#13953=CARTESIAN_POINT('',(0.000331958176729327,0.00518,-0.00725719837368428));
#13954=CARTESIAN_POINT('',(0.000304623335526565,0.00498000000106913,-0.00712044855873524));
#13955=CARTESIAN_POINT('',(0.000304623335526565,0.00518,-0.00712044855873524));
#13956=CARTESIAN_POINT('',(0.001950893795349,0.00498,-0.00756));
#13957=CARTESIAN_POINT('',(0.001950893795349,0.00498,-0.00756));
#13958=CARTESIAN_POINT('',(0.001950893795349,0.00518,-0.00756));
#13959=CARTESIAN_POINT('',(0.001950893795349,0.00518,-0.00756));
#13960=CARTESIAN_POINT('',(0.001950893795349,0.00518,-0.006691395348837));
#13961=CARTESIAN_POINT('',(0.001950893795349,0.00498,-0.006691395348837));
#13962=CARTESIAN_POINT('',(0.001803728097674,0.00498,-0.00756));
#13963=CARTESIAN_POINT('',(0.001803728097674,0.00498,-0.00756));
#13964=CARTESIAN_POINT('',(0.001803728097674,0.00518,-0.00756));
#13965=CARTESIAN_POINT('',(0.001803728097674,0.00518,-0.00756));
#13966=CARTESIAN_POINT('',(0.001803728097674,0.00498,-0.007109945494186));
#13967=CARTESIAN_POINT('',(0.001803728097674,0.00500000016666667,-0.007109945494186));
#13968=CARTESIAN_POINT('',(0.001803728097674,0.00506000002777778,-0.007109945494186));
#13969=CARTESIAN_POINT('',(0.001803728097674,0.00511999988888889,-0.007109945494186));
#13970=CARTESIAN_POINT('',(0.001803728097674,0.00517999975,-0.007109945494186));
#13971=CARTESIAN_POINT('',(0.001803728097674,0.00517999975,-0.00710994991025284));
#13972=CARTESIAN_POINT('',(0.001803728097674,0.00518,-0.007109945494186));
#13973=CARTESIAN_POINT('',(0.00124785938874946,0.00498000000106913,-0.00708596050537891));
#13974=CARTESIAN_POINT('',(0.00178079128354556,0.00500000016666667,-0.00692843060965183));
#13975=CARTESIAN_POINT('',(0.00178079128348738,0.00506000005555556,-0.006928430609455));
#13976=CARTESIAN_POINT('',(0.0017807912834292,0.00511999994444444,-0.00692843060925816));
#13977=CARTESIAN_POINT('',(0.00178079128337102,0.00517999983333333,-0.00692843060906133));
#13978=CARTESIAN_POINT('',(0.00178001806944745,0.00517999983333333,-0.00692865915920997));
#13979=CARTESIAN_POINT('',(0.00124785938874946,0.00518,-0.00708596050537891));
#13980=CARTESIAN_POINT('',(0.0016050502723802,0.00498000000106913,-0.00698966224719698));
#13981=CARTESIAN_POINT('',(0.00170366002105357,0.00500000016666808,-0.0068330177370419));
#13982=CARTESIAN_POINT('',(0.0017036598466573,0.0050600000555565,-0.00683301762725719));
#13983=CARTESIAN_POINT('',(0.00170365967226085,0.00511999994444492,-0.00683301751747277));
#13984=CARTESIAN_POINT('',(0.00170365949786422,0.00517999983333333,-0.00683301740768864));
#13985=CARTESIAN_POINT('',(0.00170360091744224,0.00517999983333333,-0.00683311046511614));
#13986=CARTESIAN_POINT('',(0.0016050502723802,0.00518,-0.00698966224719698));
#13987=CARTESIAN_POINT('',(0.00158997163209302,0.00498000000106913,-0.00701415817992996));
#13988=CARTESIAN_POINT('',(0.0015887028336156,0.00500000016666667,-0.00680043594712432));
#13989=CARTESIAN_POINT('',(0.0015887028336156,0.00506000005555556,-0.00680043594712432));
#13990=CARTESIAN_POINT('',(0.0015887028336156,0.00511999994444444,-0.00680043594712432));
#13991=CARTESIAN_POINT('',(0.0015887028336156,0.00517999983333333,-0.00680043594712432));
#13992=CARTESIAN_POINT('',(0.00158870266162473,0.00517999983333333,-0.006800406976744));
#13993=CARTESIAN_POINT('',(0.00158997163209302,0.00518,-0.00701415817992996));
#13994=CARTESIAN_POINT('',(0.00157478744762534,0.00498000000106913,-0.00693810401826002));
#13995=CARTESIAN_POINT('',(0.00146951438219175,0.00500000008333333,-0.006849825008304));
#13996=CARTESIAN_POINT('',(0.00146951438219175,0.00518,-0.006849825008304));
#13997=CARTESIAN_POINT('',(0.00157478744762534,0.00518,-0.00693810401826002));
#13998=CARTESIAN_POINT('',(0.00168928974385831,0.00498000000106913,-0.00697730417195458));
#13999=CARTESIAN_POINT('',(0.001434996266279,0.00517999983333333,-0.006996409883721));
#14000=CARTESIAN_POINT('',(0.001434996266279,0.0051199999722216,-0.006996409883721));
#14001=CARTESIAN_POINT('',(0.001434996266279,0.00506000011110986,-0.006996409883721));
#14002=CARTESIAN_POINT('',(0.001434996266279,0.00500000024999812,-0.006996409883721));
#14003=CARTESIAN_POINT('',(0.001434996266279,0.00517999983333333,-0.006996409967038));
#14004=CARTESIAN_POINT('',(0.00168928974385831,0.00518,-0.00697730417195458));
#14005=CARTESIAN_POINT('',(0.001434996266279,0.00498,-0.00756));
#14006=CARTESIAN_POINT('',(0.001434996266279,0.00498,-0.00756));
#14007=CARTESIAN_POINT('',(0.001434996266279,0.00518,-0.00756));
#14008=CARTESIAN_POINT('',(0.001434996266279,0.00518,-0.00756));
#14009=CARTESIAN_POINT('',(0.001287830568605,0.00498,-0.00756));
#14010=CARTESIAN_POINT('',(0.001287830568605,0.00498,-0.00756));
#14011=CARTESIAN_POINT('',(0.001287830568605,0.00518,-0.00756));
#14012=CARTESIAN_POINT('',(0.001287830568605,0.00518,-0.00756));
#14013=CARTESIAN_POINT('',(0.001287830568605,0.00498,-0.007056039244186));
#14014=CARTESIAN_POINT('',(0.001287830568605,0.00500000016666667,-0.007056039244186));
#14015=CARTESIAN_POINT('',(0.001287830568605,0.00506000005555556,-0.007056039244186));
#14016=CARTESIAN_POINT('',(0.001287830568605,0.00511999994444444,-0.007056039244186));
#14017=CARTESIAN_POINT('',(0.001287830568605,0.00517999983333333,-0.007056039244186));
#14018=CARTESIAN_POINT('',(0.001287830568605,0.00517999983333333,-0.00705603997007349));
#14019=CARTESIAN_POINT('',(0.001287830568605,0.00518,-0.007056039244186));
#14020=CARTESIAN_POINT('',(0.00101372937657141,0.00498000000106913,-0.00702978471990566));
#14021=CARTESIAN_POINT('',(0.0012286566296631,0.00500000008339338,-0.00686024790853282));
#14022=CARTESIAN_POINT('',(0.00122865579879238,0.00506000000004003,-0.00686024685521136));
#14023=CARTESIAN_POINT('',(0.00122865496791392,0.00511999991668668,-0.00686024580189601));
#14024=CARTESIAN_POINT('',(0.00122865413702771,0.00517999983333333,-0.00686024474858677));
#14025=CARTESIAN_POINT('',(0.00122732911512963,0.00517999983333333,-0.0068612899709437));
#14026=CARTESIAN_POINT('',(0.00101372937657141,0.00518,-0.00702978471990566));
#14027=CARTESIAN_POINT('',(0.00108185391880755,0.00498000000106913,-0.00700571035643065));
#14028=CARTESIAN_POINT('',(0.00107526821308142,0.00500000016666667,-0.00680072815567009));
#14029=CARTESIAN_POINT('',(0.00107526821308142,0.00506000005555556,-0.00680072815567009));
#14030=CARTESIAN_POINT('',(0.00107526821308142,0.00511999994444444,-0.00680072815567009));
#14031=CARTESIAN_POINT('',(0.00107526821308142,0.00517999983333333,-0.00680072815567009));
#14032=CARTESIAN_POINT('',(0.00107525789419281,0.00517999983333333,-0.006800406976744));
#14033=CARTESIAN_POINT('',(0.00108185391880755,0.00518,-0.00700571035643065));
#14034=CARTESIAN_POINT('',(0.00107093540392516,0.00498000000106913,-0.00696270527671507));
#14035=CARTESIAN_POINT('',(0.000986889745977763,0.00500000008336741,-0.00682399772381588));
#14036=CARTESIAN_POINT('',(0.000986888880731835,0.00506000000002272,-0.00682399824808555));
#14037=CARTESIAN_POINT('',(0.000986888015490813,0.00511999991667802,-0.00682399877236332));
#14038=CARTESIAN_POINT('',(0.000986887150254696,0.00517999983333333,-0.00682399929664919));
#14039=CARTESIAN_POINT('',(0.000986958475582299,0.00517999983333333,-0.00682411700581317));
#14040=CARTESIAN_POINT('',(0.00107093540392516,0.00518,-0.00696270527671507));
#14041=CARTESIAN_POINT('',(0.00104985109885942,0.00498000000106913,-0.00692950589300639));
#14042=CARTESIAN_POINT('',(0.000935012117440331,0.00500000008334018,-0.00688655797026714));
#14043=CARTESIAN_POINT('',(0.000935011959071072,0.00506000000000457,-0.00688655839373266));
#14044=CARTESIAN_POINT('',(0.000935011800704156,0.00511999991666896,-0.00688655881719905));
#14045=CARTESIAN_POINT('',(0.000935011642339582,0.00517999983333335,-0.00688655924066632));
#14046=CARTESIAN_POINT('',(0.000935068939795234,0.00517999983333333,-0.00688658067104896));
#14047=CARTESIAN_POINT('',(0.00104985109885942,0.00518,-0.00692950589300639));
#14048=CARTESIAN_POINT('',(0.00134653074429037,0.00498000000106913,-0.00699321787085433));
#14049=CARTESIAN_POINT('',(0.000920733911628,0.00517999983333333,-0.007013579215116));
#14050=CARTESIAN_POINT('',(0.000920733911628,0.00511999994444445,-0.007013579215116));
#14051=CARTESIAN_POINT('',(0.000920733911628,0.00506000005555556,-0.007013579215116));
#14052=CARTESIAN_POINT('',(0.000920733911628,0.00500000016666667,-0.007013579215116));
#14053=CARTESIAN_POINT('',(0.000920733911628,0.00517999983333333,-0.00701357929843463));
#14054=CARTESIAN_POINT('',(0.00134653074429037,0.00518,-0.00699321787085433));
#14055=CARTESIAN_POINT('',(0.000920733911628,0.00498,-0.00756));
#14056=CARTESIAN_POINT('',(0.000920733911628,0.00498,-0.00756));
#14057=CARTESIAN_POINT('',(0.000920733911628,0.00518,-0.00756));
#14058=CARTESIAN_POINT('',(0.000920733911628,0.00518,-0.00756));
#14059=CARTESIAN_POINT('',(0.000774385801163,0.00498,-0.00756));
#14060=CARTESIAN_POINT('',(0.000774385801163,0.00498,-0.00756));
#14061=CARTESIAN_POINT('',(0.000774385801163,0.00518,-0.00756));
#14062=CARTESIAN_POINT('',(0.000774385801163,0.00518,-0.00756));
#14063=CARTESIAN_POINT('',(0.000774385801163,0.00498,-0.00696523255814));
#14064=CARTESIAN_POINT('',(0.000774385801163,0.00500000016666667,-0.00696523255814));
#14065=CARTESIAN_POINT('',(0.000774385801163,0.00506000005555556,-0.00696523255814));
#14066=CARTESIAN_POINT('',(0.000774385801163,0.00511999994444444,-0.00696523255814));
#14067=CARTESIAN_POINT('',(0.000774385801163,0.00517999983333333,-0.00696523255814));
#14068=CARTESIAN_POINT('',(0.000774385801163,0.00517999983333333,-0.00696523326675462));
#14069=CARTESIAN_POINT('',(0.000774385801163,0.00518,-0.00696523255814));
#14070=CARTESIAN_POINT('',(0.00108491065625799,0.00498000000106913,-0.00693775918270418));
#14071=CARTESIAN_POINT('',(0.000842568070512976,0.00500000008341627,-0.00674431434035032));
#14072=CARTESIAN_POINT('',(0.000842569055116153,0.00506000000005529,-0.00674431310686548));
#14073=CARTESIAN_POINT('',(0.000842570039728747,0.00511999991669431,-0.00674431187338816));
#14074=CARTESIAN_POINT('',(0.000842571024350759,0.00517999983333334,-0.00674431063991836));
#14075=CARTESIAN_POINT('',(0.000843880713947438,0.00517999983333333,-0.00674535610465672));
#14076=CARTESIAN_POINT('',(0.00108491065625799,0.00518,-0.00693775918270418));
#14077=CARTESIAN_POINT('',(0.00102332377135454,0.00498000000106913,-0.00694059384836885));
#14078=CARTESIAN_POINT('',(0.00104247067843092,0.00500000016666667,-0.00667511440168526));
#14079=CARTESIAN_POINT('',(0.00104247067843092,0.00506000005555556,-0.00667511440168526));
#14080=CARTESIAN_POINT('',(0.00104247067843092,0.00511999994444444,-0.00667511440168526));
#14081=CARTESIAN_POINT('',(0.00104247067843092,0.00517999983333333,-0.00667511440168526));
#14082=CARTESIAN_POINT('',(0.00104255440582,0.00517999983333333,-0.006673953488372));
#14083=CARTESIAN_POINT('',(0.00102332377135454,0.00518,-0.00694059384836885));
#14084=CARTESIAN_POINT('',(0.00104220257149593,0.00498000000106913,-0.00698477583961699));
#14085=CARTESIAN_POINT('',(0.00131029034225077,0.00500000016666667,-0.00682663588383782));
#14086=CARTESIAN_POINT('',(0.00131072298659406,0.00517999983333333,-0.00682493441016431));
#14087=CARTESIAN_POINT('',(0.00104220257149593,0.00518,-0.00698477583961699));
#14088=CARTESIAN_POINT('',(0.00151222427956774,0.00498000000106913,-0.00689279558517781));
#14089=CARTESIAN_POINT('',(0.00139781461751258,0.00500000016666667,-0.00671372914148212));
#14090=CARTESIAN_POINT('',(0.00139781461751258,0.00506000005555556,-0.00671372914148212));
#14091=CARTESIAN_POINT('',(0.00139781461751258,0.00511999994444444,-0.00671372914148212));
#14092=CARTESIAN_POINT('',(0.00139781461751258,0.00517999983333333,-0.00671372914148212));
#14093=CARTESIAN_POINT('',(0.00139782330116814,0.00517999983333333,-0.00671374273255467));
#14094=CARTESIAN_POINT('',(0.00151222427956774,0.00518,-0.00689279558517781));
#14095=CARTESIAN_POINT('',(0.00154260617078213,0.00498000000106913,-0.00696337447289204));
#14096=CARTESIAN_POINT('',(0.00155597226541329,0.00500000016666667,-0.00667453496323882));
#14097=CARTESIAN_POINT('',(0.00155597226541329,0.00506000005555556,-0.00667453496323882));
#14098=CARTESIAN_POINT('',(0.00155597226541329,0.00511999994444444,-0.00667453496323882));
#14099=CARTESIAN_POINT('',(0.00155597226541329,0.00517999983333333,-0.00667453496323882));
#14100=CARTESIAN_POINT('',(0.00155599917325437,0.00517999983333333,-0.006673953488372));
#14101=CARTESIAN_POINT('',(0.00154260617078213,0.00518,-0.00696337447289204));
#14102=CARTESIAN_POINT('',(0.00156213566751145,0.00498000000106913,-0.00698155411368617));
#14103=CARTESIAN_POINT('',(0.00171060483653611,0.00500000008333778,-0.00671233872131999));
#14104=CARTESIAN_POINT('',(0.00171060515639771,0.00506000000000296,-0.00671233889771995));
#14105=CARTESIAN_POINT('',(0.00171060547625899,0.00511999991666815,-0.00671233907412049));
#14106=CARTESIAN_POINT('',(0.00171060579611996,0.00517999983333333,-0.00671233925052159));
#14107=CARTESIAN_POINT('',(0.00171052315581355,0.00517999983333333,-0.00671248909883674));
#14108=CARTESIAN_POINT('',(0.00156213566751145,0.00518,-0.00698155411368617));
#14109=CARTESIAN_POINT('',(0.00156060943778167,0.00498000000106913,-0.00698191439110567));
#14110=CARTESIAN_POINT('',(0.001819262254651,0.00500000016666667,-0.00681424081555357));
#14111=CARTESIAN_POINT('',(0.001819262254651,0.00518,-0.00681424081555357));
#14112=CARTESIAN_POINT('',(0.00156060943778167,0.00518,-0.00698191439110567));
#14113=CARTESIAN_POINT('',(0.001819262254651,0.00498,-0.006691395348837));
#14114=CARTESIAN_POINT('',(0.001819262254651,0.00498,-0.006691395348837));
#14115=CARTESIAN_POINT('',(0.001819262254651,0.00518,-0.006691395348837));
#14116=CARTESIAN_POINT('',(0.001819262254651,0.00518,-0.006691395348837));
#14117=CARTESIAN_POINT('',(0.001950893795349,0.00498,-0.006691395348837));
#14118=CARTESIAN_POINT('',(0.001950893795349,0.00518,-0.006691395348837));
#14119=CARTESIAN_POINT('',(0.0031799999,0.00498,-0.00756));
#14120=CARTESIAN_POINT('',(0.0031799999,0.00498,-0.00756));
#14121=CARTESIAN_POINT('',(0.0031799999,0.00518,-0.00756));
#14122=CARTESIAN_POINT('',(0.0031799999,0.00518,-0.00756));
#14123=CARTESIAN_POINT('',(0.00271969830116318,0.00518,-0.00636));
#14124=CARTESIAN_POINT('',(0.002719698301163,0.00498,-0.00636));
#14125=CARTESIAN_POINT('',(0.003011576934884,0.00498,-0.00756));
#14126=CARTESIAN_POINT('',(0.003011576934884,0.00498,-0.00756));
#14127=CARTESIAN_POINT('',(0.0030115769348839,0.00518,-0.00756));
#14128=CARTESIAN_POINT('',(0.003011576934884,0.00518,-0.00756));
#14129=CARTESIAN_POINT('',(0.002879945394186,0.00498,-0.007198953488372));
#14130=CARTESIAN_POINT('',(0.002879945394186,0.00498,-0.007198953488372));
#14131=CARTESIAN_POINT('',(0.002879945394186,0.00518,-0.007198953488372));
#14132=CARTESIAN_POINT('',(0.002879945394186,0.00518,-0.007198953488372));
#14133=CARTESIAN_POINT('',(0.002378764434884,0.00498,-0.007198953488372));
#14134=CARTESIAN_POINT('',(0.002378764434884,0.00498,-0.007198953488372));
#14135=CARTESIAN_POINT('',(0.00237876443488387,0.00518,-0.007198953488372));
#14136=CARTESIAN_POINT('',(0.002378764434884,0.00518,-0.007198953488372));
#14137=CARTESIAN_POINT('',(0.002238957022093,0.00498,-0.00756));
#14138=CARTESIAN_POINT('',(0.002238957022093,0.00498,-0.00756));
#14139=CARTESIAN_POINT('',(0.002238957022093,0.00518,-0.00756));
#14140=CARTESIAN_POINT('',(0.002238957022093,0.00518,-0.00756));
#14141=CARTESIAN_POINT('',(0.002058270248837,0.00498,-0.00756));
#14142=CARTESIAN_POINT('',(0.002058270248837,0.00498,-0.00756));
#14143=CARTESIAN_POINT('',(0.00205827024883744,0.00518,-0.00756));
#14144=CARTESIAN_POINT('',(0.002058270248837,0.00518,-0.00756));
#14145=CARTESIAN_POINT('',(0.002548822574419,0.00498,-0.00636));
#14146=CARTESIAN_POINT('',(0.002548822574419,0.00498,-0.00636));
#14147=CARTESIAN_POINT('',(0.002548822574419,0.00518,-0.00636));
#14148=CARTESIAN_POINT('',(0.002548822574419,0.00518,-0.00636));
#14149=CARTESIAN_POINT('',(0.002719698301163,0.00498,-0.00636));
#14150=CARTESIAN_POINT('',(0.002719698301163,0.00518,-0.00636));
#14151=CARTESIAN_POINT('',(6.799610290698E-5,0.00043,-0.007496744186047));
#14152=CARTESIAN_POINT('',(1.703307510469E-19,0.0004,-0.007496744186047));
#14153=CARTESIAN_POINT('',(6.799610290698E-5,0.0004,-0.007496744186047));
#14154=CARTESIAN_POINT('',(0.000326211074278282,0.000399999750002529,-0.007496744186047));
#14155=CARTESIAN_POINT('',(6.799610290698E-5,0.00043,-0.007496744186047));
#14156=CARTESIAN_POINT('',(0.000326217396512,0.000230000166666667,-0.007496744186047));
#14157=CARTESIAN_POINT('',(0.000326217396512,0.000286666694445287,-0.007496744186047));
#14158=CARTESIAN_POINT('',(0.000326217396512,0.000343333222223908,-0.007496744186047));
#14159=CARTESIAN_POINT('',(0.000326217396512,0.000399999750002528,-0.007496744186047));
#14160=CARTESIAN_POINT('',(6.799610290698E-5,0.00043,-0.007135552325581));
#14161=CARTESIAN_POINT('',(6.799610290698E-5,0.0004,-0.007238325773505));
#14162=CARTESIAN_POINT('',(6.799610290698E-5,0.0004,-0.007135552325581));
#14163=CARTESIAN_POINT('',(6.799610290698E-5,0.00043,-0.007135552325581));
#14164=CARTESIAN_POINT('',(0.000323492105814,0.00043,-0.007135552325581));
#14165=CARTESIAN_POINT('',(1.703307510469E-19,0.0004,-0.007135552325581));
#14166=CARTESIAN_POINT('',(0.000323492022495656,0.000399999833333333,-0.007135552325581));
#14167=CARTESIAN_POINT('',(0.000323492105814,0.000399999833333333,-0.007135552325581));
#14168=CARTESIAN_POINT('',(0.000323492105814,0.000343333305555114,-0.007135552325581));
#14169=CARTESIAN_POINT('',(0.000323492105814,0.000286666777776894,-0.007135552325581));
#14170=CARTESIAN_POINT('',(0.000323492105814,0.000230000249998674,-0.007135552325581));
#14171=CARTESIAN_POINT('',(0.000345950847186331,0.000429999998215992,-0.00774719883295121));
#14172=CARTESIAN_POINT('',(0.000345950847186331,0.0004,-0.00774719883295121));
#14173=CARTESIAN_POINT('',(0.000446811502157576,0.000399999833333333,-0.00714450036130121));
#14174=CARTESIAN_POINT('',(0.000446906567738389,0.000399999833333333,-0.00714393219498887));
#14175=CARTESIAN_POINT('',(0.000446906568483358,0.000343333277777778,-0.00714393219511354));
#14176=CARTESIAN_POINT('',(0.000446906569228327,0.000286666722222222,-0.00714393219523821));
#14177=CARTESIAN_POINT('',(0.000446906569973296,0.000230000166666666,-0.00714393219536287));
#14178=CARTESIAN_POINT('',(0.000407786092616542,0.000429999998215992,-0.0072870762598269));
#14179=CARTESIAN_POINT('',(0.000407786092616542,0.0004,-0.0072870762598269));
#14180=CARTESIAN_POINT('',(0.000530250826744008,0.000399999833333333,-0.00720413880814));
#14181=CARTESIAN_POINT('',(0.000530177497917306,0.000399999833333333,-0.00720418846901637));
#14182=CARTESIAN_POINT('',(0.000530177497917306,0.000343333277777778,-0.00720418846901637));
#14183=CARTESIAN_POINT('',(0.000530177497917306,0.000286666722222222,-0.00720418846901637));
#14184=CARTESIAN_POINT('',(0.000530177497917306,0.000230000166666667,-0.00720418846901637));
#14185=CARTESIAN_POINT('',(0.000377579313998817,0.000429999998215992,-0.00730687130938569));
#14186=CARTESIAN_POINT('',(0.000377579313998817,0.0004,-0.00730687130938569));
#14187=CARTESIAN_POINT('',(0.00056195504186,0.000399999833333333,-0.00731269622093402));
#14188=CARTESIAN_POINT('',(0.000561701986119435,0.000399999833333333,-0.0073126882262372));
#14189=CARTESIAN_POINT('',(0.000561701986119435,0.000343333277777778,-0.0073126882262372));
#14190=CARTESIAN_POINT('',(0.000561701986119435,0.000286666722222222,-0.0073126882262372));
#14191=CARTESIAN_POINT('',(0.000561701986119435,0.000230000166666667,-0.0073126882262372));
#14192=CARTESIAN_POINT('',(0.000388324260581539,0.000429999998215992,-0.00732397534048811));
#14193=CARTESIAN_POINT('',(0.000388324260581539,0.0004,-0.00732397534048811));
#14194=CARTESIAN_POINT('',(0.000508130550565754,0.000399999833333333,-0.00744850654071166));
#14195=CARTESIAN_POINT('',(0.000508476921359601,0.000399999833333333,-0.00744886657161772));
#14196=CARTESIAN_POINT('',(0.000508476921359601,0.000343333277777778,-0.00744886657161772));
#14197=CARTESIAN_POINT('',(0.000508476921359601,0.000286666722222222,-0.00744886657161772));
#14198=CARTESIAN_POINT('',(0.000508476921359601,0.000230000166666667,-0.00744886657161772));
#14199=CARTESIAN_POINT('',(0.000354013100236106,0.000429999998215992,-0.00721456893484417));
#14200=CARTESIAN_POINT('',(0.000354013100236106,0.0004,-0.00721456893484417));
#14201=CARTESIAN_POINT('',(-7.94145087309956E-5,0.000429999998215992,-0.00758788165125119));
#14202=CARTESIAN_POINT('',(-7.94145087309956E-5,0.0004,-0.00758788165125119));
#14203=CARTESIAN_POINT('',(-0.000706486092357221,0.000399999833333333,-0.00785348473766795));
#14204=CARTESIAN_POINT('',(-0.000761354756088635,0.0004,-0.00752611196524029));
#14205=CARTESIAN_POINT('',(-0.000761354756088635,0.000399999833333333,-0.00752611196524029));
#14206=CARTESIAN_POINT('',(-0.00070992072746254,0.000230000166666667,-0.00785493951617363));
#14207=CARTESIAN_POINT('',(-0.00070992072746254,0.000286666722222222,-0.00785493951617363));
#14208=CARTESIAN_POINT('',(-0.00070992072746254,0.000343333277777778,-0.00785493951617363));
#14209=CARTESIAN_POINT('',(-0.00070992072746254,0.000399999833333334,-0.00785493951617363));
#14210=CARTESIAN_POINT('',(-8.43217645982834E-5,0.000429999998215992,-0.00746632060196192));
#14211=CARTESIAN_POINT('',(-8.43217645982834E-5,0.0004,-0.00746632060196192));
#14212=CARTESIAN_POINT('',(-0.000700672139870119,0.000399999833333333,-0.00718824128123092));
#14213=CARTESIAN_POINT('',(-0.000703853947162369,0.000399999833333333,-0.0071868057482306));
#14214=CARTESIAN_POINT('',(-0.000703853946198219,0.000343333277777778,-0.0071868057460936));
#14215=CARTESIAN_POINT('',(-0.000703853945234069,0.000286666722222222,-0.00718680574395661));
#14216=CARTESIAN_POINT('',(-0.000703853944269918,0.000230000166666667,-0.00718680574181961));
#14217=CARTESIAN_POINT('',(-0.000568841831236367,0.000429999998215992,-0.00727314603660234));
#14218=CARTESIAN_POINT('',(-0.000568841831236367,0.0004,-0.00727314603660234));
#14219=CARTESIAN_POINT('',(-0.000565770248836773,0.000399999833333333,-0.007116656976744));
#14220=CARTESIAN_POINT('',(-0.000565771356231619,0.000399999833333333,-0.0071167133955928));
#14221=CARTESIAN_POINT('',(-0.000565771356231619,0.000343333277777778,-0.0071167133955928));
#14222=CARTESIAN_POINT('',(-0.000565771356231619,0.000286666722222222,-0.0071167133955928));
#14223=CARTESIAN_POINT('',(-0.000565771356231619,0.000230000166666667,-0.0071167133955928));
#14224=CARTESIAN_POINT('',(-0.000568876931249534,0.000429999998215992,-0.00728674548032036));
#14225=CARTESIAN_POINT('',(-0.000568876931249534,0.0004,-0.00728674548032036));
#14226=CARTESIAN_POINT('',(-0.000422374536119275,0.000399999833333333,-0.00719782521873953));
#14227=CARTESIAN_POINT('',(-0.000423074943728051,0.000399999833333333,-0.00719825033314287));
#14228=CARTESIAN_POINT('',(-0.000423074943728051,0.000343333277777778,-0.00719825033314287));
#14229=CARTESIAN_POINT('',(-0.000423074943728051,0.000286666722222222,-0.00719825033314287));
#14230=CARTESIAN_POINT('',(-0.000423074943728051,0.000230000166666667,-0.00719825033314287));
#14231=CARTESIAN_POINT('',(-0.00104927377166874,0.000429999998215992,-0.00746344634214452));
#14232=CARTESIAN_POINT('',(-0.00104927377166874,0.0004,-0.00746344634214452));
#14233=CARTESIAN_POINT('',(-0.000364780059884,0.000399999833333333,-0.00752581395348777));
#14234=CARTESIAN_POINT('',(-0.000367489283901332,0.000399999833333333,-0.00752562835469169));
#14235=CARTESIAN_POINT('',(-0.00104855943460364,0.000429999998215992,-0.00758757502046242));
#14236=CARTESIAN_POINT('',(-0.00104855943460364,0.0004,-0.00758757502046242));
#14237=CARTESIAN_POINT('',(-0.000422374534807191,0.000399999833333333,-0.00785316678520339));
#14238=CARTESIAN_POINT('',(-0.000418967992362451,0.000399999833333333,-0.00785461163861513));
#14239=CARTESIAN_POINT('',(-0.000418967993254219,0.000343333277777778,-0.00785461164071765));
#14240=CARTESIAN_POINT('',(-0.000418967994145987,0.000286666722222222,-0.00785461164282017));
#14241=CARTESIAN_POINT('',(-0.000418967995037755,0.000230000166666666,-0.00785461164492269));
#14242=CARTESIAN_POINT('',(-0.000568755273296497,0.000429999998215992,-0.00776619496016202));
#14243=CARTESIAN_POINT('',(-0.000568755273296497,0.0004,-0.00776619496016202));
#14244=CARTESIAN_POINT('',(-0.000564171032304604,0.0004,-0.00793549952103994));
#14245=CARTESIAN_POINT('',(-0.000564171032304575,0.000399999833333333,-0.00793549952104095));
#14246=CARTESIAN_POINT('',(-0.000560185928879018,0.000429999998215992,-0.00776594424143272));
#14247=CARTESIAN_POINT('',(-0.000560185928879018,0.0004,-0.00776594424143272));
#14248=CARTESIAN_POINT('',(-0.003013471060347,0.00518,-0.006955121652991));
#14249=CARTESIAN_POINT('',(-0.00302741391346549,0.00518,-0.0069657274755296));
#14250=CARTESIAN_POINT('',(-0.00302357931511587,0.00517999983333333,-0.006441268168605));
#14251=CARTESIAN_POINT('',(-0.00277050882093001,0.00517999983333333,-0.006507983284884));
#14252=CARTESIAN_POINT('',(-0.00301900660062392,0.00518,-0.00696645585187951));
#14253=CARTESIAN_POINT('',(-0.003276213762791,0.00517999983333333,-0.006507983284884));
#14254=CARTESIAN_POINT('',(-0.00305254482757715,0.00518,-0.00692608329905144));
#14255=CARTESIAN_POINT('',(-0.00346872829767401,0.00517999983333333,-0.006698699127907));
#14256=CARTESIAN_POINT('',(-0.00301495313851724,0.00518,-0.00695921185924956));
#14257=CARTESIAN_POINT('',(-0.003537841669767,0.00517999983333333,-0.00695694767441885));
#14258=CARTESIAN_POINT('',(-0.00301821719295649,0.00518,-0.00695534841729388));
#14259=CARTESIAN_POINT('',(-0.003469981931395,0.00517999983333333,-0.007212688953488));
#14260=CARTESIAN_POINT('',(-0.00304783429070184,0.00518,-0.00698146246540426));
#14261=CARTESIAN_POINT('',(-0.003279484111628,0.00517999983333333,-0.007403404796512));
#14262=CARTESIAN_POINT('',(-0.00302164662492253,0.00518,-0.00695370875010627));
#14263=CARTESIAN_POINT('',(-0.00302357952972426,0.00518,-0.00747187013779197));
#14264=CARTESIAN_POINT('',(-0.00302551200531008,0.00518,-0.00695370875010807));
#14265=CARTESIAN_POINT('',(-0.002767674518605,0.00517999983333333,-0.007403404796512));
#14266=CARTESIAN_POINT('',(-0.00300088666202197,0.00518,-0.00697895906563258));
#14267=CARTESIAN_POINT('',(-0.00257674065232601,0.00517999983333333,-0.007212688953488));
#14268=CARTESIAN_POINT('',(-0.0030258696602115,0.00518,-0.00695525899680092));
#14269=CARTESIAN_POINT('',(-0.002508499373256,0.00517999983333333,-0.00695694767441886));
#14270=CARTESIAN_POINT('',(-0.00302917012438539,0.00518,-0.00695930255271901));
#14271=CARTESIAN_POINT('',(-0.002577994286047,0.00517999983333333,-0.006698699127907));
#14272=CARTESIAN_POINT('',(-0.0029968364744018,0.00518,-0.0069286924592611));
#14273=CARTESIAN_POINT('',(-0.00151526673799,0.00518,-0.007128418971452));
#14274=CARTESIAN_POINT('',(-0.000678057435664,0.00518,-0.007128418971452));
#14275=CARTESIAN_POINT('',(0.000197990572218,0.00518,-0.007148114459958));
#14276=CARTESIAN_POINT('',(0.000367684699161671,0.00518,-0.00606921457250871));
#14277=CARTESIAN_POINT('',(1.22083023256699E-6,0.00518,-0.00712393047030995));
#14278=CARTESIAN_POINT('',(0.000241591469755418,0.00517999983333333,-0.00717927688953331));
#14279=CARTESIAN_POINT('',(1.22083023256704E-6,0.00518,-0.007177042151163));
#14280=CARTESIAN_POINT('',(1.22083023256703E-6,0.00517999983333333,-0.00717704086386673));
#14281=CARTESIAN_POINT('',(0.000369348825603193,0.00518,-0.00719695695770334));
#14282=CARTESIAN_POINT('',(2.49308586616546E-5,0.00517999983333333,-0.00732420784748925));
#14283=CARTESIAN_POINT('',(0.000230860685387103,0.00518,-0.00722429293225634));
#14284=CARTESIAN_POINT('',(0.000122223737209,0.00517999983333333,-0.00742602470930199));
#14285=CARTESIAN_POINT('',(0.0002671666623145,0.00518,-0.00715923338583678));
#14286=CARTESIAN_POINT('',(0.000273477370930136,0.00517999983333333,-0.007463197674419));
#14287=CARTESIAN_POINT('',(0.000288483527357187,0.00518,-0.00726790640418227));
#14288=CARTESIAN_POINT('',(0.000403909783714221,0.00517999983333333,-0.00742406250000594));
#14289=CARTESIAN_POINT('',(0.000323707464351567,0.00518,-0.00732844475928122));
#14290=CARTESIAN_POINT('',(0.000448441033721,0.00517999983333333,-0.00732611555232941));
#14291=CARTESIAN_POINT('',(0.000323493660520488,0.00518,-0.00732481815164569));
#14292=CARTESIAN_POINT('',(0.000428001353488076,0.00517999983333333,-0.00725640261627911));
#14293=CARTESIAN_POINT('',(0.000321718843563431,0.00518,-0.0073269411124717));
#14294=CARTESIAN_POINT('',(0.000369952658022368,0.00517999983333333,-0.00720865552168833));
#14295=CARTESIAN_POINT('',(0.000178756474833318,0.00518,-0.00776867423035478));
#14296=CARTESIAN_POINT('',(0.001378174705171,0.00518,-0.007079867944088));
#14297=CARTESIAN_POINT('',(0.002626650702515,0.00518,-0.007021562153193));
#14298=CARTESIAN_POINT('',(0.002834160510465,0.00518,-0.007068139534884));
#14299=CARTESIAN_POINT('',(0.0028341605104648,0.00518,-0.007068139534884));
#14300=CARTESIAN_POINT('',(0.002427819667442,0.00518,-0.007068139534884));
#14301=CARTESIAN_POINT('',(0.002702528969767,0.00518,-0.006715541424419));
#14302=CARTESIAN_POINT('',(0.00270252899890525,0.00517999983333333,-0.00671554150247049));
#14303=CARTESIAN_POINT('',(0.00414591954334127,0.00518,-0.00618534124839002));
#14304=CARTESIAN_POINT('',(0.00263801776720846,0.00518,-0.00648641524423735));
#14305=CARTESIAN_POINT('',(-0.000599688728601323,0.00518,-0.00551536531201253));
#14306=CARTESIAN_POINT('',(0.00255291048116401,0.00517999983333333,-0.00673521810123928));
#14307=CARTESIAN_POINT('',(0.002427819667442,0.00518,-0.007068139534884));
#14308=CARTESIAN_POINT('',(1.703307510469E-19,0.0004,-0.007238325773505));
#14309=CARTESIAN_POINT('',(1.703307510469E-19,0.0004,-0.007238325773505));
#14310=CARTESIAN_POINT('',(-0.00302741391346549,0.00498000000106913,-0.0069657274755296));
#14311=CARTESIAN_POINT('',(-0.00302741391346549,0.005,-0.0069657274755296));
#14312=CARTESIAN_POINT('',(-0.00277050882093001,0.00500000016666667,-0.006507983284884));
#14313=CARTESIAN_POINT('',(-0.00302357931511587,0.00500000016666667,-0.006441268168605));
#14314=CARTESIAN_POINT('',(-0.00302357800710664,0.00500000016666667,-0.00644108927172413));
#14315=CARTESIAN_POINT('',(-0.00302357800710664,0.00506000005555556,-0.00644108927172413));
#14316=CARTESIAN_POINT('',(-0.00302357800710664,0.00511999994444445,-0.00644108927172413));
#14317=CARTESIAN_POINT('',(-0.00302357800710664,0.00517999983333333,-0.00644108927172413));
#14318=CARTESIAN_POINT('',(-0.00277063473164349,0.00517999983333333,-0.00650820762803372));
#14319=CARTESIAN_POINT('',(-0.00277063473164349,0.00511999994444445,-0.00650820762803372));
#14320=CARTESIAN_POINT('',(-0.00277063473164349,0.00506000005555556,-0.00650820762803372));
#14321=CARTESIAN_POINT('',(-0.00277063473164349,0.00500000016666667,-0.00650820762803372));
#14322=CARTESIAN_POINT('',(-0.00301900660062392,0.00498000000106913,-0.00696645585187951));
#14323=CARTESIAN_POINT('',(-0.00301900660062392,0.005,-0.00696645585187951));
#14324=CARTESIAN_POINT('',(-0.003276213762791,0.00500000016666667,-0.006507983284884));
#14325=CARTESIAN_POINT('',(-0.0032760765790955,0.00500000016666667,-0.00650822781524815));
#14326=CARTESIAN_POINT('',(-0.0032760765790955,0.00506000005555556,-0.00650822781524815));
#14327=CARTESIAN_POINT('',(-0.0032760765790955,0.00511999994444445,-0.00650822781524815));
#14328=CARTESIAN_POINT('',(-0.0032760765790955,0.00517999983333333,-0.00650822781524815));
#14329=CARTESIAN_POINT('',(-0.00305254482757715,0.00498000000106913,-0.00692608329905144));
#14330=CARTESIAN_POINT('',(-0.00305254482757715,0.005,-0.00692608329905144));
#14331=CARTESIAN_POINT('',(-0.00346872829767401,0.00500000016666667,-0.006698699127907));
#14332=CARTESIAN_POINT('',(-0.00346863432300925,0.00500000016666667,-0.00669875047149171));
#14333=CARTESIAN_POINT('',(-0.00346863432300925,0.00506000005555556,-0.00669875047149171));
#14334=CARTESIAN_POINT('',(-0.00346863432300925,0.00511999994444445,-0.00669875047149171));
#14335=CARTESIAN_POINT('',(-0.00346863432300925,0.00517999983333333,-0.00669875047149171));
#14336=CARTESIAN_POINT('',(-0.00301495313851724,0.00498000000106913,-0.00695921185924956));
#14337=CARTESIAN_POINT('',(-0.00301495313851724,0.005,-0.00695921185924956));
#14338=CARTESIAN_POINT('',(-0.003537841669767,0.00500000016666667,-0.00695694767441886));
#14339=CARTESIAN_POINT('',(-0.00353796955658459,0.00500000016666667,-0.00695694712065013));
#14340=CARTESIAN_POINT('',(-0.00353796955658459,0.00506000005555556,-0.00695694712065013));
#14341=CARTESIAN_POINT('',(-0.00353796955658459,0.00511999994444445,-0.00695694712065013));
#14342=CARTESIAN_POINT('',(-0.00353796955658459,0.00517999983333333,-0.00695694712065013));
#14343=CARTESIAN_POINT('',(-0.00301821719295649,0.00498000000106913,-0.00695534841729388));
#14344=CARTESIAN_POINT('',(-0.00301821719295649,0.005,-0.00695534841729388));
#14345=CARTESIAN_POINT('',(-0.003469981931395,0.00500000016666667,-0.007212688953488));
#14346=CARTESIAN_POINT('',(-0.00346981668053122,0.00500000016666667,-0.00721259482098434));
#14347=CARTESIAN_POINT('',(-0.00346981668053122,0.00506000005555556,-0.00721259482098434));
#14348=CARTESIAN_POINT('',(-0.00346981668053122,0.00511999994444445,-0.00721259482098434));
#14349=CARTESIAN_POINT('',(-0.00346981668053122,0.00517999983333333,-0.00721259482098434));
#14350=CARTESIAN_POINT('',(-0.00304783429070184,0.00498000000106913,-0.00698146246540426));
#14351=CARTESIAN_POINT('',(-0.00304783429070184,0.005,-0.00698146246540426));
#14352=CARTESIAN_POINT('',(-0.003279484111628,0.00500000016666667,-0.007403404796512));
#14353=CARTESIAN_POINT('',(-0.00327944845404769,0.00500000016666667,-0.00740333984743283));
#14354=CARTESIAN_POINT('',(-0.00327944845404769,0.00506000005555556,-0.00740333984743283));
#14355=CARTESIAN_POINT('',(-0.00327944845404769,0.00511999994444445,-0.00740333984743283));
#14356=CARTESIAN_POINT('',(-0.00327944845404769,0.00517999983333333,-0.00740333984743283));
#14357=CARTESIAN_POINT('',(-0.00302164662492253,0.00498000000106913,-0.00695370875010627));
#14358=CARTESIAN_POINT('',(-0.00302164662492253,0.005,-0.00695370875010627));
#14359=CARTESIAN_POINT('',(-0.00302357952972426,0.005,-0.00747187013779197));
#14360=CARTESIAN_POINT('',(-0.00302357974433549,0.00498000000106913,-0.0074718701369914));
#14361=CARTESIAN_POINT('',(-0.00302551200531008,0.00498000000106913,-0.00695370875010807));
#14362=CARTESIAN_POINT('',(-0.00302551200531008,0.005,-0.00695370875010807));
#14363=CARTESIAN_POINT('',(-0.002767674518605,0.00500000016666667,-0.007403404796512));
#14364=CARTESIAN_POINT('',(-0.00276777612804097,0.00500000016666667,-0.00740322757883037));
#14365=CARTESIAN_POINT('',(-0.00276777612804097,0.00506000005555556,-0.00740322757883037));
#14366=CARTESIAN_POINT('',(-0.00276777612804097,0.00511999994444445,-0.00740322757883037));
#14367=CARTESIAN_POINT('',(-0.00276777612804097,0.00517999983333333,-0.00740322757883037));
#14368=CARTESIAN_POINT('',(-0.00300088666202197,0.00498000000106913,-0.00697895906563258));
#14369=CARTESIAN_POINT('',(-0.00300088666202197,0.005,-0.00697895906563258));
#14370=CARTESIAN_POINT('',(-0.00257674065232601,0.00500000016666667,-0.007212688953488));
#14371=CARTESIAN_POINT('',(-0.00257678879233398,0.00500000016666667,-0.00721266242545659));
#14372=CARTESIAN_POINT('',(-0.00257678879233398,0.00506000005555556,-0.00721266242545659));
#14373=CARTESIAN_POINT('',(-0.00257678879233398,0.00511999994444445,-0.00721266242545659));
#14374=CARTESIAN_POINT('',(-0.00257678879233398,0.00517999983333333,-0.00721266242545659));
#14375=CARTESIAN_POINT('',(-0.0030258696602115,0.00498000000106913,-0.00695525899680092));
#14376=CARTESIAN_POINT('',(-0.0030258696602115,0.005,-0.00695525899680092));
#14377=CARTESIAN_POINT('',(-0.002508499373256,0.00500000016666667,-0.00695694767441886));
#14378=CARTESIAN_POINT('',(-0.00250839342136953,0.00500000016666667,-0.00695694802024207));
#14379=CARTESIAN_POINT('',(-0.00250839342136953,0.00506000005555556,-0.00695694802024207));
#14380=CARTESIAN_POINT('',(-0.00250839342136953,0.00511999994444445,-0.00695694802024207));
#14381=CARTESIAN_POINT('',(-0.00250839342136953,0.00517999983333333,-0.00695694802024207));
#14382=CARTESIAN_POINT('',(-0.00302917012438539,0.00498000000106913,-0.00695930255271901));
#14383=CARTESIAN_POINT('',(-0.00302917012438539,0.005,-0.00695930255271901));
#14384=CARTESIAN_POINT('',(-0.002577994286047,0.00500000016666667,-0.006698699127907));
#14385=CARTESIAN_POINT('',(-0.0025781874154304,0.00500000016666667,-0.00669881068126264));
#14386=CARTESIAN_POINT('',(-0.0025781874154304,0.00506000005555556,-0.00669881068126264));
#14387=CARTESIAN_POINT('',(-0.0025781874154304,0.00511999994444445,-0.00669881068126264));
#14388=CARTESIAN_POINT('',(-0.0025781874154304,0.00517999983333333,-0.00669881068126264));
#14389=CARTESIAN_POINT('',(-0.0029968364744018,0.00498000000106913,-0.0069286924592611));
#14390=CARTESIAN_POINT('',(-0.0029968364744018,0.005,-0.0069286924592611));
#14391=CARTESIAN_POINT('',(0.000367684699161671,0.00498000000106913,-0.00606921457250871));
#14392=CARTESIAN_POINT('',(0.000367684699161671,0.005,-0.00606921457250871));
#14393=CARTESIAN_POINT('',(0.000241591469755418,0.00500000016666667,-0.00717927688953331));
#14394=CARTESIAN_POINT('',(1.22083023256698E-6,0.005,-0.00712393047030995));
#14395=CARTESIAN_POINT('',(1.22083023256698E-6,0.00500000016666667,-0.00712393047030996));
#14396=CARTESIAN_POINT('',(0.000241663038964906,0.00517999983333333,-0.00717864682977655));
#14397=CARTESIAN_POINT('',(0.000241663038964906,0.00511999994444445,-0.00717864682977655));
#14398=CARTESIAN_POINT('',(0.000241663038964906,0.00506000005555556,-0.00717864682977655));
#14399=CARTESIAN_POINT('',(0.000241663038964906,0.00500000016666667,-0.00717864682977655));
#14400=CARTESIAN_POINT('',(1.220830232567E-6,0.00498,-0.007177042151163));
#14401=CARTESIAN_POINT('',(1.220830232567E-6,0.005,-0.007177042151163));
#14402=CARTESIAN_POINT('',(1.220830232567E-6,0.00500000016666667,-0.00717704206784588));
#14403=CARTESIAN_POINT('',(1.220830232567E-6,0.00500000016666667,-0.007177042151163));
#14404=CARTESIAN_POINT('',(1.22083023256702E-6,0.00506000005555556,-0.007177042151163));
#14405=CARTESIAN_POINT('',(1.22083023256703E-6,0.00511999994444444,-0.007177042151163));
#14406=CARTESIAN_POINT('',(1.22083023256704E-6,0.00517999983333333,-0.007177042151163));
#14407=CARTESIAN_POINT('',(0.000369348825603193,0.00498000000106913,-0.00719695695770334));
#14408=CARTESIAN_POINT('',(0.000369348825603193,0.005,-0.00719695695770334));
#14409=CARTESIAN_POINT('',(2.49308589386856E-5,0.00500000016666667,-0.00732420784807197));
#14410=CARTESIAN_POINT('',(2.41642493147214E-5,0.00500000016666667,-0.00732449108281213));
#14411=CARTESIAN_POINT('',(2.41642490915149E-5,0.00506000005555556,-0.007324491082208));
#14412=CARTESIAN_POINT('',(2.41642488683083E-5,0.00511999994444445,-0.00732449108160387));
#14413=CARTESIAN_POINT('',(2.41642486451017E-5,0.00517999983333333,-0.00732449108099974));
#14414=CARTESIAN_POINT('',(0.000230860685387103,0.00498000000106913,-0.00722429293225634));
#14415=CARTESIAN_POINT('',(0.000230860685387103,0.005,-0.00722429293225634));
#14416=CARTESIAN_POINT('',(0.000122223737209,0.00500000016666667,-0.00742602470930199));
#14417=CARTESIAN_POINT('',(0.000122299360123849,0.00500000016666667,-0.00742588428244674));
#14418=CARTESIAN_POINT('',(0.000122299360123849,0.00506000005555556,-0.00742588428244674));
#14419=CARTESIAN_POINT('',(0.000122299360123849,0.00511999994444445,-0.00742588428244674));
#14420=CARTESIAN_POINT('',(0.000122299360123849,0.00517999983333333,-0.00742588428244674));
#14421=CARTESIAN_POINT('',(0.0002671666623145,0.00498000000106913,-0.00715923338583678));
#14422=CARTESIAN_POINT('',(0.0002671666623145,0.005,-0.00715923338583678));
#14423=CARTESIAN_POINT('',(0.000273477370930136,0.00500000016666667,-0.007463197674419));
#14424=CARTESIAN_POINT('',(0.000273472661488107,0.00500000016666667,-0.00746297083742784));
#14425=CARTESIAN_POINT('',(0.000273472661488107,0.00506000005555556,-0.00746297083742784));
#14426=CARTESIAN_POINT('',(0.000273472661488107,0.00511999994444445,-0.00746297083742784));
#14427=CARTESIAN_POINT('',(0.000273472661488107,0.00517999983333333,-0.00746297083742784));
#14428=CARTESIAN_POINT('',(0.000288483527357187,0.00498000000106913,-0.00726790640418227));
#14429=CARTESIAN_POINT('',(0.000288483527357187,0.005,-0.00726790640418227));
#14430=CARTESIAN_POINT('',(0.000403908568711375,0.00500000008333333,-0.00742406356643348));
#14431=CARTESIAN_POINT('',(0.000404406892486297,0.00500000008342045,-0.00742474318661059));
#14432=CARTESIAN_POINT('',(0.000404408193590015,0.00506000000005808,-0.00742474222492087));
#14433=CARTESIAN_POINT('',(0.000404409494681766,0.00511999991669571,-0.00742474126321496));
#14434=CARTESIAN_POINT('',(0.000404410795761549,0.00517999983333333,-0.00742474030149286));
#14435=CARTESIAN_POINT('',(0.000323707464351567,0.00498000000106913,-0.00732844475928122));
#14436=CARTESIAN_POINT('',(0.000323707464351567,0.005,-0.00732844475928122));
#14437=CARTESIAN_POINT('',(0.000448441033721,0.00500000016666667,-0.00732611555232941));
#14438=CARTESIAN_POINT('',(0.000448368269658102,0.00500000016666667,-0.00732611691108261));
#14439=CARTESIAN_POINT('',(0.000448368269658102,0.00506000005555556,-0.00732611691108261));
#14440=CARTESIAN_POINT('',(0.000448368269658102,0.00511999994444445,-0.00732611691108261));
#14441=CARTESIAN_POINT('',(0.000448368269658102,0.00517999983333333,-0.00732611691108261));
#14442=CARTESIAN_POINT('',(0.000323493660520488,0.00498000000106913,-0.00732481815164569));
#14443=CARTESIAN_POINT('',(0.000323493660520488,0.005,-0.00732481815164569));
#14444=CARTESIAN_POINT('',(0.000428001407181612,0.00500000016666667,-0.00725640269875258));
#14445=CARTESIAN_POINT('',(0.000428004215662999,0.00500000016666699,-0.00725640109544875));
#14446=CARTESIAN_POINT('',(0.000428004161759993,0.00506000005555577,-0.00725640101310915));
#14447=CARTESIAN_POINT('',(0.000428004107856889,0.00511999994444455,-0.00725640093076961));
#14448=CARTESIAN_POINT('',(0.000428004053953688,0.00517999983333333,-0.00725640084843014));
#14449=CARTESIAN_POINT('',(0.000321718843563431,0.00498000000106913,-0.0073269411124717));
#14450=CARTESIAN_POINT('',(0.000321718843563431,0.005,-0.0073269411124717));
#14451=CARTESIAN_POINT('',(0.000369952654416749,0.00500000016666667,-0.00720865552012067));
#14452=CARTESIAN_POINT('',(0.00036991136895434,0.00500000016666667,-0.00720875678681817));
#14453=CARTESIAN_POINT('',(0.00036991136895434,0.00506000005555556,-0.00720875678681817));
#14454=CARTESIAN_POINT('',(0.00036991136895434,0.00511999994444445,-0.00720875678681817));
#14455=CARTESIAN_POINT('',(0.00036991136895434,0.00517999983333333,-0.00720875678681817));
#14456=CARTESIAN_POINT('',(0.000178756474833318,0.00498000000106913,-0.00776867423035478));
#14457=CARTESIAN_POINT('',(0.000178756474833318,0.005,-0.00776867423035478));
#14458=CARTESIAN_POINT('',(0.002834160510465,0.00498,-0.007068139534884));
#14459=CARTESIAN_POINT('',(0.002834160510465,0.005,-0.007068139534884));
#14460=CARTESIAN_POINT('',(0.002427819667442,0.005,-0.007068139534884));
#14461=CARTESIAN_POINT('',(0.0028341605104648,0.005,-0.007068139534884));
#14462=CARTESIAN_POINT('',(0.002834160510465,0.00498,-0.007068139534884));
#14463=CARTESIAN_POINT('',(0.002427819667442,0.00498,-0.007068139534884));
#14464=CARTESIAN_POINT('',(0.002702528969767,0.00498,-0.006715541424419));
#14465=CARTESIAN_POINT('',(0.002702528969767,0.005,-0.006715541424419));
#14466=CARTESIAN_POINT('',(0.00270252899890525,0.00500000016666667,-0.00671554150247049));
#14467=CARTESIAN_POINT('',(0.002702528969767,0.00500000016666667,-0.006715541424419));
#14468=CARTESIAN_POINT('',(0.002702528969767,0.00506000005555556,-0.006715541424419));
#14469=CARTESIAN_POINT('',(0.002702528969767,0.00511999994444444,-0.006715541424419));
#14470=CARTESIAN_POINT('',(0.002702528969767,0.00517999983333333,-0.006715541424419));
#14471=CARTESIAN_POINT('',(0.00414591954334127,0.00498000000106913,-0.00618534124839002));
#14472=CARTESIAN_POINT('',(0.00414591954334127,0.005,-0.00618534124839002));
#14473=CARTESIAN_POINT('',(0.00263801776720846,0.005,-0.00648641524423735));
#14474=CARTESIAN_POINT('',(0.0026380177667367,0.00500000008333333,-0.00648641524421509));
#14475=CARTESIAN_POINT('',(-0.000599688728601323,0.00498000000106913,-0.00551536531201253));
#14476=CARTESIAN_POINT('',(-0.000599688728601323,0.005,-0.00551536531201253));
#14477=CARTESIAN_POINT('',(0.00255291048116401,0.00500000016666667,-0.00673521810123928));
#14478=CARTESIAN_POINT('',(0.00255291051046541,0.00517999983333333,-0.00673521802325616));
#14479=CARTESIAN_POINT('',(0.00255291051046541,0.00511999994444445,-0.00673521802325616));
#14480=CARTESIAN_POINT('',(0.00255291051046541,0.00506000005555556,-0.00673521802325616));
#14481=CARTESIAN_POINT('',(0.00255291051046541,0.00500000016666667,-0.00673521802325616));
#14482=CARTESIAN_POINT('',(0.002427819667442,0.00498,-0.007068139534884));
#14483=CARTESIAN_POINT('',(0.002427819667442,0.005,-0.007068139534884));
#14484=CARTESIAN_POINT('',(1.09442178452E-19,0.005,-0.006975900438011));
#14485=CARTESIAN_POINT('',(-0.002752957948837,0.005,-0.007298372093023));
#14486=CARTESIAN_POINT('',(-0.002752957948837,0.005,-0.006632093023256));
#14487=CARTESIAN_POINT('',(-0.002752957948837,0.005,-0.007298372093023));
#14488=CARTESIAN_POINT('',(-0.002752957948837,0.005,-0.006632093023256));
#14489=CARTESIAN_POINT('',(-0.00298106469691916,0.00500000016666667,-0.006632093023256));
#14490=CARTESIAN_POINT('',(-0.00300785170778437,0.005,-0.00721871028285998));
#14491=CARTESIAN_POINT('',(-0.00315030532624363,0.00500000016666667,-0.00665062499776366));
#14492=CARTESIAN_POINT('',(-0.00309688630585359,0.005,-0.00680555535424893));
#14493=CARTESIAN_POINT('',(-0.003233699227907,0.00500000016666667,-0.00671532340116299));
#14494=CARTESIAN_POINT('',(-0.00309261944407487,0.005,-0.00681431896633425));
#14495=CARTESIAN_POINT('',(-0.00326476754186,0.00500000016666667,-0.00681332485465457));
#14496=CARTESIAN_POINT('',(-0.00308626306936015,0.005,-0.00681494901105361));
#14497=CARTESIAN_POINT('',(-0.00321282347595012,0.00500000016666667,-0.00694103200314865));
#14498=CARTESIAN_POINT('',(-0.0030679148999252,0.005,-0.00679716597904231));
#14499=CARTESIAN_POINT('',(-0.0030750876603655,0.00500000016666667,-0.00700196953335434));
#14500=CARTESIAN_POINT('',(-0.00300854692880135,0.005,-0.00717320839614717));
#14501=CARTESIAN_POINT('',(-0.00313150085441098,0.00500000016666667,-0.00703707124800272));
#14502=CARTESIAN_POINT('',(-0.00254539516267909,0.005,-0.00757109658510091));
#14503=CARTESIAN_POINT('',(-0.00322961133593682,0.00500000016666667,-0.00716853931488714));
#14504=CARTESIAN_POINT('',(-0.00322961129186,0.005,-0.007168539244186));
#14505=CARTESIAN_POINT('',(-0.00331055242558087,0.005,-0.007298372093023));
#14506=CARTESIAN_POINT('',(-0.003310552425581,0.005,-0.007298372093023));
#14507=CARTESIAN_POINT('',(-0.003179738472093,0.005,-0.007298372093023));
#14508=CARTESIAN_POINT('',(-0.003179738472093,0.005,-0.007298372093023));
#14509=CARTESIAN_POINT('',(-0.00312087223391509,0.00500000016666667,-0.0071938845202574));
#14510=CARTESIAN_POINT('',(-0.00258883395391838,0.005,-0.00745239941931725));
#14511=CARTESIAN_POINT('',(-0.0030088684735341,0.00500000024999943,-0.00703952810743888));
#14512=CARTESIAN_POINT('',(-0.00293331161459942,0.005,-0.00715745079542803));
#14513=CARTESIAN_POINT('',(-0.00292301600504807,0.00500000016666667,-0.007016686046512));
#14514=CARTESIAN_POINT('',(-0.002923016088372,0.005,-0.007016686046512));
#14515=CARTESIAN_POINT('',(-0.002860061873256,0.005,-0.007016686046512));
#14516=CARTESIAN_POINT('',(-0.002860061873256,0.005,-0.007016686046512));
#14517=CARTESIAN_POINT('',(-0.002860061873256,0.005,-0.007298372093023));
#14518=CARTESIAN_POINT('',(-0.002860061873256,0.005,-0.007298372093023));
#14519=CARTESIAN_POINT('',(1.09442178452E-19,0.005,-0.006975900438011));
#14520=CARTESIAN_POINT('',(1.09442178452E-19,0.005,-0.006975900438011));
#14521=CARTESIAN_POINT('',(-0.002752957948837,0.00498,-0.007298372093023));
#14522=CARTESIAN_POINT('',(-0.002752957948837,0.00498,-0.007298372093023));
#14523=CARTESIAN_POINT('',(-0.002752957948837,0.00518,-0.007298372093023));
#14524=CARTESIAN_POINT('',(-0.002752957948837,0.00518,-0.007298372093023));
#14525=CARTESIAN_POINT('',(-0.002752957948837,0.00518,-0.006632093023256));
#14526=CARTESIAN_POINT('',(-0.002752957948837,0.00498,-0.006632093023256));
#14527=CARTESIAN_POINT('',(-0.002860061873256,0.00498,-0.007298372093023));
#14528=CARTESIAN_POINT('',(-0.002860061873256,0.00498,-0.007298372093023));
#14529=CARTESIAN_POINT('',(-0.002860061873256,0.00518,-0.007298372093023));
#14530=CARTESIAN_POINT('',(-0.002860061873256,0.00518,-0.007298372093023));
#14531=CARTESIAN_POINT('',(-0.002860061873256,0.00498,-0.007016686046512));
#14532=CARTESIAN_POINT('',(-0.002860061873256,0.00498,-0.007016686046512));
#14533=CARTESIAN_POINT('',(-0.002860061873256,0.00518,-0.007016686046512));
#14534=CARTESIAN_POINT('',(-0.002860061873256,0.00518,-0.007016686046512));
#14535=CARTESIAN_POINT('',(-0.002923016088372,0.00498,-0.007016686046512));
#14536=CARTESIAN_POINT('',(-0.002923016088372,0.00500000016666667,-0.007016686046512));
#14537=CARTESIAN_POINT('',(-0.002923016088372,0.00506000005555556,-0.007016686046512));
#14538=CARTESIAN_POINT('',(-0.002923016088372,0.00511999994444445,-0.007016686046512));
#14539=CARTESIAN_POINT('',(-0.002923016088372,0.00517999983333333,-0.007016686046512));
#14540=CARTESIAN_POINT('',(-0.0029230152753696,0.00517999983333333,-0.007016686046512));
#14541=CARTESIAN_POINT('',(-0.002923016088372,0.00518,-0.007016686046512));
#14542=CARTESIAN_POINT('',(-0.00293331161459942,0.00498000000106913,-0.00715745079542803));
#14543=CARTESIAN_POINT('',(-0.00300916222852567,0.00500000025020345,-0.00703905006387277));
#14544=CARTESIAN_POINT('',(-0.00300916320647742,0.00506000016674984,-0.0070390506903743));
#14545=CARTESIAN_POINT('',(-0.00300916418442139,0.00512000008329623,-0.00703905131688795));
#14546=CARTESIAN_POINT('',(-0.00300916516235761,0.00517999999984263,-0.00703905194341372));
#14547=CARTESIAN_POINT('',(-0.00300885633394775,0.00518,-0.00703951898388165));
#14548=CARTESIAN_POINT('',(-0.00293331161459942,0.00518,-0.00715745079542803));
#14549=CARTESIAN_POINT('',(-0.00258883395391838,0.00498000000106913,-0.00745239941931725));
#14550=CARTESIAN_POINT('',(-0.00312087219302309,0.00517999983333333,-0.00719388444767395));
#14551=CARTESIAN_POINT('',(-0.00312087219302309,0.00511999994444445,-0.00719388444767395));
#14552=CARTESIAN_POINT('',(-0.00312087219302309,0.00506000005555556,-0.00719388444767395));
#14553=CARTESIAN_POINT('',(-0.00312087219302309,0.00500000016666667,-0.00719388444767395));
#14554=CARTESIAN_POINT('',(-0.00312087223391509,0.00517999983333333,-0.0071938845202574));
#14555=CARTESIAN_POINT('',(-0.00258883395391838,0.00518,-0.00745239941931725));
#14556=CARTESIAN_POINT('',(-0.003179738472093,0.00498,-0.007298372093023));
#14557=CARTESIAN_POINT('',(-0.003179738472093,0.00498,-0.007298372093023));
#14558=CARTESIAN_POINT('',(-0.003179738472093,0.00518,-0.007298372093023));
#14559=CARTESIAN_POINT('',(-0.003179738472093,0.00518,-0.007298372093023));
#14560=CARTESIAN_POINT('',(-0.003310552425581,0.00498,-0.007298372093023));
#14561=CARTESIAN_POINT('',(-0.003310552425581,0.00498,-0.007298372093023));
#14562=CARTESIAN_POINT('',(-0.00331055242558087,0.00518,-0.007298372093023));
#14563=CARTESIAN_POINT('',(-0.003310552425581,0.00518,-0.007298372093023));
#14564=CARTESIAN_POINT('',(-0.00322961129186,0.00498,-0.007168539244186));
#14565=CARTESIAN_POINT('',(-0.00322961129186,0.00500000016666667,-0.007168539244186));
#14566=CARTESIAN_POINT('',(-0.00322961129186,0.00506000005555556,-0.007168539244186));
#14567=CARTESIAN_POINT('',(-0.00322961129186,0.00511999994444445,-0.007168539244186));
#14568=CARTESIAN_POINT('',(-0.00322961129186,0.00517999983333333,-0.007168539244186));
#14569=CARTESIAN_POINT('',(-0.00322961133593682,0.00517999983333333,-0.00716853931488714));
#14570=CARTESIAN_POINT('',(-0.00322961129186,0.00518,-0.007168539244186));
#14571=CARTESIAN_POINT('',(-0.00254539516267909,0.00498000000106913,-0.00757109658510091));
#14572=CARTESIAN_POINT('',(-0.00313189428617652,0.00500000016666662,-0.00703671288284182));
#14573=CARTESIAN_POINT('',(-0.00313189431068453,0.00506000005555549,-0.00703671290973996));
#14574=CARTESIAN_POINT('',(-0.00313189433519254,0.00511999994444437,-0.00703671293663811));
#14575=CARTESIAN_POINT('',(-0.00313189435970055,0.00517999983333324,-0.00703671296353625));
#14576=CARTESIAN_POINT('',(-0.00313150088065485,0.00517999983333333,-0.00703707127367137));
#14577=CARTESIAN_POINT('',(-0.00254539516267909,0.00518,-0.00757109658510091));
#14578=CARTESIAN_POINT('',(-0.00300854692880135,0.00498000000106913,-0.00717320839614717));
#14579=CARTESIAN_POINT('',(-0.00307503934459311,0.00500000016666667,-0.00700209291194016));
#14580=CARTESIAN_POINT('',(-0.00307503934459311,0.00506000005555556,-0.00700209291194016));
#14581=CARTESIAN_POINT('',(-0.00307503934459311,0.00511999994444444,-0.00700209291194016));
#14582=CARTESIAN_POINT('',(-0.00307503934459311,0.00517999983333333,-0.00700209291194016));
#14583=CARTESIAN_POINT('',(-0.00307508766036573,0.00517999983333333,-0.00700196953335474));
#14584=CARTESIAN_POINT('',(-0.00300854692880135,0.00518,-0.00717320839614717));
#14585=CARTESIAN_POINT('',(-0.0030679148999252,0.00498000000106913,-0.00679716597904231));
#14586=CARTESIAN_POINT('',(-0.00321303337219047,0.00500000016666671,-0.00694124049230156));
#14587=CARTESIAN_POINT('',(-0.00321303339794516,0.00506000005555559,-0.00694124046636025));
#14588=CARTESIAN_POINT('',(-0.00321303342369984,0.00511999994444446,-0.00694124044041894));
#14589=CARTESIAN_POINT('',(-0.00321303344945451,0.00517999983333333,-0.00694124041447762));
#14590=CARTESIAN_POINT('',(-0.00321282350116301,0.00517999983333333,-0.00694103197674399));
#14591=CARTESIAN_POINT('',(-0.0030679148999252,0.00518,-0.00679716597904231));
#14592=CARTESIAN_POINT('',(-0.00308626306936015,0.00498000000106913,-0.00681494901105361));
#14593=CARTESIAN_POINT('',(-0.00326474884767676,0.00500000016666667,-0.00681332502474353));
#14594=CARTESIAN_POINT('',(-0.00326474884767676,0.00506000005555556,-0.00681332502474353));
#14595=CARTESIAN_POINT('',(-0.00326474884767676,0.00511999994444444,-0.00681332502474353));
#14596=CARTESIAN_POINT('',(-0.00326474884767676,0.00517999983333333,-0.00681332502474353));
#14597=CARTESIAN_POINT('',(-0.00326476754186,0.00517999983333333,-0.00681332485465457));
#14598=CARTESIAN_POINT('',(-0.00308626306936015,0.00518,-0.00681494901105361));
#14599=CARTESIAN_POINT('',(-0.00309261944407487,0.00498000000106913,-0.00681431896633425));
#14600=CARTESIAN_POINT('',(-0.00323359630163564,0.00500000016666667,-0.00671539562444069));
#14601=CARTESIAN_POINT('',(-0.00323359630163564,0.00506000005555556,-0.00671539562444069));
#14602=CARTESIAN_POINT('',(-0.00323359630163564,0.00511999994444444,-0.00671539562444069));
#14603=CARTESIAN_POINT('',(-0.00323359630163564,0.00517999983333333,-0.00671539562444069));
#14604=CARTESIAN_POINT('',(-0.003233699227907,0.00517999983333333,-0.00671532340116299));
#14605=CARTESIAN_POINT('',(-0.00309261944407487,0.00518,-0.00681431896633425));
#14606=CARTESIAN_POINT('',(-0.00309688630585359,0.00498000000106913,-0.00680555535424893));
#14607=CARTESIAN_POINT('',(-0.00315029437713688,0.00500000016666667,-0.00665065677383377));
#14608=CARTESIAN_POINT('',(-0.00315029437713688,0.00506000005555556,-0.00665065677383377));
#14609=CARTESIAN_POINT('',(-0.00315029437713688,0.00511999994444444,-0.00665065677383377));
#14610=CARTESIAN_POINT('',(-0.00315029437713688,0.00517999983333333,-0.00665065677383377));
#14611=CARTESIAN_POINT('',(-0.00315030532940081,0.00517999983333333,-0.00665062499888183));
#14612=CARTESIAN_POINT('',(-0.00309688630585359,0.00518,-0.00680555535424893));
#14613=CARTESIAN_POINT('',(-0.00300785170778437,0.00498000000106913,-0.00721871028285998));
#14614=CARTESIAN_POINT('',(-0.002981064780233,0.00517999983333333,-0.006632093023256));
#14615=CARTESIAN_POINT('',(-0.002981064780233,0.00511999994444445,-0.006632093023256));
#14616=CARTESIAN_POINT('',(-0.002981064780233,0.00506000005555556,-0.006632093023256));
#14617=CARTESIAN_POINT('',(-0.002981064780233,0.00500000016666667,-0.006632093023256));
#14618=CARTESIAN_POINT('',(-0.00298106469691916,0.00517999983333333,-0.006632093023256));
#14619=CARTESIAN_POINT('',(-0.00300785170778437,0.00518,-0.00721871028285998));
#14620=CARTESIAN_POINT('',(-0.002752957948837,0.00498,-0.006632093023256));
#14621=CARTESIAN_POINT('',(-0.002752957948837,0.00518,-0.006632093023256));
#14622=CARTESIAN_POINT('',(-0.003013471060347,0.00518,-0.006955121652991));
#14623=CARTESIAN_POINT('',(-0.002860061873256,0.00518,-0.00692511627907));
#14624=CARTESIAN_POINT('',(-0.002860061873256,0.00518,-0.00692511627907));
#14625=CARTESIAN_POINT('',(-0.0029900581562172,0.00517999983333333,-0.00692511627907));
#14626=CARTESIAN_POINT('',(-0.002860061873256,0.00518,-0.006722027616279));
#14627=CARTESIAN_POINT('',(-0.002860061873256,0.00518,-0.006722027616279));
#14628=CARTESIAN_POINT('',(-0.002981882367442,0.00518,-0.006722027616279));
#14629=CARTESIAN_POINT('',(-0.00298187667346593,0.00517999975000172,-0.006722027616279));
#14630=CARTESIAN_POINT('',(-0.0030013840407101,0.00518,-0.00708358978634011));
#14631=CARTESIAN_POINT('',(-0.00308936782408504,0.00517999983333333,-0.00673363735125863));
#14632=CARTESIAN_POINT('',(-0.0030550469653022,0.00518,-0.00682505047512829));
#14633=CARTESIAN_POINT('',(-0.00313477117558087,0.00517999983333333,-0.0067689026162788));
#14634=CARTESIAN_POINT('',(-0.00305964296197958,0.00518,-0.00682100928886978));
#14635=CARTESIAN_POINT('',(-0.003151122919767,0.00517999983333333,-0.00682231831395523));
#14636=CARTESIAN_POINT('',(-0.00305916113801162,0.00518,-0.00682574259886761));
#14637=CARTESIAN_POINT('',(-0.00311716579763929,0.00517999983333333,-0.00689693677328486));
#14638=CARTESIAN_POINT('',(-0.00301238728145126,0.00518,-0.00670443450037202));
#14639=CARTESIAN_POINT('',(-0.002860061873256,0.00498,-0.00692511627907));
#14640=CARTESIAN_POINT('',(-0.002860061873256,0.005,-0.00692511627907));
#14641=CARTESIAN_POINT('',(-0.00299005044641564,0.00500000024999851,-0.00692511627907));
#14642=CARTESIAN_POINT('',(-0.002860061873256,0.005,-0.00692511627907));
#14643=CARTESIAN_POINT('',(-0.002860061873256,0.00498,-0.00692511627907));
#14644=CARTESIAN_POINT('',(-0.002990058239535,0.00517999983333333,-0.00692511627907));
#14645=CARTESIAN_POINT('',(-0.002990058239535,0.00511999997222173,-0.00692511627907));
#14646=CARTESIAN_POINT('',(-0.002990058239535,0.00506000011111012,-0.00692511627907));
#14647=CARTESIAN_POINT('',(-0.002990058239535,0.00500000024999851,-0.00692511627907));
#14648=CARTESIAN_POINT('',(-0.002860061873256,0.00498,-0.006722027616279));
#14649=CARTESIAN_POINT('',(-0.002860061873256,0.005,-0.006722027616279));
#14650=CARTESIAN_POINT('',(-0.002860061873256,0.005,-0.006722027616279));
#14651=CARTESIAN_POINT('',(-0.002860061873256,0.00498,-0.006722027616279));
#14652=CARTESIAN_POINT('',(-0.002981882367442,0.00498,-0.006722027616279));
#14653=CARTESIAN_POINT('',(-0.002981882367442,0.005,-0.006722027616279));
#14654=CARTESIAN_POINT('',(-0.00298188228412175,0.00500000016666667,-0.006722027616279));
#14655=CARTESIAN_POINT('',(-0.002981882367442,0.00500000016666667,-0.006722027616279));
#14656=CARTESIAN_POINT('',(-0.002981882367442,0.00506000002777835,-0.006722027616279));
#14657=CARTESIAN_POINT('',(-0.002981882367442,0.00511999988889003,-0.006722027616279));
#14658=CARTESIAN_POINT('',(-0.002981882367442,0.00517999975000172,-0.006722027616279));
#14659=CARTESIAN_POINT('',(-0.0030013840407101,0.00498000000106913,-0.00708358978634011));
#14660=CARTESIAN_POINT('',(-0.0030013840407101,0.005,-0.00708358978634011));
#14661=CARTESIAN_POINT('',(-0.00308936677442456,0.00500000008333333,-0.00673363693103121));
#14662=CARTESIAN_POINT('',(-0.00308954191911826,0.0050000000833763,-0.00673293100662187));
#14663=CARTESIAN_POINT('',(-0.00308954300793326,0.00506000000002876,-0.00673293128035699));
#14664=CARTESIAN_POINT('',(-0.00308954409674698,0.00511999991668122,-0.00673293155409717));
#14665=CARTESIAN_POINT('',(-0.00308954518555943,0.00517999983333368,-0.00673293182784242));
#14666=CARTESIAN_POINT('',(-0.0030550469653022,0.00498000000106913,-0.00682505047512829));
#14667=CARTESIAN_POINT('',(-0.0030550469653022,0.005,-0.00682505047512829));
#14668=CARTESIAN_POINT('',(-0.00313477108107858,0.00500000016666667,-0.00676890247956626));
#14669=CARTESIAN_POINT('',(-0.00313481305477905,0.00500000016666759,-0.00676887251163082));
#14670=CARTESIAN_POINT('',(-0.00313481315052338,0.00506000005555617,-0.00676887264757649));
#14671=CARTESIAN_POINT('',(-0.00313481324626736,0.00511999994444475,-0.0067688727835224));
#14672=CARTESIAN_POINT('',(-0.003134813342011,0.00517999983333333,-0.00676887291946856));
#14673=CARTESIAN_POINT('',(-0.00305964296197958,0.00498000000106913,-0.00682100928886978));
#14674=CARTESIAN_POINT('',(-0.00305964296197958,0.005,-0.00682100928886978));
#14675=CARTESIAN_POINT('',(-0.0031511229197651,0.00500000008333333,-0.00682231794276374));
#14676=CARTESIAN_POINT('',(-0.00315107639313445,0.00500000008333793,-0.00682231653519649));
#14677=CARTESIAN_POINT('',(-0.00315107638783132,0.00506000000000306,-0.00682231690611607));
#14678=CARTESIAN_POINT('',(-0.00315107638252594,0.0051199999166682,-0.00682231727703561));
#14679=CARTESIAN_POINT('',(-0.00315107637721829,0.00517999983333333,-0.00682231764795512));
#14680=CARTESIAN_POINT('',(-0.00305916113801162,0.00498000000106913,-0.00682574259886761));
#14681=CARTESIAN_POINT('',(-0.00305916113801162,0.005,-0.00682574259886761));
#14682=CARTESIAN_POINT('',(-0.00311716605432837,0.00500000008333333,-0.00689693656026805));
#14683=CARTESIAN_POINT('',(-0.00311717717159769,0.00500000008333704,-0.00689694914876771));
#14684=CARTESIAN_POINT('',(-0.00311717691293252,0.00506000000000247,-0.00689694935951697));
#14685=CARTESIAN_POINT('',(-0.0031171766542662,0.0051199999166679,-0.00689694957026481));
#14686=CARTESIAN_POINT('',(-0.00311717639559873,0.00517999983333333,-0.00689694978101125));
#14687=CARTESIAN_POINT('',(-0.00301238728145126,0.00498000000106913,-0.00670443450037202));
#14688=CARTESIAN_POINT('',(-0.00301238728145126,0.005,-0.00670443450037202));
#14689=CARTESIAN_POINT('',(1.09442178452E-19,0.005,-0.006975900438011));
#14690=CARTESIAN_POINT('',(0.,0.,0.));
#14691=MECHANICAL_DESIGN_GEOMETRIC_PRESENTATION_REPRESENTATION('',(#8093,
#8094,#8095),#14692);
#14692=(
GEOMETRIC_REPRESENTATION_CONTEXT(3)
GLOBAL_UNCERTAINTY_ASSIGNED_CONTEXT((#14696))
GLOBAL_UNIT_ASSIGNED_CONTEXT((#14702,#14701,#14700))
REPRESENTATION_CONTEXT('XT30PW-M','TOP_LEVEL_ASSEMBLY_PART')
);
#14693=(
GEOMETRIC_REPRESENTATION_CONTEXT(3)
GLOBAL_UNCERTAINTY_ASSIGNED_CONTEXT((#14697))
GLOBAL_UNIT_ASSIGNED_CONTEXT((#14702,#14701,#14700))
REPRESENTATION_CONTEXT('fixture_003','COMPONENT_PART')
);
#14694=(
GEOMETRIC_REPRESENTATION_CONTEXT(3)
GLOBAL_UNCERTAINTY_ASSIGNED_CONTEXT((#14698))
GLOBAL_UNIT_ASSIGNED_CONTEXT((#14702,#14701,#14700))
REPRESENTATION_CONTEXT('Pin_M_001','COMPONENT_PART')
);
#14695=(
GEOMETRIC_REPRESENTATION_CONTEXT(3)
GLOBAL_UNCERTAINTY_ASSIGNED_CONTEXT((#14699))
GLOBAL_UNIT_ASSIGNED_CONTEXT((#14702,#14701,#14700))
REPRESENTATION_CONTEXT('XT30PW-M_base','COMPONENT_PART')
);
#14696=UNCERTAINTY_MEASURE_WITH_UNIT(LENGTH_MEASURE(1.E-8),#14702,
'DISTANCE_ACCURACY_VALUE','Maximum Tolerance applied to model');
#14697=UNCERTAINTY_MEASURE_WITH_UNIT(LENGTH_MEASURE(1.E-8),#14702,
'DISTANCE_ACCURACY_VALUE','Maximum Tolerance applied to model');
#14698=UNCERTAINTY_MEASURE_WITH_UNIT(LENGTH_MEASURE(2.E-5),#14702,
'DISTANCE_ACCURACY_VALUE','Maximum Tolerance applied to model');
#14699=UNCERTAINTY_MEASURE_WITH_UNIT(LENGTH_MEASURE(2.E-5),#14702,
'DISTANCE_ACCURACY_VALUE','Maximum Tolerance applied to model');
#14700=(
NAMED_UNIT(*)
SI_UNIT($,.STERADIAN.)
SOLID_ANGLE_UNIT()
);
#14701=(
NAMED_UNIT(*)
PLANE_ANGLE_UNIT()
SI_UNIT($,.RADIAN.)
);
#14702=(
LENGTH_UNIT()
NAMED_UNIT(*)
SI_UNIT($,.METRE.)
);
#14703=PRODUCT_DEFINITION_SHAPE('','',#14712);
#14704=PRODUCT_DEFINITION_SHAPE('','',#14713);
#14705=PRODUCT_DEFINITION_SHAPE(' ','NAUO PRDDFN',#1181);
#14706=PRODUCT_DEFINITION_SHAPE('','',#14714);
#14707=PRODUCT_DEFINITION_SHAPE(' ','NAUO PRDDFN',#1182);
#14708=PRODUCT_DEFINITION_SHAPE(' ','NAUO PRDDFN',#1183);
#14709=PRODUCT_DEFINITION_SHAPE(' ','NAUO PRDDFN',#1184);
#14710=PRODUCT_DEFINITION_SHAPE('','',#14715);
#14711=PRODUCT_DEFINITION_SHAPE(' ','NAUO PRDDFN',#1185);
#14712=PRODUCT_DEFINITION('','',#14720,#14716);
#14713=PRODUCT_DEFINITION('','',#14721,#14717);
#14714=PRODUCT_DEFINITION('','',#14722,#14718);
#14715=PRODUCT_DEFINITION('','',#14723,#14719);
#14716=PRODUCT_DEFINITION_CONTEXT('',#14741,'design');
#14717=PRODUCT_DEFINITION_CONTEXT('',#14741,'design');
#14718=PRODUCT_DEFINITION_CONTEXT('',#14741,'design');
#14719=PRODUCT_DEFINITION_CONTEXT('',#14741,'design');
#14720=PRODUCT_DEFINITION_FORMATION_WITH_SPECIFIED_SOURCE('','',#14728,
 .NOT_KNOWN.);
#14721=PRODUCT_DEFINITION_FORMATION_WITH_SPECIFIED_SOURCE('','',#14729,
 .NOT_KNOWN.);
#14722=PRODUCT_DEFINITION_FORMATION_WITH_SPECIFIED_SOURCE('','',#14730,
 .NOT_KNOWN.);
#14723=PRODUCT_DEFINITION_FORMATION_WITH_SPECIFIED_SOURCE('','',#14731,
 .NOT_KNOWN.);
#14724=PRODUCT_RELATED_PRODUCT_CATEGORY('','',(#14728));
#14725=PRODUCT_RELATED_PRODUCT_CATEGORY('','',(#14729));
#14726=PRODUCT_RELATED_PRODUCT_CATEGORY('','',(#14730));
#14727=PRODUCT_RELATED_PRODUCT_CATEGORY('','',(#14731));
#14728=PRODUCT('XT30PW-M','XT30PW-M','XT30PW-M',(#14736));
#14729=PRODUCT('fixture_003','fixture_003','fixture_003',(#14737));
#14730=PRODUCT('Pin_M_001','Pin_M_001','Pin_M_001',(#14738));
#14731=PRODUCT('XT30PW-M_base','XT30PW-M_base','XT30PW-M_base',(#14739));
#14732=PRODUCT_CATEGORY('','');
#14733=PRODUCT_CATEGORY('','');
#14734=PRODUCT_CATEGORY('','');
#14735=PRODUCT_CATEGORY('','');
#14736=PRODUCT_CONTEXT('',#14741,'mechanical');
#14737=PRODUCT_CONTEXT('',#14741,'mechanical');
#14738=PRODUCT_CONTEXT('',#14741,'mechanical');
#14739=PRODUCT_CONTEXT('',#14741,'mechanical');
#14740=APPLICATION_PROTOCOL_DEFINITION('international standard',
'ap242_managed_model_based_3d_engineering',2020,#14741);
#14741=APPLICATION_CONTEXT('managed model based 3d engineering');
ENDSEC;
END-ISO-10303-21;
